id,site,image_url,width,height,published_at,name,description,page_url,names,descriptions,page_urls,source_count,tags
1620,irasutoya,https://blogger.googleusercontent.com/img/b/R29vZ2xl/AVvXsEgtwwHDGA5IWe7OaegDciiN5PR6mmZRRv-yMcoLKm4-sWHGf-LbD8prW_LRys1Za1hEr0V2uvCJn8eGyJSdJ5gn_TgE5ata1MDJ8c7rdSQINItxsosgXf88ppRb9Bp9J3ENxB-SZlh_jrk/s1600/valentine_chocolates.png,678,466,2013-01-31,トリュフ チョコレートのイラスト,丸いものや四角いものなど、いろいろな種類のトリュフチョコレートのイラストです。,https://www.irasutoya.com/2013/01/blog-post_2472.html,トリュフ チョコレートのイラスト,丸いものや四角いものなど、いろいろな種類のトリュフチョコレートのイラストです。,https://www.irasutoya.com/2013/01/blog-post_2472.html,1,スイーツ|バレンタイン
1619,irasutoya,https://blogger.googleusercontent.com/img/b/R29vZ2xl/AVvXsEiApqzxHG2dadosHjCrWl3TagIKYj5FxfmMXAkwT1WiUdP4gE_dmbktBtPoLhbKQEGj-sJ-FIihXyTQGr3IGUkQfxd29yoXitPJ4woKw78V1AHErVtwN0nrAaZ4HwpGsODZUVAbEdcaYYDp/s800/mushi_kamemushi.png,604,586,2013-01-31,カメムシのイラスト,臭い匂いを出す虫、カメムシのイラストです。,https://www.irasutoya.com/2013/01/blog-post_2190.html,カメムシのイラスト,臭い匂いを出す虫、カメムシのイラストです。,https://www.irasutoya.com/2013/01/blog-post_2190.html,1,虫
1618,irasutoya,https://blogger.googleusercontent.com/img/b/R29vZ2xl/AVvXsEhH9lQWcreewJKDtCdBpPJDW0VtFUnIGQeZwB1xUjvdt_oUv73Gm2N_FvcrgWR9e7xz06MoKpY8f6HYagU3k8_VBJwyysEtyhyphenhyphenw8Z4DLc3wIrVNWrxpc7lGozEB2OJlGfJ5y0MQ2AdKdCMH/s800/kenkoushindan_mri_man.png,800,589,2013-01-31,MRI・CTスキャンのイラスト（健康診断）,男性がMRI（CTスキャン）に入っているイラストです。,https://www.irasutoya.com/2013/01/mri.html,MRI・CTスキャンのイラスト（健康診断）,男性がMRI（CTスキャン）に入っているイラストです。,https://www.irasutoya.com/2013/01/mri.html,1,健康診断|医療|医療機器|機械
1617,irasutoya,https://blogger.googleusercontent.com/img/b/R29vZ2xl/AVvXsEghT_EanYXer3kZtXltSUVw8gNbbaFmRXecIi29J98pFZAZk0BYZL1aaXRE1eiHFxP7CQGC8NoiB13KeuNgLmDnHbJpL1Utu4cEjq2MV0_ExcyM-8HMZr18_CqORZJrE-kCzqEwMoMQlzrc/s800/kaden_taijukei.png,480,456,2013-01-31,体重計のイラスト,黄緑色の可愛い体重計のイラストです。,https://www.irasutoya.com/2013/01/blog-post_6684.html,体重計のイラスト,黄緑色の可愛い体重計のイラストです。,https://www.irasutoya.com/2013/01/blog-post_6684.html,1,メタボリック|医療機器|家電
1628,irasutoya,https://blogger.googleusercontent.com/img/b/R29vZ2xl/AVvXsEgdPKMeJDn4WdRIgtPJPwG4dF6_cdxyIKe3y8DBVemucyMlsKuGJ7E9xseuo5MBWRzYHKmqN3hzvVDKG_1VeCPnnj7X_r-4giLdUXRHJr4wfMZ7BZlnKryYDVl6uoC6VdZ6Mw_kxlWXqqY/s1600/valentine_tedukuri_girl.png,670,802,2013-01-30,チョコレートを手作りしている女の子のイラスト,バレンタインにハート型のチョコレートを手作りしている女の子のイラストです。,https://www.irasutoya.com/2013/01/blog-post_6914.html,チョコレートを手作りしている女の子のイラスト,バレンタインにハート型のチョコレートを手作りしている女の子のイラストです。,https://www.irasutoya.com/2013/01/blog-post_6914.html,1,スイーツ|バレンタイン|料理
1627,irasutoya,https://blogger.googleusercontent.com/img/b/R29vZ2xl/AVvXsEi57EvrrqZ1tiCour4y_9RSuxpJ_GwE7lXm-P4Ozp3R1RneqI47fMfEI7k4pG77z6zJyuciu5B1YNsIdxFyAAR6EQesF-Db1teP_5AK2OfWc1BqlT7yvpp_ckJgRJRxA2CwN9F7hXEF5SG-/s800/mushi_kamakiri.png,632,529,2013-01-30,カマキリのイラスト,大きな鎌を持った虫、カマキリのイラストです。,https://www.irasutoya.com/2013/01/blog-post_3254.html,カマキリのイラスト,大きな鎌を持った虫、カマキリのイラストです。,https://www.irasutoya.com/2013/01/blog-post_3254.html,1,虫
1626,irasutoya,https://blogger.googleusercontent.com/img/b/R29vZ2xl/AVvXsEi0JwgvLtRhElF3Oj8wiQSVYkHSrIrI3cbXIbwfSlThtHr0l4Nhmskxg1_PIeIymf4cMAE0xaKkq9IQyOXbAW-v0RT3jsrVG97NduSH6x_GZcls3I92r-aLoDKMoK9xl-1pciYYLRc03cc/s1600/kenkoushindan_monshin.png,730,720,2013-01-30,問診のイラスト（健康診断）,お医者さんが検査着を着た男性を問診しているイラストです。,https://www.irasutoya.com/2013/01/blog-post_8604.html,問診のイラスト（健康診断）,お医者さんが検査着を着た男性を問診しているイラストです。,https://www.irasutoya.com/2013/01/blog-post_8604.html,1,健康診断|医療
1625,irasutoya,https://blogger.googleusercontent.com/img/b/R29vZ2xl/AVvXsEhQEmliV7YUo0l3xgipthOQ4BGhIgwnDu31vYI0KbjD6yTYbZfhnXi4gPJTU2Oam8-d_QI62hNngDDOwZc2FVSFxkYrKolbRzXmgcu-z9H209ERJgyooKa19zLBmbW9jJuENHive1QSpobf/s800/kaden_tablet.png,484,450,2013-01-30,タブレットPCのイラスト,iPadなどの、タブレットPCのイラストです。,https://www.irasutoya.com/2013/01/pc.html,タブレットPCのイラスト,iPadなどの、タブレットPCのイラストです。,https://www.irasutoya.com/2013/01/pc.html,1,コンピューター|スマートフォン|家電
1624,irasutoya,https://blogger.googleusercontent.com/img/b/R29vZ2xl/AVvXsEg1dx2MefWlm75SGRbtVFkLm0tHTkq9CG7jS9dg6fHW8v8x1BEi53PkKO8eNqxQ34hBSwAOzKH0_5dCubOjkUIbal8cczuWwzTy41oqERg1Gr1T7QCyiMwqq-XnsT0lUwW7G_8emQ5Jg2s/s800/building_apart2.png,750,682,2013-01-30,アパートのイラスト（建物）,小さな２階建ての賃貸の集合住宅のイラストです。,https://www.irasutoya.com/2013/01/blog-post_2706.html,アパートのイラスト（建物）,小さな２階建ての賃貸の集合住宅のイラストです。,https://www.irasutoya.com/2013/01/blog-post_2706.html,1,リクエスト|建物
1623,irasutoya,https://blogger.googleusercontent.com/img/b/R29vZ2xl/AVvXsEjK16GsAq85QLIKqMjWP00p2b3dbgOfL8hbdz33-tYoitm8oYF-C96A0wVOM0qjA0StGuOyFbNFCE_OoYbvOLW-EjsBSyuhw5NaZBXTf3QMvQnfWpk7RQaw0m86YCk-Ee_0d1OXmQLkMvqd/s1600/music_acostic_guitar.png,473,805,2013-01-30,アコースティックギターのイラスト,弦楽器、アコースティック・ギターのイラストです。,https://www.irasutoya.com/2013/01/blog-post_9824.html,アコースティックギターのイラスト,弦楽器、アコースティック・ギターのイラストです。,https://www.irasutoya.com/2013/01/blog-post_9824.html,1,楽器
1622,irasutoya,https://blogger.googleusercontent.com/img/b/R29vZ2xl/AVvXsEi6pEt9MmG_EVSTHJv-RUtWUSPUPLFRZPGXzNvgkFqbPtDa9HtDYx4zqQ-DXt4M6foUMCqyn47lpGUFAOrR1tcnQUVj3fEn72k4nWaN8dhJDQcBhDBDMU7jeeRTBdAbif4OnBfDMqNU51_k/s800/fish_tai.png,662,417,2013-01-30,タイのイラスト（魚）,高級魚、シンプルにデフォルメされたかわいい魚の鯛（タイ）のイラストです。,https://www.irasutoya.com/2013/01/blog-post_30.html,タイのイラスト（魚）,高級魚、シンプルにデフォルメされたかわいい魚の鯛（タイ）のイラストです。,https://www.irasutoya.com/2013/01/blog-post_30.html,1,キャラクター|魚
1621,irasutoya,https://blogger.googleusercontent.com/img/b/R29vZ2xl/AVvXsEh4OtFRZtapNDPn429Ep1-7OkmB4wk7AqWgo2xdX9txYCk_i9PwT-DHiZ3tWAo4bzVAXzwfNtXaMemG8MhKR7xbvJ8nCB8juQcn5GTqYPIOhsENpPBiFXhqT_XmeDrvZmqC1UbqgxsFXCA/s800/building_high2.png,705,800,2013-01-30,ビルのイラスト（建物）,オフィスなどが入っている高層ビル（ビルディング・タワーマンション）のイラストです。,https://www.irasutoya.com/2013/01/blog-post_693.html,ビルのイラスト（建物）,オフィスなどが入っている高層ビル（ビルディング・タワーマンション）のイラストです。,https://www.irasutoya.com/2013/01/blog-post_693.html,1,リクエスト|建物
1636,irasutoya,https://blogger.googleusercontent.com/img/b/R29vZ2xl/AVvXsEjJS4nIYyCkrbrxRg-EI6Mtzj_yf9B8Xh4gjK3vps63kW67Qvwt1K6vPQs8oMgUky8MMWANaGGEOehqg89wGNIB-fGucjYH-J87ULYjkhahkQcQ7ta9GzanITxDVG5RMLUmKS9w9v8Ix30/s1600/heart_love.png,422,360,2013-01-29,ハート型のチョコレートのイラスト「LOVEチョコ」,「LOVE」と書かれた、ハート型のチョコレートのイラストです。,https://www.irasutoya.com/2013/01/love_29.html,ハート型のチョコレートのイラスト「LOVEチョコ」,「LOVE」と書かれた、ハート型のチョコレートのイラストです。,https://www.irasutoya.com/2013/01/love_29.html,1,スイーツ|バレンタイン
1635,irasutoya,https://blogger.googleusercontent.com/img/b/R29vZ2xl/AVvXsEjpNeKRFy6SC33HVlXErAjpCqR7ASRVgSc0MnnhceLFtzMOQOHnTRL-PXlC1oHG1ArF7FsbLLtzCpwfQpvlLxdxB0vYu3wsWABpTbpT5viVjKwh8LB_1mJ6DtImRyEU63sLlF3BrURLTFNb/s800/mushi_kabutomushi_mesu.png,636,404,2013-01-29,カブトムシのイラスト（メス）,夏の虫、カブトムシのイラストです。ツノのないメスです。,https://www.irasutoya.com/2013/01/blog-post_1085.html,カブトムシのイラスト（メス）,夏の虫、カブトムシのイラストです。ツノのないメスです。,https://www.irasutoya.com/2013/01/blog-post_1085.html,1,夏|虫
1634,irasutoya,https://blogger.googleusercontent.com/img/b/R29vZ2xl/AVvXsEgdVqb9vSBaVOUCmGg7mYHVHXgT2ykDFK3ts8nIAxnOx-fFN8cH_q81AMszq0Vpk5300DwIuP0eyifpeCStNmf1p7UMq-hDA1NaBpWXMgB4q2QvtKReTemf0uq3-P_Vq0eTNr7rWCg0jOE/s1600/kenkoushindan_man.png,385,863,2013-01-29,検査着の男性のイラスト（健康診断）,健康診断の検査着を着た、男性のイラストです。,https://www.irasutoya.com/2013/01/blog-post_4487.html,検査着の男性のイラスト（健康診断）,健康診断の検査着を着た、男性のイラストです。,https://www.irasutoya.com/2013/01/blog-post_4487.html,1,健康診断|医療
1633,irasutoya,https://blogger.googleusercontent.com/img/b/R29vZ2xl/AVvXsEgn_BIfrfy6DdK4PIFFaKgdteikkJvJDcboSGXtfIqSyZJ09TcCUHJFTAjGe1BV50Fzqc7oK9wSC75DsN-Ta3MEya_KAOVqdOycRfuMJkOp5Yu0Yl-7LY2XxuZ7ce_hcsU9tyIEnkPmrJg/s1600/setsubun_akaoni_mame.png,740,798,2013-01-29,赤鬼のイラスト「節分の豆まき」,豆まきから逃げるかわいい赤鬼のイラストです。,https://www.irasutoya.com/2013/01/blog-post_9572.html,赤鬼のイラスト「節分の豆まき」,豆まきから逃げるかわいい赤鬼のイラストです。,https://www.irasutoya.com/2013/01/blog-post_9572.html,1,節分
1632,irasutoya,https://blogger.googleusercontent.com/img/b/R29vZ2xl/AVvXsEj3CJs5h_31Y-rmGE0Vyhm-ehYpyKYmvYsIaF_enJOhloGOYZcmKqqttULPqZe1xhXpztjzju2wvv_LbnQ5WEYvkyLBPMR6rcDlqFizQq4N8B9GoTg4yE5fXzwR8mfRNMy8auc35lhssV1y/s800/kaden_stand+(1).png,465,534,2013-01-29,電気スタンドのイラスト,オレンジ色のかわいい電気スタンドのイラストです。,https://www.irasutoya.com/2013/01/blog-post_93.html,電気スタンドのイラスト,オレンジ色のかわいい電気スタンドのイラストです。,https://www.irasutoya.com/2013/01/blog-post_93.html,1,受験|家電
1631,irasutoya,https://blogger.googleusercontent.com/img/b/R29vZ2xl/AVvXsEjeH05kc9iTIdYB8n7cdchDjz-CgY1NbuBso40nD1yppB57oSrw50tKCTWhFX6xTItuC2_dw8a2EDs3fMfjvptiAOzuFE-reCd7c9RUiNEyw-Qm245-v0MP_W4vVqo5pUACxGfeA5IYA4Ti/s800/fish_shark.png,691,399,2013-01-29,サメのイラスト（魚）,海の王者、かわいいサメのイラストです。,https://www.irasutoya.com/2013/01/blog-post_29.html,サメのイラスト（魚）,海の王者、かわいいサメのイラストです。,https://www.irasutoya.com/2013/01/blog-post_29.html,1,魚
1630,irasutoya,https://blogger.googleusercontent.com/img/b/R29vZ2xl/AVvXsEhM0CGfpicD5rWtw0xoe-z-LS3W1hWc6olhpolYxfvGd4SAyyZ8VqL94F449kuaa2uVPapWWl2_oqIlZYL6Ff9VegtupKtPJuTrmjrxObVLRqfM4u9FS6Mdba2-Gp71KnXKJ5DeDEbIysE/s1600/animal_mogura.png,650,362,2013-01-29,もぐらのイラスト,可愛いもぐらのイラストです。,https://www.irasutoya.com/2013/01/blog-post_3363.html,もぐらのイラスト,可愛いもぐらのイラストです。,https://www.irasutoya.com/2013/01/blog-post_3363.html,1,リクエスト|動物
1629,irasutoya,https://blogger.googleusercontent.com/img/b/R29vZ2xl/AVvXsEhnb_7h_ndwbyfuNIsK9LPZi5pa_eQPmgwvOkMK3EeObaCqKNsctl04wgUycPIQe5ZrxnLa8tzr1nv088zEcNGYDEWRFBiv2klDZ-CwNmyJgGDBw4wMqEfLWircsjZ1BHbZcJqLIcj416gW/s1600/animal_pig.png,585,683,2013-01-29,ブタのイラスト,かわいいピンクのブタさんのイラストです。,https://www.irasutoya.com/2013/01/blog-post_2149.html,ブタのイラスト,かわいいピンクのブタさんのイラストです。,https://www.irasutoya.com/2013/01/blog-post_2149.html,1,動物キャラ
1640,irasutoya,https://blogger.googleusercontent.com/img/b/R29vZ2xl/AVvXsEhSI8uoWr5rZUP6SO2fkAimOROceS64glT-fOZDD04VZHpTJTn1-EgCVTuH5RbwRJjq4NHj5xT49dY9Vb4nnHu05IZBNBZ1WCBLh4zB-f9ztiTmpNSx58bM11dZ0js10WamRNZIc34sASw/s1600/souji_gomibukuro_kuro.png,470,498,2013-01-28,黒いゴミ袋のイラスト,昔良く使われていた、黒いゴミ袋のイラストです。,https://www.irasutoya.com/2013/01/blog-post_4331.html,黒いゴミ袋のイラスト,昔良く使われていた、黒いゴミ袋のイラストです。,https://www.irasutoya.com/2013/01/blog-post_4331.html,1,ゴミ|リクエスト|掃除
1639,irasutoya,https://blogger.googleusercontent.com/img/b/R29vZ2xl/AVvXsEgptUsvUiiz-E7ZPNnKWOYE6n-BqjmrVGbKvP7WjZMK2XPx50cxXqS0Ey6S2lmDDiOox4zhdMYeZmG79eqWkjvUNg8blupsmWOFcXQjJwBMdwQmLfZ_sl_3MIWjcb9YaYcP0CW49AOFOhWy/s1600/animal_hedgehog.png,480,615,2013-01-28,ハリネズミのイラスト,かわいいハリネズミのイラストです。,https://www.irasutoya.com/2013/01/blog-post_7432.html,ハリネズミのイラスト,かわいいハリネズミのイラストです。,https://www.irasutoya.com/2013/01/blog-post_7432.html,1,動物キャラ
1638,irasutoya,https://blogger.googleusercontent.com/img/b/R29vZ2xl/AVvXsEgY2fbVSQvkx9Qw_9SW3n8oiRo_6h6tvWdqmdIUvN_wKKfcZQdrnnK3H2haP8DFrTfWASksDmb3bGIYLwT5iqd6ymyf075Ht26its9QTnfBKEteZbvM85RZjpY1Lk1RiK3fIQ_7SG41gI4/s1600/setsubun_kurooni_angry.png,614,653,2013-01-28,怒った黒鬼のイラスト,怒った黒鬼のイラストです。節分には赤、青、黒鬼がそろって、「三毒」というそうです。,https://www.irasutoya.com/2013/01/blog-post_9491.html,怒った黒鬼のイラスト,怒った黒鬼のイラストです。節分には赤、青、黒鬼がそろって、「三毒」というそうです。,https://www.irasutoya.com/2013/01/blog-post_9491.html,1,リクエスト|節分
1637,irasutoya,https://blogger.googleusercontent.com/img/b/R29vZ2xl/AVvXsEiV5AHhEYOPi-3nas2QLU47YmSnUbn3LiuLIJ9zq9Hj17N5eKQVGdAvSv1Yl3zU56odA1g1nF3OpIP_81CkZxYMQWRgiivOsvhibE5Wfgx7XNhjSLrB5cpSfcPH2muJDBnM8MT-NuB73vE/s1600/souji_mask.png,692,336,2013-01-28,マスクのイラスト,白いマスクのイラストです。,https://www.irasutoya.com/2013/01/blog-post_2133.html,マスクのイラスト,白いマスクのイラストです。,https://www.irasutoya.com/2013/01/blog-post_2133.html,1,マスク|リクエスト|掃除|病気
1583,irasutoya,https://blogger.googleusercontent.com/img/b/R29vZ2xl/AVvXsEijBvfpXvyXBCi0yIy6q8Dlgfw0v26APxJUVwVqrL0azurIeT6Ns0iZzcHj4RkB-G97RtFUqEyz8q1B4h-wW23Dfj3Udb2f4HmKd9kL5I2ZicoZsc_rzGO61lTYzLitMJoI6UZyUY59rxw/s1600/valentine_ryouomoi.png,744,614,2013-01-25,両思いのイラスト,両思いの女の子と男の子が、ハートを受け渡ししているイラストです。,https://www.irasutoya.com/2013/01/blog-post_5049.html,両思いのイラスト,両思いの女の子と男の子が、ハートを受け渡ししているイラストです。,https://www.irasutoya.com/2013/01/blog-post_5049.html,1,バレンタイン|ホワイトデー
1582,irasutoya,https://blogger.googleusercontent.com/img/b/R29vZ2xl/AVvXsEgD7mgagAFMhOS0fM1uYbSOhYjXOBidV0zAvL8KpI90lb3c_Bic8IK4291gmSOB79YaWlB2u3lsKRwg2uya2Gk3NSR2qkEjZuHqzcGAR7tsBzLU6VMo-BTzWjiwgKmJDdaPyfDYzysdjJs/s800/girl_india.png,338,572,2013-01-25,インド人の女の子のイラスト,かわいいインディオ、インド系（東南アジア系）の女の子供のイラストです。,https://www.irasutoya.com/2013/01/blog-post_3989.html,インド人の女の子のイラスト,かわいいインディオ、インド系（東南アジア系）の女の子供のイラストです。,https://www.irasutoya.com/2013/01/blog-post_3989.html,1,こども|リクエスト|世界
1581,irasutoya,https://blogger.googleusercontent.com/img/b/R29vZ2xl/AVvXsEgsP3bn-z49aJVeaZoSJQAKpxJPe8QLC4R0hcc8fFTODGbz0-DpR_awTC-zL8jA-c5VwWJHm9-xshjKnXMqRdaJ2RgkfsHucfWnZNxJDRTW3as93CrZdiMgMOLm95IJ-jJSUPrOXNNnnyI/s1600/kenkoushindan_chouryoku.png,500,737,2013-01-25,聴力検査（健康診断）,ヘッドホンを付けて聴力の検査をしている男性のイラストです。,https://www.irasutoya.com/2013/01/blog-post_9659.html,聴力検査（健康診断）,ヘッドホンを付けて聴力の検査をしている男性のイラストです。,https://www.irasutoya.com/2013/01/blog-post_9659.html,1,健康診断|医療
1580,irasutoya,https://blogger.googleusercontent.com/img/b/R29vZ2xl/AVvXsEhb-6ocOHogea2POVhSXhEIGhTfDuqJJr7oHqrYcDyJim0-2vbTuyfWvkIDnikCkdR35eBFemKYaNkDCudm8axj-08Ra0P33bJS1lewNxo057STNOqo_kOLoqgxMNnm0UHHF3ubdUiB7N4/s1600/setsubun_mamemaki.png,794,558,2013-01-25,豆まきのイラスト（節分）,男の子が豆まきをして赤鬼に豆をぶつけているイラストです。,https://www.irasutoya.com/2013/01/blog-post_762.html,豆まきのイラスト（節分）,男の子が豆まきをして赤鬼に豆をぶつけているイラストです。,https://www.irasutoya.com/2013/01/blog-post_762.html,1,節分
1579,irasutoya,https://blogger.googleusercontent.com/img/b/R29vZ2xl/AVvXsEiGfwe0pJHZeewMn6-aI8HeNGREopfCPoiJWOaSAH595M05gJQpXaemfIpzLZMxOCvjuPOEYPuAorTY9NzFU5Gq1GXH8XDZHxxPowAj2_wwH-8kWJlm3uaXH_4jr6P1YQQgMwlRy9MDzIXy/s800/kaden_scanner.png,627,511,2013-01-25,スキャナーのイラスト,スキャナーが写真をスキャンしているイラストです。,https://www.irasutoya.com/2013/01/blog-post_1183.html,スキャナーのイラスト,スキャナーが写真をスキャンしているイラストです。,https://www.irasutoya.com/2013/01/blog-post_1183.html,1,周辺機器|家電
1578,irasutoya,https://blogger.googleusercontent.com/img/b/R29vZ2xl/AVvXsEhv6R7VMLpnU3jAPgcVWmwqBuJqxoK65Xj7cJxBko71E8IPNSH1j9h0fxXENXFNdg6jNjrCUBMZcRfdnPuxuLQMknVeIj36f-9WMYiwFI8LDtctyd1h0xlSa8HdrQC5zqrH-84ckKCmJNM/s800/musician_shikisya.png,504,800,2013-01-25,指揮者のイラスト,燕尾服（テイルコート）を着た、指揮者のイラストです。,https://www.irasutoya.com/2013/01/blog-post_9575.html,指揮者のイラスト,燕尾服（テイルコート）を着た、指揮者のイラストです。,https://www.irasutoya.com/2013/01/blog-post_9575.html,1,歌|音楽
1577,irasutoya,https://blogger.googleusercontent.com/img/b/R29vZ2xl/AVvXsEgLyD5L9cFuXH95-A4-736Q5nCBOsSZdvyWQtdNLJ0VogK1xRKab_qWplmT6vfoKcuy3HkaeuH8VmgdLLxOGfVaRGj0PY0dW_LFPOylXP5GHtV255IX1r2bwd7TtTbe751vuqjiAdDrOKY/s1600/souji_woman.png,472,800,2013-01-25,掃除の格好のイラスト「マスクとゴム手袋」,ゴム手袋をはめて、マスクをつけている掃除をしている女性のイラストです。,https://www.irasutoya.com/2013/01/blog-post_7578.html,掃除の格好のイラスト「マスクとゴム手袋」,ゴム手袋をはめて、マスクをつけている掃除をしている女性のイラストです。,https://www.irasutoya.com/2013/01/blog-post_7578.html,1,リクエスト|掃除
1576,irasutoya,https://blogger.googleusercontent.com/img/b/R29vZ2xl/AVvXsEhE2MmZwqJ1DQZuubTZI7fe0YcV1aRSKL6eGzAI11xq9E-YASBZkFT8cflft70dMzYnU0BQCMMVesAojMabYsBesB6PoqONZEJsIwqPeuGFle6phqkdzrFjuBy71VFthJ8G1fPDxOi2qs8/s800/girl_white.png,338,572,2013-01-25,白人の女の子のイラスト,かわいい西洋人、白人の女の子供のイラストです。,https://www.irasutoya.com/2013/01/blog-post_7373.html,白人の女の子のイラスト,かわいい西洋人、白人の女の子供のイラストです。,https://www.irasutoya.com/2013/01/blog-post_7373.html,1,こども|リクエスト|世界
1575,irasutoya,https://blogger.googleusercontent.com/img/b/R29vZ2xl/AVvXsEiqCFs8BACJIgmweUGQQIx9iwoTTEXW435THBCvRY8eeGckAfCYzSZhKDSJfPWWR2gprYTln2-oHC4YJwhQcBQDpdqaitQgOrOP3jyHTrMwu6WAt8eO6Ce0i6ZDYL7zpMGupXSg6JiayKCc/s800/cooking_spatula_turner.png,444,552,2013-01-25,調理器具のイラスト「フライ返し２」,料理をひっくり返すときに使う、フライ返しのイラストです。,https://www.irasutoya.com/2013/01/blog-post_25.html,調理器具のイラスト「フライ返し２」,料理をひっくり返すときに使う、フライ返しのイラストです。,https://www.irasutoya.com/2013/01/blog-post_25.html,1,料理
1574,irasutoya,https://blogger.googleusercontent.com/img/b/R29vZ2xl/AVvXsEgLAr0ug3_i2m1EbNbLp4hmzGZgdPZUy2CceGy7z7QmJqp3Zvr9MytjTHS2TB2Ul_nP2BrsMfb8UXgC4VlVDyRRrr37owOAZQjDzy7cwrp4oRmnMsz29fRuQ2YCI5u9D0pXfCvrV3T7dG0/s1600/sentaku_tshirt.png,586,609,2013-01-25,洗濯物・物干しのイラスト「Tシャツ」,ハンガーにかかったTシャツの洗濯物のイラストです。,https://www.irasutoya.com/2013/01/t.html,洗濯物・物干しのイラスト「Tシャツ」,ハンガーにかかったTシャツの洗濯物のイラストです。,https://www.irasutoya.com/2013/01/t.html,1,ファッション|洗濯
1573,irasutoya,https://blogger.googleusercontent.com/img/b/R29vZ2xl/AVvXsEgoimebnN7AHhWjSXL_Dx2ibneVRtke63Q7WFHIJP-kyClPhkIHlMsM40bqIwYS3nsRieMFIpg8MnOsRzXkZw-u-6RLdQRFmikxI_KTO8SCYvrqtIsnENx7GfZXkgfn11U_tIjSLqxY4Q0q/s1600/mark_arrow_reload.png,254,258,2013-01-25,矢印・リロード（再読み込み）,上、下、左、右、Uターン、ぐにゃぐにゃ、リロード（再読み込み）の矢印です。,https://www.irasutoya.com/2013/01/blog-post_7794.html,矢印・リロード（再読み込み）,上、下、左、右、Uターン、ぐにゃぐにゃ、リロード（再読み込み）の矢印です。,https://www.irasutoya.com/2013/01/blog-post_7794.html,1,マーク|リクエスト
1572,irasutoya,https://blogger.googleusercontent.com/img/b/R29vZ2xl/AVvXsEjlrTI2pEA66hes3mSUJTwyVEuVQiEMMeK_iql8OUsrIE7PBZ64v_2GvU_1LBCLRA_T5d_UuXR9WiB4WXRrLlSF52WvdoW45mkthH736UTNVkBlNciJWLGEcbMpHQ5Mt7NMIVHS6yM7M5fu/s1600/mark_arrow_gunyagunya.png,318,258,2013-01-25,矢印・グニャグニャ,上、下、左、右、Uターン、ぐにゃぐにゃ、リロード（再読み込み）の矢印です。,https://www.irasutoya.com/2013/01/blog-post_7794.html,矢印・グニャグニャ,上、下、左、右、Uターン、ぐにゃぐにゃ、リロード（再読み込み）の矢印です。,https://www.irasutoya.com/2013/01/blog-post_7794.html,1,マーク|リクエスト
1571,irasutoya,https://blogger.googleusercontent.com/img/b/R29vZ2xl/AVvXsEiN10EZAgM8NnbFKAS4LMrXbZGaGZEwnyrlOf-hb8OplnlGl-75pM3GOiz_iAFUypCySv1K533GSQjiFsF0rSiaGtRbeQtlskQO_mBkVjNlo1PNyh9vwnWo03Vv2dDaFU-VKbIaeTLxeJ2E/s1600/mark_arrow_uturn.png,266,264,2013-01-25,矢印・Uターン,上、下、左、右、Uターン、ぐにゃぐにゃ、リロード（再読み込み）の矢印です。,https://www.irasutoya.com/2013/01/blog-post_7794.html,矢印・Uターン,上、下、左、右、Uターン、ぐにゃぐにゃ、リロード（再読み込み）の矢印です。,https://www.irasutoya.com/2013/01/blog-post_7794.html,1,マーク|リクエスト
1570,irasutoya,https://blogger.googleusercontent.com/img/b/R29vZ2xl/AVvXsEiMDwJeQSjMpGmw4My65Zyuwvu1g2M01cp5wOG5of4_pcY6lXSwe5iEKMlH3hqQw-OU9RgmJ_3JMeY4RoTDXZlvUYXu56jbDCJCb8mlx5dzYoKLrUOzVuSI0yowhNT0w_oIt-BraBAzPws3/s1600/mark_arrow_right.png,310,296,2013-01-25,矢印・右,上、下、左、右、Uターン、ぐにゃぐにゃ、リロード（再読み込み）の矢印です。,https://www.irasutoya.com/2013/01/blog-post_7794.html,矢印・右,上、下、左、右、Uターン、ぐにゃぐにゃ、リロード（再読み込み）の矢印です。,https://www.irasutoya.com/2013/01/blog-post_7794.html,1,マーク|リクエスト
1569,irasutoya,https://blogger.googleusercontent.com/img/b/R29vZ2xl/AVvXsEhiBJ0gPZ9R5JOSzhLL0Chy_LvcA-HARL489ft2AYp2imYfWgUqH7vcgCpYmsusujGCf-6oa5JbYTAOBrLcgXNQVjlRYgk0DxgdNMI-WrKHomXh-2GYG_HfMolq7ZdOrIDWcVyqc2y-M4Jq/s1600/mark_arrow_left.png,292,266,2013-01-25,矢印・左,上、下、左、右、Uターン、ぐにゃぐにゃ、リロード（再読み込み）の矢印です。,https://www.irasutoya.com/2013/01/blog-post_7794.html,矢印・左,上、下、左、右、Uターン、ぐにゃぐにゃ、リロード（再読み込み）の矢印です。,https://www.irasutoya.com/2013/01/blog-post_7794.html,1,マーク|リクエスト
1568,irasutoya,https://blogger.googleusercontent.com/img/b/R29vZ2xl/AVvXsEhAekb6pWKb-7Caw2A6BgUAC-V8CRQqpmuUJ6z-nulxAknqpTum7NfTumckQSRHNjJTE0vM-U3bUD9e0F_kvCeXsokc2vduUCdzcMQ_e7zNOt-pArCAFEqWRjC4Fd6wadkFJSZKgfaYjhVE/s1600/mark_arrow_up.png,272,284,2013-01-25,矢印・上,上、下、左、右、Uターン、ぐにゃぐにゃ、リロード（再読み込み）の矢印です。,https://www.irasutoya.com/2013/01/blog-post_7794.html,矢印・上,上、下、左、右、Uターン、ぐにゃぐにゃ、リロード（再読み込み）の矢印です。,https://www.irasutoya.com/2013/01/blog-post_7794.html,1,マーク|リクエスト
1567,irasutoya,https://blogger.googleusercontent.com/img/b/R29vZ2xl/AVvXsEjIyiPiumympxMiSdQqD8GBhOLNEfN-JteJKKGt-G1S8NSnuhN0sbkfAhGLIBLyQp8MR1Y1TBdM-p6S8wnWNox4CHEi56LhoYybfjqHa4OfYzI1oUpxu-D9FIynkGLwJySYcHaM48l_klqj/s1600/mark_arrow_down.png,268,264,2013-01-25,矢印・下,上、下、左、右、Uターン、ぐにゃぐにゃ、リロード（再読み込み）の矢印です。,https://www.irasutoya.com/2013/01/blog-post_7794.html,矢印・下,上、下、左、右、Uターン、ぐにゃぐにゃ、リロード（再読み込み）の矢印です。,https://www.irasutoya.com/2013/01/blog-post_7794.html,1,マーク|リクエスト
1593,irasutoya,https://blogger.googleusercontent.com/img/b/R29vZ2xl/AVvXsEgGzKBOWVvhRRkeB50g7w9fjkMoYTd40yBh58HxZLRVht1eMUrvm27MTDSORnA-tzdP_KKNhwkq-WwdTXN8Nhq4B0ZOE2VxJyjFAxpgt4HiqfpawPACdGCPy0-6wd4GWyfBvHCvJI8QS-s0/s800/virus_zutsuu2.png,679,800,2013-01-24,頭痛のイラスト,頭痛で苦しんでいる女性が青ざめた顔で頭に手を当てているイラストです。,https://www.irasutoya.com/2013/01/blog-post_2744.html,頭痛のイラスト,頭痛で苦しんでいる女性が青ざめた顔で頭に手を当てているイラストです。,https://www.irasutoya.com/2013/01/blog-post_2744.html,1,病気
1592,irasutoya,https://blogger.googleusercontent.com/img/b/R29vZ2xl/AVvXsEgiZntLG065X_3vtALM5x_0JlZv310yDhpx517buQWbEzx0UM4dvYo4s8CwGwZbNCa8CbJu9q6RztrEGpJdanN88rqvUqKqnfAuimjyEhuYf3siuwMGoVwHPLYUJl5wT29OzVzLeY-a_yM/s1600/valentine_title.png,760,611,2013-01-24,バレンタインのイラスト「Happy Valentine's Day」,「Happy Valentine's Day」と書かれた、かわいいイラスト文字です。,https://www.irasutoya.com/2013/01/happy-valentines-day.html,バレンタインのイラスト「Happy Valentine's Day」,「Happy Valentine's Day」と書かれた、かわいいイラスト文字です。,https://www.irasutoya.com/2013/01/happy-valentines-day.html,1,バレンタイン|メッセージ
1591,irasutoya,https://blogger.googleusercontent.com/img/b/R29vZ2xl/AVvXsEh-YdowRYOyYLRN8cOwwM1twHQx0CUfLcz0ZSdar7Jtu_MvboVKEXiErLlskCLJtRXaSI4wlKLTs2pDh0yRKgbAShCZ22CEOPdVPtdZPc7BvJTF6bAfCKp9EgnllIIWm7NeE96J4s2idkA/s800/girl_asia.png,338,572,2013-01-24,アジア人の女の子のイラスト,アジア人、黄色人種のかわいい女の子供のイラストです。,https://www.irasutoya.com/2013/01/blog-post_3157.html,アジア人の女の子のイラスト,アジア人、黄色人種のかわいい女の子供のイラストです。,https://www.irasutoya.com/2013/01/blog-post_3157.html,1,こども|リクエスト|世界
1590,irasutoya,https://blogger.googleusercontent.com/img/b/R29vZ2xl/AVvXsEhk1379w90_JgTuPP5ZaYhCZ_5Lx1j_Jbh4XtziMeoLXvF-DmVMbc1nYiQDJmowVFU19d1Sr5xakpMStUcDjO-j6mTB8GnahdH9F6-dDPE31Z2kppuhsDrQT-aWXX1a72jSZCiiC5H2ELb4/s800/kaden_bluray.png,426,485,2013-01-24,ブルーレイディスクのイラスト,青いBlu-rayディスクのイラストです。,https://www.irasutoya.com/2013/01/blog-post_5056.html,ブルーレイディスクのイラスト,青いBlu-rayディスクのイラストです。,https://www.irasutoya.com/2013/01/blog-post_5056.html,1,家電
1589,irasutoya,https://blogger.googleusercontent.com/img/b/R29vZ2xl/AVvXsEgW2SuUTa-nd8JUL2LeshINBE6EYka9mkIQqUXDwrMf_6HXhLjiSU8D9i9McNx6-dPqadlVmSc5jx9eCwCFR8AB_HTGhNwM2hbwMfgQAWUXSN-USeVlaLgUBQWH8YHJBF0WdB4KNifyf-E/s1600/setsubun_akaoni.png,670,802,2013-01-24,赤鬼のイラスト「鬼と金棒」,金棒を持ったかわいい赤鬼のイラストです。,https://www.irasutoya.com/2013/01/blog-post_2226.html,赤鬼のイラスト「鬼と金棒」,金棒を持ったかわいい赤鬼のイラストです。,https://www.irasutoya.com/2013/01/blog-post_2226.html,1,キャラクター|節分
1588,irasutoya,https://blogger.googleusercontent.com/img/b/R29vZ2xl/AVvXsEhbPq0xUapczhEQ9hok4ieyxWx5Dnj8FnSw3eBlD_vAODuEOn7PS4biW7r7zamJRdMaPM7Igc9cJqaJcwKRlbb1hp5AFNxEpJfLf8DqOeuk4UGPmtupePml5my7k_1g2T5kStvxeFDS7jJL/s800/cooking_solt_pepper.png,642,567,2013-01-24,塩コショウのイラスト,透明の入れ物に入った、塩と胡椒のイラストです。,https://www.irasutoya.com/2013/01/blog-post_24.html,塩コショウのイラスト,透明の入れ物に入った、塩と胡椒のイラストです。,https://www.irasutoya.com/2013/01/blog-post_24.html,1,調味料
1587,irasutoya,https://blogger.googleusercontent.com/img/b/R29vZ2xl/AVvXsEjWAkFGW-oteskMZi3TaHyHn51-hPo3vp5sVbNpUIcjSNjwY9v59vaGhc2fqehxb0qO1VvYoOpsibc9vvlxUkJdKcbeh24yyHElqZiIJO4PGQ7zOXR22CcXgVvm270xyRdfwxeY4ErCQ4o/s1600/souji_shinbunshi.png,575,442,2013-01-24,新聞紙のイラスト,新聞紙が重なったイラストです。,https://www.irasutoya.com/2013/01/blog-post_8192.html,新聞紙のイラスト,新聞紙が重なったイラストです。,https://www.irasutoya.com/2013/01/blog-post_8192.html,1,メディア|リクエスト|掃除
1586,irasutoya,https://blogger.googleusercontent.com/img/b/R29vZ2xl/AVvXsEgnH7HkrgLJkhewgvEb9aOgbKas0KvdUeAdl7uOYTJsycJT2OJejiNkbIqx3e38etUgIyaYpcrPqwIQzWUDZIpboafvDv9ExSDJg3feKIlUjAll3K25iTtJDCNyW9JJO7FFOr1iTn4voos/s1600/souji_tebukuro.png,471,482,2013-01-24,ゴム手袋のイラスト,ピンク色のゴム手袋のイラストです。,https://www.irasutoya.com/2013/01/blog-post_8252.html,ゴム手袋のイラスト,ピンク色のゴム手袋のイラストです。,https://www.irasutoya.com/2013/01/blog-post_8252.html,1,リクエスト|掃除
1585,irasutoya,https://blogger.googleusercontent.com/img/b/R29vZ2xl/AVvXsEjEZZVFr8VUMCyI4GaAzZjwMknui_MWnDpa4cpQqKrjOJRkvejc5txti7F1ZFYtSZ9eV7EkLKN7bZrnKoY8ehWEJcDbOQSTFD-dsd517s1plqKvp3Ivw-G5HjMIcI5cx0Bs3xVXIgVzgv8/s800/girl_black.png,338,572,2013-01-24,黒人の女の子のイラスト,かわいい黒人、アフリカ人の女のこどものイラストです。,https://www.irasutoya.com/2013/01/blog-post_302.html,黒人の女の子のイラスト,かわいい黒人、アフリカ人の女のこどものイラストです。,https://www.irasutoya.com/2013/01/blog-post_302.html,1,こども|リクエスト|世界
1584,irasutoya,https://blogger.googleusercontent.com/img/b/R29vZ2xl/AVvXsEhft4lVzEyepeJ-QTZReBnTnw8FeHveL-9XqAweEBp4eBTUIFUHXltjrolY5rRY1c2xV3Lbw8LxXl8f0omaug1Fdk0_l37CAs6teNSJ-FZVTlX6OS202YGZ9UpHFzlI8b_HGJIQ1LWdUusk/s1600/music_ukulele.png,453,763,2013-01-24,ウクレレのイラスト,ハワイの楽器、可愛いウクレレのイラストです。,https://www.irasutoya.com/2013/01/blog-post_2052.html,ウクレレのイラスト,ハワイの楽器、可愛いウクレレのイラストです。,https://www.irasutoya.com/2013/01/blog-post_2052.html,1,南国|楽器
1602,irasutoya,https://blogger.googleusercontent.com/img/b/R29vZ2xl/AVvXsEjkCIfJBPwd11gV9jvLU4SJQpL89LGbzJNGgQ_rXvYP8AMeDpYbFWGABpxnn0Cd3VCVlQdx3Jfl_0ZYTtdVx_vYGwveorDMPXNoWzvNYxTEYnGWZE2iKB8sz8vEnR8BWmwXgYYpp-oWm67F/s800/cooking_sennuki.png,400,479,2013-01-23,栓抜きのイラスト,ビールなど、瓶の蓋を開けるための、栓抜きのイラストです。,https://www.irasutoya.com/2013/01/blog-post_23.html,栓抜きのイラスト,ビールなど、瓶の蓋を開けるための、栓抜きのイラストです。,https://www.irasutoya.com/2013/01/blog-post_23.html,1,料理|道具
1601,irasutoya,https://blogger.googleusercontent.com/img/b/R29vZ2xl/AVvXsEh9GMgie5kNFVM80bBx1hzqJg4fHt0iACaJTFYKXrwCnzw3KPyDIM25vyIx4vNL-XXELYSNWh2X80vtdtNruFKd17qbRhPWGpRs1QNTrta_5THew1AppHuzK0fjA8M0AVa_LWfQxX6Sitas/s1600/ugai_man.png,706,794,2013-01-23,うがいのイラスト,コップを持った男性がうがいをしているイラストです。,https://www.irasutoya.com/2013/01/blog-post_9394.html,うがいのイラスト,コップを持った男性がうがいをしているイラストです。,https://www.irasutoya.com/2013/01/blog-post_9394.html,1,医療
1600,irasutoya,https://blogger.googleusercontent.com/img/b/R29vZ2xl/AVvXsEhQnNK_8baFuHz7Hl3IP8Zjx9qISEJGV4uuyhCal8IofW0GQWU2nGC4ShOsnBYYFLx8RJpjVPQKpePMT93EcLFox-SzsdklT1VirCeVh8MwD972gA8XVpROaYoTdBJVdXnShzvynzL_vNY/s1600/valentine_tedukuri_chocolate.png,686,708,2013-01-23,手作りチョコレートのイラスト,湯煎にかけられて溶けたチョコレートと、ハート型のLOVEと書かれた手作りチョコのイラストです。,https://www.irasutoya.com/2013/01/blog-post_7081.html,手作りチョコレートのイラスト,湯煎にかけられて溶けたチョコレートと、ハート型のLOVEと書かれた手作りチョコのイラストです。,https://www.irasutoya.com/2013/01/blog-post_7081.html,1,スイーツ|バレンタイン|料理
1599,irasutoya,https://blogger.googleusercontent.com/img/b/R29vZ2xl/AVvXsEh39Ez4ixlnj1UXMD_tuUFt6lQwPdyjF-S6Hfw9ac15uCEag_2Ntyb7K3ODYLtYJdQEG05wbln_zseHqw3Pupm3UZ0jPtHVPD8A0mZSyajbuxqqB6WwtCL85aU8fyibou_-HYx6eeB1yxa0/s1600/syazai_business_woman.png,355,757,2013-01-23,謝罪のイラスト「女性」,「すいません」と頭を下げて謝っている、スーツを着た女性のイラストです。,https://www.irasutoya.com/2013/01/blog-post_2684.html,謝罪のイラスト「女性」,「すいません」と頭を下げて謝っている、スーツを着た女性のイラストです。,https://www.irasutoya.com/2013/01/blog-post_2684.html,1,ビジネス|リクエスト|会社
1598,irasutoya,https://blogger.googleusercontent.com/img/b/R29vZ2xl/AVvXsEikA1TEleGQrbFsFO4C48-DcSWJAXBnLg0MPS3eZJ9rdU_1wr6DyDKQ7pGSgQcrtw2KrvnV749W5K5ij2MJDT1fQFwTZHMRxwQy2JfpccxnLWFCsbkqO7DDUgKPtkeFQqfPDSD1dhzeh7g/s800/boy_india.png,338,572,2013-01-23,インド人の男の子のイラスト,インディオ、インド系（東南アジア系）のかわいい男のこどものイラストです。,https://www.irasutoya.com/2013/01/blog-post_5385.html,インド人の男の子のイラスト,インディオ、インド系（東南アジア系）のかわいい男のこどものイラストです。,https://www.irasutoya.com/2013/01/blog-post_5385.html,1,こども|リクエスト|世界
1597,irasutoya,https://blogger.googleusercontent.com/img/b/R29vZ2xl/AVvXsEhMLL1g6uUa-U37Uy01Th2uZ1toYUWezAIKIq-8F1He0c3MUKGwCPfhIkfe6pRPLxQSBy70tvhzxsSzE85LrKeLCE-ickQ-ZonE7ZKUlW5lfz-jpiL2RYG4cdrFl965EMYf_bN5Fu9nkSq7/s800/kaden_airconditioner.png,772,372,2013-01-23,エアコン・クーラーのイラスト,白い一般的なエアコン・クーラーのイラストです。,https://www.irasutoya.com/2013/01/blog-post_7571.html,エアコン・クーラーのイラスト,白い一般的なエアコン・クーラーのイラストです。,https://www.irasutoya.com/2013/01/blog-post_7571.html,1,家電
1596,irasutoya,https://blogger.googleusercontent.com/img/b/R29vZ2xl/AVvXsEinmbLPc48Qr3a72ehyLI58xTF4KOpAmmZM_6I81O29gWM3X8NXQpLyitWCqC1uiqBzQfqpShdI883yT99xY3UEaa2-pVF87Lu4oe1dtwAd8vuJL8NOMIp_OAC-11_EfPo4m-OozujjEfyU/s1600/yellow_curry.png,566,460,2013-01-23,イエローカレーのイラスト（エスニック料理）,ジャガイモと鶏肉が入った、美味しそうなイエローカレーのイラストです。,https://www.irasutoya.com/2013/01/blog-post_1425.html,イエローカレーのイラスト（エスニック料理）,ジャガイモと鶏肉が入った、美味しそうなイエローカレーのイラストです。,https://www.irasutoya.com/2013/01/blog-post_1425.html,1,リクエスト|食べ物
1595,irasutoya,https://blogger.googleusercontent.com/img/b/R29vZ2xl/AVvXsEhaq31xMMpPD6k2ytZf1daDhF7zKDqUGSbMYtuprU9WKWnLFAOXKMyxd6U8Mqa3zyMJocCxzTkkX-9T4YZ0SFXQ8FQaBmQa72HXyIhKulSIdoqkHcMIL5eHE9reNHBSvi3F-kw7UgA70A8/s800/boy_white.png,338,572,2013-01-23,白人の男の子のイラスト,西洋人、白人のかわいい男の子供のイラストです。,https://www.irasutoya.com/2013/01/blog-post_579.html,白人の男の子のイラスト,西洋人、白人のかわいい男の子供のイラストです。,https://www.irasutoya.com/2013/01/blog-post_579.html,1,こども|リクエスト|世界
1594,irasutoya,https://blogger.googleusercontent.com/img/b/R29vZ2xl/AVvXsEiYxdAEJeFg0p39h4S0vLO7TFdlyjsXifjXobl2j5tKAFgONpY_Md2j0eDn8cBGjbOPga2U0SKOGPyw1dLnYPvB4mUenpKgVW6G87ObOy2SPhDlw0mSPMUXUO78LKB1QzKh1khR2BNsUraN/s1600/music_trumpet.png,646,458,2013-01-23,トランペットのイラスト（管楽器）,,https://www.irasutoya.com/2013/01/blog-post_8921.html,トランペットのイラスト（管楽器）,,https://www.irasutoya.com/2013/01/blog-post_8921.html,1,吹奏楽|楽器
1610,irasutoya,https://blogger.googleusercontent.com/img/b/R29vZ2xl/AVvXsEi5VoitXRDE7idDSnt3trxtdcoZK_WCmb9v1I6k_ClU2vChcBQQpVbwr93E1sO541hBHEuEPHH3j8SgHuzU6Xu-VoPZqnH-MLxZvMUs4uwiyFqz88WHfVmfQ0k0ZDwtGHfVgmaAtYq6Jjo/s800/tearai_hand_suidou.png,800,800,2013-01-22,手洗いのイラスト,石鹸を使って手を洗っているイラストです。,https://www.irasutoya.com/2013/01/blog-post_8819.html,手洗いのイラスト,石鹸を使って手を洗っているイラストです。,https://www.irasutoya.com/2013/01/blog-post_8819.html,1,お風呂|医療
1609,irasutoya,https://blogger.googleusercontent.com/img/b/R29vZ2xl/AVvXsEiRjTlbnSk1H8x7HPi33g4VfomDVuT8lR3jDDZST9hfLrsqJMFV_vNTrDR8RjCzvBsRvU3bDak-m9G_QxzAe_eACV2hEFDkvlZYfiEzHTfXwByTkEV0XK_lRMrUxcX9uZIGWBRS_9ABmXOi/s1600/red_curry.png,566,460,2013-01-22,レッドカレーのイラスト（エスニック料理）,たけのこと鶏肉が入った、美味しそうなレッドカレーのイラストです。,https://www.irasutoya.com/2013/01/blog-post_1411.html,レッドカレーのイラスト（エスニック料理）,たけのこと鶏肉が入った、美味しそうなレッドカレーのイラストです。,https://www.irasutoya.com/2013/01/blog-post_1411.html,1,リクエスト|食べ物
1608,irasutoya,https://blogger.googleusercontent.com/img/b/R29vZ2xl/AVvXsEiKD055Yn13wZWel0RKj2np3lx3MiFbrxs55tCi9M9E6qC3pAcNEaQPZgzUQ68Yj-n28dS7op6gN-NrC-t_i4HyZv18dIov6wLZLYVxgDcyWTzl4lTYrWKysZd4ncUhRgrbRIf7eKISxBA/s800/boy_asia.png,338,572,2013-01-22,アジア人の男の子のイラスト,アジア人、黄色人種のかわいい男の子供のイラストです。,https://www.irasutoya.com/2013/01/blog-post_5001.html,アジア人の男の子のイラスト,アジア人、黄色人種のかわいい男の子供のイラストです。,https://www.irasutoya.com/2013/01/blog-post_5001.html,1,こども|リクエスト|世界
1607,irasutoya,https://blogger.googleusercontent.com/img/b/R29vZ2xl/AVvXsEgg9fLLibzSVHtWB7PQA5UBbfIlGN5rFFJmwf9od2jo0V9EHYzhtT-fVbf2TYojegIs4kQu4JPBmFnngPvZlAdVPLGh2Rr1Hc1bmwPKHnQH9C6QIRDnp4p8EKr4mwwPakRYNLyFmhCUMFvO/s800/kaden_PC.png,661,450,2013-01-22,デスクトップパソコンのイラスト,白いデスクトップ型のパソコンとモニターのセットのイラストです。,https://www.irasutoya.com/2013/01/blog-post_8383.html,デスクトップパソコンのイラスト,白いデスクトップ型のパソコンとモニターのセットのイラストです。,https://www.irasutoya.com/2013/01/blog-post_8383.html,1,コンピューター|家電
1606,irasutoya,https://blogger.googleusercontent.com/img/b/R29vZ2xl/AVvXsEj8D83i8pWTvHCN0wpaWxB_UiHF2pzACW6pMNAGrFJVka8cuIHra-0DTOP8YWTxxMxEeH-gpp7pXLItBVauMF7cJu7snLvX6lUF6DLPX2r0LSR4VMIKhOiSB6NW2t43AO-tO4xETKxUAbNN/s1600/syazai_business_man.png,364,824,2013-01-22,謝罪のイラスト「男性」,「すいません」と、スーツを着た男性が頭を下げて謝っているイラストです。,https://www.irasutoya.com/2013/01/blog-post_569.html,謝罪のイラスト「男性」,「すいません」と、スーツを着た男性が頭を下げて謝っているイラストです。,https://www.irasutoya.com/2013/01/blog-post_569.html,1,ビジネス|リクエスト|会社
1605,irasutoya,https://blogger.googleusercontent.com/img/b/R29vZ2xl/AVvXsEhbbIycGqPSsB3VrYqf5ctI-thdt4YIDCtvx7NMBEDgu-JusWIKC1i0BigFYMH9lhiI9hBCtjwJvFhGjxs1Mofqjgq2kywe74JFHqoc3nIdvjurHrnRsBiCjb0dqGtbvVTA1uo35ff40NA/s800/boy_black.png,338,572,2013-01-22,黒人の男の子のイラストの,かわいいアフリカ人、黒人の男の子供のイラストです。,https://www.irasutoya.com/2013/01/blog-post_192.html,黒人の男の子のイラストの,かわいいアフリカ人、黒人の男の子供のイラストです。,https://www.irasutoya.com/2013/01/blog-post_192.html,1,こども|リクエスト|世界
1604,irasutoya,https://blogger.googleusercontent.com/img/b/R29vZ2xl/AVvXsEgyiqbJYcJ3c_urmcV2Cr5pD8ZBgNisX3T63P1Ot53W23Tl8uSoLwFxvJYkow-zPq2SXu7UI_vHF9qs6xbzi2NDu2jSPiQEvITh5kyhcwueBdEIl9hsleubdqLUCB0oXJr15olyFHeKO5Rx/s1600/music_trombone.png,692,381,2013-01-22,トロンボーンのイラスト（管楽器）,管楽器のトロンボーンのイラストです。,https://www.irasutoya.com/2013/01/blog-post_6481.html,トロンボーンのイラスト（管楽器）,管楽器のトロンボーンのイラストです。,https://www.irasutoya.com/2013/01/blog-post_6481.html,1,吹奏楽|楽器
1603,irasutoya,https://blogger.googleusercontent.com/img/b/R29vZ2xl/AVvXsEgYMQowEbv_Ro_77K9KLFhSvIniLpGuE7bz5Y0MTrNqs5KhTwNSTtkFx7efef-jMDXakagy2RNC8jSg5IAt26iho4EUlbXjog_GeQEOvZbXMf9_ZqW18WPGH6BQRctAiaop7YrxsrVKgu5C/s800/cooking_ryouri_houchou.png,510,585,2013-01-22,調理器具のイラスト「料理包丁」,材料を切るときに使う、料理包丁のイラストです。,https://www.irasutoya.com/2013/01/blog-post_22.html,調理器具のイラスト「料理包丁」,材料を切るときに使う、料理包丁のイラストです。,https://www.irasutoya.com/2013/01/blog-post_22.html,1,料理
1616,irasutoya,https://blogger.googleusercontent.com/img/b/R29vZ2xl/AVvXsEgK8VQd0HZRHRnx1NoQp3fK1GnFXpQlhyphenhyphenIBJ-SxDPn5csKAJkYlvCei1QCCYMzzo2ckm_qaxC4-Md-asrLM1pk8pBGvfEVN0RbRMJ6hm1pb6Cg-p7Q29fGQ1dS9mKCIh-hcAoNoNkiNS2E/s1600/virus_syokuchudoku.png,590,829,2013-01-21,食中毒のイラスト,食中毒で苦しんでいる男性のイラストです。,https://www.irasutoya.com/2013/01/blog-post_8851.html,食中毒のイラスト,食中毒で苦しんでいる男性のイラストです。,https://www.irasutoya.com/2013/01/blog-post_8851.html,1,病気
1615,irasutoya,https://blogger.googleusercontent.com/img/b/R29vZ2xl/AVvXsEjTdwuYUeSYV-_J9bSolgYCIlOYBgS2o86QeFnPeuZ6etDqUnZMnScSGBbekEzRAmE-LO89kGx8lb5DcBqadBdHKjTTUwI606NlHuHSD6zj_PaJdRVJedniegGuo3-G8dY7Sw4PIxM0iqd6/s1600/omoide_title2.png,726,466,2013-01-21,思い出のイラスト「タイトル文字」ひらがな,「思い出」と「おもいで」と描かれたイラスト文字です。,https://www.irasutoya.com/2013/01/blog-post_1006.html,思い出のイラスト「タイトル文字」ひらがな,「思い出」と「おもいで」と描かれたイラスト文字です。,https://www.irasutoya.com/2013/01/blog-post_1006.html,1,リクエスト|文字|旅行
1614,irasutoya,https://blogger.googleusercontent.com/img/b/R29vZ2xl/AVvXsEhqCIGQNqSheAHX7r9WZkI3AfH54MQKEvOY5dOfFORYvk2hLR9AjG6eCyVVKVnHoNv9QCIR8YfM2SYVbLnCcPmA441aJ6yJz2egJQSTGGLbaRj1q_TYRXWT0vV3jAuGgW_mwr1-cTAxSWIV/s1600/omoide_title.png,726,466,2013-01-21,思い出のイラスト「タイトル文字」,「思い出」と「おもいで」と描かれたイラスト文字です。,https://www.irasutoya.com/2013/01/blog-post_1006.html,思い出のイラスト「タイトル文字」,「思い出」と「おもいで」と描かれたイラスト文字です。,https://www.irasutoya.com/2013/01/blog-post_1006.html,1,リクエスト|文字|旅行
1613,irasutoya,https://blogger.googleusercontent.com/img/b/R29vZ2xl/AVvXsEiMhikVWSBQ3eHs8iH4uzRqcN37PemhQmt-DtsUvcz4vggzzVURCQMVhlxvFps35Zbj8_E-EAuBzEcWee5Ev6qpY5PGXiJnn33yh0Hyi95-KdyKldGhhrVv7iU7bWzZrZWaS6uXzu88EGrR/s800/kaden_DVD_player.png,548,156,2013-01-21,DVD・Blu-rayプレイヤーのイラスト,DVDやBlu-rayなどを再生するためのプレイヤーのイラストです。,https://www.irasutoya.com/2013/01/dvdblu-ray.html,DVD・Blu-rayプレイヤーのイラスト,DVDやBlu-rayなどを再生するためのプレイヤーのイラストです。,https://www.irasutoya.com/2013/01/dvdblu-ray.html,1,周辺機器|家電
1612,irasutoya,https://blogger.googleusercontent.com/img/b/R29vZ2xl/AVvXsEg0xeANGXSWbE7E_tANcW6iMINV0YXqyh2IMn2_y9nHENEXwcszuI_DAxkjrF9YjgrRdoQuekrsBogbHGa80B5dz9xuUi9M7dcUehMTntAB23Xzwws0vhM8B849Oxt6g4XzdNewAsfyE0ez/s800/cooking_peeler_kawamuki.png,505,513,2013-01-21,調理器具のイラスト「皮むき器・ピーラー」,野菜などの皮を剥くための、皮むき器（ピーラー）のイラストです。,https://www.irasutoya.com/2013/01/blog-post_21.html,調理器具のイラスト「皮むき器・ピーラー」,野菜などの皮を剥くための、皮むき器（ピーラー）のイラストです。,https://www.irasutoya.com/2013/01/blog-post_21.html,1,料理
1611,irasutoya,https://blogger.googleusercontent.com/img/b/R29vZ2xl/AVvXsEhnuugkn6zMbgciWKx3wd6ydPAiTgsohKlpfP1WObmoa0K9wC9LbJmVLWJcBwsWv3ZOqZsJtb8XeV3IJIMOVm34xwwP3FR5MATcDihy4Fe5IHGMj1iQuvwdV48cJrgcmEOEyaaN_aqnWMs/s1600/sentaku_senzai.png,543,531,2013-01-21,洗濯洗剤のイラスト「粉洗剤・液体洗剤」,洗濯用の液体洗剤と、粉洗剤のセットのイラストです。,https://www.irasutoya.com/2013/01/blog-post_3415.html,洗濯洗剤のイラスト「粉洗剤・液体洗剤」,洗濯用の液体洗剤と、粉洗剤のセットのイラストです。,https://www.irasutoya.com/2013/01/blog-post_3415.html,1,洗濯
1525,irasutoya,https://blogger.googleusercontent.com/img/b/R29vZ2xl/AVvXsEj107rEneYxW6jYOGndXO5siMGQ37VvjZOs2g4kfFtir8WEh4Ba-wKjf2wYmokK7Lu2bNCrjzMF2eZf7fpkOrehNHeJaLr4mOj8x467Co-uOK2fA-OXQiefLpQCFV6lNubyv7-_gnPI3UKv/s1600/sick_seki_man.png,726,726,2013-01-20,咳・くしゃみのイラスト,男性が咳（くしゃみ）をしているイラストです。,https://www.irasutoya.com/2013/01/blog-post_7634.html,咳・くしゃみのイラスト,男性が咳（くしゃみ）をしているイラストです。,https://www.irasutoya.com/2013/01/blog-post_7634.html,1,病気
1524,irasutoya,https://blogger.googleusercontent.com/img/b/R29vZ2xl/AVvXsEhejm-R5QqnsCXrNFj3KaJSvGe0SX6swU_SAZwb0ua_n807L9nGi-vL09nsLra10VPBr2y4NtYQvPvPU1LJ274XPM1jiq9g6lFdeDd7wIWTmxE8Mye8hd4KdmjUOr5AZl2ZCLwoDtGS7RPf/s1600/nan_curry.png,777,486,2013-01-20,カレーとナンのイラスト（エスニック料理）,ナンとグリーンカレー、イエローカレー、レッドカレーがセットになっているイラストです。,https://www.irasutoya.com/2013/01/blog-post_775.html,カレーとナンのイラスト（エスニック料理）,ナンとグリーンカレー、イエローカレー、レッドカレーがセットになっているイラストです。,https://www.irasutoya.com/2013/01/blog-post_775.html,1,リクエスト|食べ物
1523,irasutoya,https://blogger.googleusercontent.com/img/b/R29vZ2xl/AVvXsEjRCj0_CvNvPSr43PbM_gdV1IgJpOGvBMY-6_0mlNLuzCd6NDajGHy0krUN_l22A8NFeKaMhGNreiWEG33SabBepf6DHuinFZ-JibfBCK4wNUlewBH7ser_VeiUQ4jgy6ZK7U1X-8ynREGq/s800/kaden_CD_DVD.png,435,496,2013-01-20,CD・DVDのイラスト,CDやDVDのディスクのイラストです。,https://www.irasutoya.com/2013/01/cddvd.html,CD・DVDのイラスト,CDやDVDのディスクのイラストです。,https://www.irasutoya.com/2013/01/cddvd.html,1,周辺機器|家電|音楽
1522,irasutoya,https://blogger.googleusercontent.com/img/b/R29vZ2xl/AVvXsEgMf3s6ZaM7cDp66YK3VQS7hpsWLTpfAnVxYPCFiLhkfznCFexyTUstI4qRQ2ZX_oAFt55Rb0MgfdEVyu9AUM9IWzFS60Jjcfbe3yCLiCrY3uuLIVKwyjNCE736mEMoJIKWpjl-0KSC81KR/s1600/musician_organ.png,549,749,2013-01-20,ネコとアコーディオンのイラスト（音楽隊）,アコーディオンを弾く、可愛いネコのイラストです。,https://www.irasutoya.com/2013/01/blog-post_7144.html,ネコとアコーディオンのイラスト（音楽隊）,アコーディオンを弾く、可愛いネコのイラストです。,https://www.irasutoya.com/2013/01/blog-post_7144.html,1,動物キャラ|音楽
1521,irasutoya,https://blogger.googleusercontent.com/img/b/R29vZ2xl/AVvXsEiThNRFSZJnbTi96DP0sN7xdLl4d-Rp363Rbte8sHkdQTU99JYVzV6oD_KebYbKfrWM-MkQA8zSpxlaOXYxRS08eYudhG6tExRlb6M8Km4oCYc4gpIeFGL4bQMnIQcoZeRZFm5bH_tAO5kK/s800/cooking_pankiri_knife.png,572,718,2013-01-20,調理器具のイラスト「パン切り包丁」,パンを切るためにギザギザになっている、パン切り包丁のイラストです。,https://www.irasutoya.com/2013/01/blog-post_20.html,調理器具のイラスト「パン切り包丁」,パンを切るためにギザギザになっている、パン切り包丁のイラストです。,https://www.irasutoya.com/2013/01/blog-post_20.html,1,料理
1532,irasutoya,https://blogger.googleusercontent.com/img/b/R29vZ2xl/AVvXsEhG1BR_fp86zFwWDRpfXg1VQk152hT2CD43WY6MxpBBSxKmmr3Zuh6Nj5aGSca0zQTRk62PzsZYfQQJzk0VkOuT82omfutHN7hj1AD4of4mv37-l655b8wSUOElyOwH5hFchqS7EmQ2D-s/s1600/virus_oetsu.png,567,733,2013-01-19,吐き気のイラスト,吐き気（つわり）をもよおした女性が、お腹と口を抑えているイラストです。,https://www.irasutoya.com/2013/01/blog-post_8886.html,吐き気のイラスト,吐き気（つわり）をもよおした女性が、お腹と口を抑えているイラストです。,https://www.irasutoya.com/2013/01/blog-post_8886.html,1,あかちゃん|病気
1531,irasutoya,https://blogger.googleusercontent.com/img/b/R29vZ2xl/AVvXsEhOdTrDXzG-1WGY-5zw0iF5v4Bo5wv0Xm70LEIfbcTKKkxaSPdfZ_CRaeLPjs0faqTsqntacBk677XSxNUmzjVboVTixqlp_R2YNpBECFSKnm1EFhzUMqLSddWbOvfk9RucQIwn4oCnIdBh/s1600/happyoukai_title2.png,875,348,2013-01-19,発表会のイラスト「タイトル文字」ひらがな,「発表会」と「はっぴょうかい」と描かれた、イラスト文字です。,https://www.irasutoya.com/2013/01/blog-post_6414.html,発表会のイラスト「タイトル文字」ひらがな,「発表会」と「はっぴょうかい」と描かれた、イラスト文字です。,https://www.irasutoya.com/2013/01/blog-post_6414.html,1,リクエスト|文字|歌|音楽
1530,irasutoya,https://blogger.googleusercontent.com/img/b/R29vZ2xl/AVvXsEg8t9pIpX8t1JUPiaqLMPbPJwo66iNzCpDKP4vbI8xjsx5ruBk2tIsxkgUySPi4339lm-qouGiCuQ2o_rwsVm6ngKfnxgoGujUTbCX-yafZmfRxOuhu1Y3PqK2sLeKgJrXmMwbhYm_8phyn/s1600/happyoukai_title.png,759,411,2013-01-19,発表会のイラスト「タイトル文字」,「発表会」と「はっぴょうかい」と描かれた、イラスト文字です。,https://www.irasutoya.com/2013/01/blog-post_6414.html,発表会のイラスト「タイトル文字」,「発表会」と「はっぴょうかい」と描かれた、イラスト文字です。,https://www.irasutoya.com/2013/01/blog-post_6414.html,1,リクエスト|文字|歌|音楽
1529,irasutoya,https://blogger.googleusercontent.com/img/b/R29vZ2xl/AVvXsEiT3RlRyKtNWc3qSawH1Kow7yrOhr5KlyWjxJwupbeVDO4Cq5SHaIylAlNIdzoES-7setWvw6cMQfss4r4z_cftnareXcX_l93azCTYv5iM3tmJO70TexOrP8Akv_E5f9Hodqc8pY-CU-ZV/s1600/nan.png,729,368,2013-01-19,ナンのイラスト（エスニック料理）,ライスの代わりにカレーと合わせて食べるもちもちのナンのイラストです。,https://www.irasutoya.com/2013/01/blog-post_4905.html,ナンのイラスト（エスニック料理）,ライスの代わりにカレーと合わせて食べるもちもちのナンのイラストです。,https://www.irasutoya.com/2013/01/blog-post_4905.html,1,パン|リクエスト
1528,irasutoya,https://blogger.googleusercontent.com/img/b/R29vZ2xl/AVvXsEhM3YxI5TaHc9lGg0WY6QlTLi2BlCaBBH5SS08dGeCzZ0FzoVzqjFDmOW-8rbTCLIJiUW9DbvM9SUcLheKu7YIYeNDghYYExOvxdNG2lO3xg2u6bLifjz6EQ_Fz-rNLhcSThImBTwzxkYB-/s800/kagu_sofa.png,644,354,2013-01-19,ソファのイラスト,かわいいクリーム色のソファのイラストです。,https://www.irasutoya.com/2013/01/blog-post_6531.html,ソファのイラスト,かわいいクリーム色のソファのイラストです。,https://www.irasutoya.com/2013/01/blog-post_6531.html,1,家具
1527,irasutoya,https://blogger.googleusercontent.com/img/b/R29vZ2xl/AVvXsEjjInO3Ii6_aisLbyg7mfDJ-y7spp-2JMjfJNflCVNU10PMxbiywu4iWn03NXIjAKlLdTTty29yNTqpXLlHFHEjtD1RuiJ5JnitwQrrS-zv4UB_3gQLxBn6ad8Fw6AsqbqJcpexV-fc9qCc/s1600/musician_gimbals.png,770,766,2013-01-19,クマとシンバルのイラスト（音楽隊）,シンバルを叩く、かわいいクマのイラストです。,https://www.irasutoya.com/2013/01/blog-post_9223.html,クマとシンバルのイラスト（音楽隊）,シンバルを叩く、かわいいクマのイラストです。,https://www.irasutoya.com/2013/01/blog-post_9223.html,1,動物キャラ|音楽
1526,irasutoya,https://blogger.googleusercontent.com/img/b/R29vZ2xl/AVvXsEj80YyT00b4tHSaxunpJzJ8NHZ9G1ykjhVJH_09ihTcwOBdlR2GIOKagUhjbGJZGFF9JC5oUPduHBp5dt2g06BwVFQm6I-2Yw8DAoLDW7ivqBH4ZnTFhyphenhyphen731fUTal7NQyJA9FervOTCYZyn/s800/cooking_otama.png,509,588,2013-01-19,調理器具のイラスト「おたま・おたまじゃくし」,スープすくうときに使う、おたまのイラストです。,https://www.irasutoya.com/2013/01/blog-post_19.html,調理器具のイラスト「おたま・おたまじゃくし」,スープすくうときに使う、おたまのイラストです。,https://www.irasutoya.com/2013/01/blog-post_19.html,1,料理
1539,irasutoya,https://blogger.googleusercontent.com/img/b/R29vZ2xl/AVvXsEirE1hQla_SpY6n5t5UfBxiBfL5BYNC1RvfESG3AJCDtOhMCxvQtYW9YXoa5of0d06UDm9cxPbHOgPumBS1VIWY3k1oaN3UqA3VQJ1PpzjumDYbB_2ImD14Kzqal7qYC1gmqvgp5rvrXVs/s1600/virus_mask_woman.png,458,602,2013-01-18,マスクをつけた女性のイラスト,マスクをつけている女性のイラストです。,https://www.irasutoya.com/2013/01/blog-post_2580.html,マスクをつけた女性のイラスト,マスクをつけている女性のイラストです。,https://www.irasutoya.com/2013/01/blog-post_2580.html,1,病気
1538,irasutoya,https://blogger.googleusercontent.com/img/b/R29vZ2xl/AVvXsEiXFdYwSmxoqqHrseEevaVwM7f69l7pDf9KUbXwBAVtCr9T4g6fwiOM4y4mg1XqsMnkSFArL6V2JWRHVdBIIoJKqyBYeQChH1yJMWINbLooN9hqICYAgdlGLn0c5CiXSHv9quehzi_y7Mgd/s1600/green_curry.png,566,460,2013-01-18,グリーンカレーのイラスト（エスニック料理）,ナスと鶏肉が入った、美味しそうなグリーンカレーのイラストです。,https://www.irasutoya.com/2013/01/blog-post_8435.html,グリーンカレーのイラスト（エスニック料理）,ナスと鶏肉が入った、美味しそうなグリーンカレーのイラストです。,https://www.irasutoya.com/2013/01/blog-post_8435.html,1,食べ物
1537,irasutoya,https://blogger.googleusercontent.com/img/b/R29vZ2xl/AVvXsEhkY4OavJALCcuOtuWqZTWkA4eVQajZ4erR62as-FqBXOZslgDY7cMvtUR-jnCkPvkHfgg9E460nk83r5xvYz0PRVz1XQc_vztxnnRJh9awqsl9QACrqsEL1-pPosqJTIkqsxr3OA_pntFf/s1600/namaharumaki.png,723,459,2013-01-18,生春巻きのイラスト（エスニック料理）,ベトナムの代表的な料理、生春巻きのイラストです。,https://www.irasutoya.com/2013/01/blog-post_2593.html,生春巻きのイラスト（エスニック料理）,ベトナムの代表的な料理、生春巻きのイラストです。,https://www.irasutoya.com/2013/01/blog-post_2593.html,1,リクエスト|食べ物
1536,irasutoya,https://blogger.googleusercontent.com/img/b/R29vZ2xl/AVvXsEjk4NTfIrTlSX-rqnJuIkvO2l5byL6prwqRs1YThpplg5s-eb8gqQ6Cdye7Vw7J6ztogybPmWRzG5t2zsvmpkXKmjB-14aW4zIwv-QEBJ-b3JYPPDX2KzVKfdZXFSdp7pcpehdFR71l8eNV/s800/kagu_shunou.png,648,486,2013-01-18,タンス・収納のイラスト,タンスと小さな収納がセットになっているイラストです。,https://www.irasutoya.com/2013/01/blog-post_2454.html,タンス・収納のイラスト,タンスと小さな収納がセットになっているイラストです。,https://www.irasutoya.com/2013/01/blog-post_2454.html,1,家具
1535,irasutoya,https://blogger.googleusercontent.com/img/b/R29vZ2xl/AVvXsEh_WkPCTkLpZvhy385DZc5whPoTZBnpw9On-JdW3RYKRkRuArNneYvWu9pnaUgKWKSRRDX9AFsOMXlFwhgL_JotTvTO0yShccbj-FVy98XqrIVDO7azblNwxZEyM6aU6mbOHj5czED2N4zN/s1600/musician_flute.png,570,812,2013-01-18,うさぎとフルートのイラスト（音楽隊）,フルートを吹く、かわいいウサギのイラストです。,https://www.irasutoya.com/2013/01/blog-post_1457.html,うさぎとフルートのイラスト（音楽隊）,フルートを吹く、かわいいウサギのイラストです。,https://www.irasutoya.com/2013/01/blog-post_1457.html,1,動物キャラ|吹奏楽|音楽
1534,irasutoya,https://blogger.googleusercontent.com/img/b/R29vZ2xl/AVvXsEiMFUNsd_iZ6DkkmgAbzfcaGuILxvEh0H2RqcCkGYu5XKEdKj2sbAMSSaaX-p5hZud1b24Vnkbq5vBxMrdAIdm0NXrmTsLNdo2bJ04GKpH9T-cNzO_jY68JcaII05hYUhCbqGo4imcI7k8K/s800/cooking_oroshigane.png,480,508,2013-01-18,調理器具のイラスト「おろし金」,大根おろしなどを作るための、金属製のおろしがねのイラストです。,https://www.irasutoya.com/2013/01/blog-post_18.html,調理器具のイラスト「おろし金」,大根おろしなどを作るための、金属製のおろしがねのイラストです。,https://www.irasutoya.com/2013/01/blog-post_18.html,1,料理
1533,irasutoya,https://blogger.googleusercontent.com/img/b/R29vZ2xl/AVvXsEjEfa9bhOFfTIZFknZNnkSjZOCv5f-8qFxjjcuAg5lNV4IRhCpKjRGHfuVuChZ9VN3xp2OP5KH8TJxN48PjZh_IaXWPtJs06SgRFkhKYXDOIsdnSS3TuLFKNVY_QWU5pioZW5YVoOnEzVc/s1600/sentaku_kutsushita.png,537,334,2013-01-18,洗濯物・物干しのイラスト「靴下」,洗濯物の物干しハンガーに吊るされた、靴下のイラストです。,https://www.irasutoya.com/2013/01/blog-post_2221.html,洗濯物・物干しのイラスト「靴下」,洗濯物の物干しハンガーに吊るされた、靴下のイラストです。,https://www.irasutoya.com/2013/01/blog-post_2221.html,1,洗濯
1544,irasutoya,https://blogger.googleusercontent.com/img/b/R29vZ2xl/AVvXsEiFkR4FH_-VTfRfDoEY7Pzamn-lPI8QuwbNE5fbPDDak_Es_IqLe_cyKT121-SxkmVgSS8qHECjPuysdE62z5GO6ndCW1K7JEGAZOc6dF8dhX3L0m7K4TDBXssX4REJEOSMsYt0j4lRqw4/s1600/virus_mask_man.png,453,602,2013-01-17,マスクをつけた男性のイラスト,マスクをつけている男性のイラストです。,https://www.irasutoya.com/2013/01/blog-post_2629.html,マスクをつけた男性のイラスト,マスクをつけている男性のイラストです。,https://www.irasutoya.com/2013/01/blog-post_2629.html,1,病気
1543,irasutoya,https://blogger.googleusercontent.com/img/b/R29vZ2xl/AVvXsEga0Lk_pmj6mNpZmUr2y9OeuEE52oUJKGHciTFYiojksCpbUUY2e4y_MTzC8elOdid8wcxx-nLAo7ndOB9ToVyeM5EOaceqZdC_9Yev1o-qTW4gSLhoXj6M7M52meUKrqL6eGSqgpXlQwRW/s1600/gassyou_youchien_girl.png,469,769,2013-01-17,歌のイラスト「幼稚園・女の子・合唱」,歌を歌っている、幼稚園の制服を着た女の子のイラストです。,https://www.irasutoya.com/2013/01/blog-post_6095.html,歌のイラスト「幼稚園・女の子・合唱」,歌を歌っている、幼稚園の制服を着た女の子のイラストです。,https://www.irasutoya.com/2013/01/blog-post_6095.html,1,幼稚園|歌|音楽
1542,irasutoya,https://blogger.googleusercontent.com/img/b/R29vZ2xl/AVvXsEjCnr9RyBakZHloSzOeEn_Gc5UlUFBqI4Db6so-Z5vtEnk3hqtKcPPGOjgMI9EexcHAVzEwC1jxi84mVZzXKIOaSyMbmbZPwm3SjCnaYsPbuwwfIhSAD29rZn0m8KgCbk3p3ZZy0caeV-4R/s800/kagu_futon.png,478,342,2013-01-17,布団のイラスト,緑色のチェックの布団がたたまれているイラストです。,https://www.irasutoya.com/2013/01/blog-post_7105.html,布団のイラスト,緑色のチェックの布団がたたまれているイラストです。,https://www.irasutoya.com/2013/01/blog-post_7105.html,1,家具|睡眠
1541,irasutoya,https://blogger.googleusercontent.com/img/b/R29vZ2xl/AVvXsEjdM7fVTYBEcyxLicKhKCuK6e3WHg-dhunMpAi4_t2s8nDymmyaheJbx_1KsQ4GYfDvo47Wkc9x62-EqIyD05CNXHbOV87w5u3tMvr8ul0I6G3823uMeFK7k93ve4s2PzluQ6xsUi9OJeJ2/s1600/musician_drum.png,585,765,2013-01-17,ブタと小太鼓のイラスト（音楽隊）,小太鼓を叩く、かわいいブタのイラストです。,https://www.irasutoya.com/2013/01/blog-post_3999.html,ブタと小太鼓のイラスト（音楽隊）,小太鼓を叩く、かわいいブタのイラストです。,https://www.irasutoya.com/2013/01/blog-post_3999.html,1,動物キャラ|音楽
1540,irasutoya,https://blogger.googleusercontent.com/img/b/R29vZ2xl/AVvXsEi4jkhabx_mPMhbQM7c7EP54QLMlT6rZnefBI6JBQaD8xNp0D2b1BmNmdec4rvEQiQ_5_tqC_Jx1V8viBEKf-hsOecZa-j0Y0VoQO4_L6sRC_StSTBtpURmg1LlIGEeukQdgXklMjZ7Qnzc/s800/cooking_onabe.png,564,511,2013-01-17,調理器具のイラスト「鍋」,シンプルなかわいい赤いお鍋のイラストです。,https://www.irasutoya.com/2013/01/blog-post_17.html,調理器具のイラスト「鍋」,シンプルなかわいい赤いお鍋のイラストです。,https://www.irasutoya.com/2013/01/blog-post_17.html,1,料理
1550,irasutoya,https://blogger.googleusercontent.com/img/b/R29vZ2xl/AVvXsEi2aPUa-Y1tSv0s5tPb6mIwO4neV0to3uJzfLOgPuM9QNScrjjMTj42Iqhv-IhQ6BEwy0ssy4cUFTINZrEoElro2QjbbTkJVkJXcmp03aarR5wWs44MwKR5iZLy7EDGPzIzBr7Ch3XkJcrD/s800/virus_fukutsuu2.png,723,800,2013-01-16,腹痛のイラスト,青ざめた顔で苦しそうにお腹を抑えている男性のイラストです。,https://www.irasutoya.com/2013/01/blog-post_7417.html,腹痛のイラスト,青ざめた顔で苦しそうにお腹を抑えている男性のイラストです。,https://www.irasutoya.com/2013/01/blog-post_7417.html,1,病気
1549,irasutoya,https://blogger.googleusercontent.com/img/b/R29vZ2xl/AVvXsEgWgQCTErcxrvQs5l4uglye9FwaPuT8egak8nv55wTU0D0oDujsoPetqZrUA7brv1rSBtW6TkIQ9fqlsCTaOverkyH-y2sJJiWaOlB_WOaWpda1iy_av1I_MnbJto-pdE9wMPUbzOeeOkIc/s1600/gassyou_youchien_boy.png,469,769,2013-01-16,歌のイラスト「幼稚園・男の子・合唱」,幼稚園の男の子が楽しそうに歌っているイラストです。,https://www.irasutoya.com/2013/01/blog-post_9995.html,歌のイラスト「幼稚園・男の子・合唱」,幼稚園の男の子が楽しそうに歌っているイラストです。,https://www.irasutoya.com/2013/01/blog-post_9995.html,1,幼稚園|歌|音楽
1548,irasutoya,https://blogger.googleusercontent.com/img/b/R29vZ2xl/AVvXsEgxljVWPrYiONqKXpPHTP29RtvmShfn9-TNlVoIGYD8eSI-EjVGQNi_xz2iCnikddW7bzakKAHh3KF7THtQEJ4fVJOOAuHEefcC2uyRmF2MunjByPxIJNvk5J-ClcF3mmOTRoYtoWeQt2Oz/s800/kagu_desk_chair.png,594,380,2013-01-16,机と椅子のイラスト,木の机と赤い椅子がセットになっているイラストです。,https://www.irasutoya.com/2013/01/blog-post_7617.html,机と椅子のイラスト,木の机と赤い椅子がセットになっているイラストです。,https://www.irasutoya.com/2013/01/blog-post_7617.html,1,家具
1547,irasutoya,https://blogger.googleusercontent.com/img/b/R29vZ2xl/AVvXsEhz3oe7Hu0zbSwMUhHUJxv_5bd_gANs3dRPM7HCSwE-mpdY746_It-qgN1Tge7V90KwmpqFucw52531XsOKyxZNopX4aaucFIM4-w2kbkzaSejljwrVqZNMA4DywyZPwnKtjb75DzIX5DNf/s1600/musician_ukulele.png,681,657,2013-01-16,イルカとウクレレのイラスト（音楽隊）,ウクレレを弾く、かわいいイルカのイラストです。,https://www.irasutoya.com/2013/01/blog-post_5335.html,イルカとウクレレのイラスト（音楽隊）,ウクレレを弾く、かわいいイルカのイラストです。,https://www.irasutoya.com/2013/01/blog-post_5335.html,1,クジライルカ|動物キャラ|南国|音楽
1546,irasutoya,https://blogger.googleusercontent.com/img/b/R29vZ2xl/AVvXsEjvCr_XlD-uipkWGB1IOQ3A6bPLHZKZaC6L6jarYDPYEe-8ZkboL1RPYMRshtx62a_mLzD79HPYl0Aum73JvJ5JgE5IEPE_cM3QeX1hxCIVXz5VfAGOoQSZXLGDzydkAkNckHaQiccR4MIB/s800/cooking_mizukiri_bowl.png,494,416,2013-01-16,調理器具のイラスト「水切りボウル・ザル」,野菜などを洗って、水を切るための水切りボウル（ザル）のイラストです。,https://www.irasutoya.com/2013/01/blog-post_16.html,調理器具のイラスト「水切りボウル・ザル」,野菜などを洗って、水を切るための水切りボウル（ザル）のイラストです。,https://www.irasutoya.com/2013/01/blog-post_16.html,1,料理
1545,irasutoya,https://blogger.googleusercontent.com/img/b/R29vZ2xl/AVvXsEi6jBPpI8pU2QBE3q7vYIIryz4pRnXDV7m6Sz3peRwetN9FKJbZLcocrXphFgIjve3jl7y2Z6LvSk-SEZ3-uTDggE71EzCJtnX8N5oHk9VvNBjO39Dvnu0rieYKZ1rc19QAtdxsiNDzFfo/s1600/sentaku_kago.png,639,677,2013-01-16,洗濯のイラスト「洗濯カゴ・お母さん」,洗濯物が入った洗濯カゴを抱えたお母さんのイラストです。,https://www.irasutoya.com/2013/01/blog-post_8363.html,洗濯のイラスト「洗濯カゴ・お母さん」,洗濯物が入った洗濯カゴを抱えたお母さんのイラストです。,https://www.irasutoya.com/2013/01/blog-post_8363.html,1,洗濯
1555,irasutoya,https://blogger.googleusercontent.com/img/b/R29vZ2xl/AVvXsEhgEK2YSOjzb8BW1jIsMg3Ir3twPvNTSj5mSF5rymfXzD2HJbB50tKYAJ9-e_90wac2UoVTauXdTREactEvTU6-T5psD9fUTcMnFaZABl7CatMfhYLbOpdtfKnw5gyPXk1SEDtMJdn4FLI/s1600/virus_character.png,774,613,2013-01-15,ウイルスのイラスト,悪そうな顔をしたウイルス（ばい菌）のキャラクターのイラストです。,https://www.irasutoya.com/2013/01/blog-post_4644.html,ウイルスのイラスト,悪そうな顔をしたウイルス（ばい菌）のキャラクターのイラストです。,https://www.irasutoya.com/2013/01/blog-post_4644.html,1,キャラクター|病気
1554,irasutoya,https://blogger.googleusercontent.com/img/b/R29vZ2xl/AVvXsEj7VEJMCqHeVVvNhPMWriULr1kXn_XhZH2LSkAeYwI2_t8XbKCcjhMRp83CzClfJpD2Xv1mRuhB5cvuoW9w0okFMvoqBvUw5fL8T2u0bLpXMmP56Y-8uFpZElHA9OuA4d7ETrCG3LJWf2J0/s1600/gassyou_usagi.png,485,728,2013-01-15,歌のイラスト「うさぎ・合唱」,歌を歌っている可愛いウサギのイラストです。,https://www.irasutoya.com/2013/01/blog-post_5551.html,歌のイラスト「うさぎ・合唱」,歌を歌っている可愛いウサギのイラストです。,https://www.irasutoya.com/2013/01/blog-post_5551.html,1,動物キャラ|歌|音楽
1553,irasutoya,https://blogger.googleusercontent.com/img/b/R29vZ2xl/AVvXsEh0J5SPl_0k_xsIiQOiJqHgBqam0xIPdJXZ5aiVwQ0ZIfrPvMKpj1rOr6e9TBq_tsg6OTm43uHqfIpK4XLKRDK1_g2z_lEfH2UyBLCcoev-aTCYAz9RZx1qn3AnHLdhePMn4A4hXgbHy0aA/s800/kagu_clock.png,442,436,2013-01-15,置き時計のイラスト,シンプルな青い置き時計のイラストです。,https://www.irasutoya.com/2013/01/blog-post_9244.html,置き時計のイラスト,シンプルな青い置き時計のイラストです。,https://www.irasutoya.com/2013/01/blog-post_9244.html,1,家具|家電
1552,irasutoya,https://blogger.googleusercontent.com/img/b/R29vZ2xl/AVvXsEjKnYSVaQQooErfs1zN2m-F8WrYPHTGuJ7n5W_r57XhWZmyUJEbP15dFBowX1g3oWRCsZBK4Wc3gaZ5ohvskzc97JEVOXBAk1wHQDcvUSbILu1nwF-jYHegRhzzxPv9I9ELoNzjRTftpEGg/s800/cooking_mixer_blender.png,390,675,2013-01-15,調理器具のイラスト「ミキサー・ジューサー」,ジュースを作ったり、材料を混ぜ合わせたりするための、ミキサー（ジューサー）のイラストです。,https://www.irasutoya.com/2013/01/blog-post_15.html,調理器具のイラスト「ミキサー・ジューサー」,ジュースを作ったり、材料を混ぜ合わせたりするための、ミキサー（ジューサー）のイラストです。,https://www.irasutoya.com/2013/01/blog-post_15.html,1,家電|料理
1551,irasutoya,https://blogger.googleusercontent.com/img/b/R29vZ2xl/AVvXsEhHNYiA0CF12k4S30kx6JDRBijN79ub8JUpQ2C-mDxpjsJWrgDNTXLd6c24nes-0XGKZBBjYhMQlvAviVkceZcRlb_YVfzrTjfyabJovm-Nnj7PJ6jJtRTCgB9xnGRiNxRU1h-OG5MP2nQE/s1600/musician_trumpet.png,615,672,2013-01-15,ネズミとトランペットのイラスト（音楽隊）,トランペットを吹くかわいいねずみのイラストです。,https://www.irasutoya.com/2013/01/blog-post_1077.html,ネズミとトランペットのイラスト（音楽隊）,トランペットを吹くかわいいねずみのイラストです。,https://www.irasutoya.com/2013/01/blog-post_1077.html,1,動物キャラ|吹奏楽|音楽
1560,irasutoya,https://blogger.googleusercontent.com/img/b/R29vZ2xl/AVvXsEi6EbHEP8hAPZE6ieIEyydhXx_KuIknQjavPvhOtx5A4mK2ftVTSA0J6pdqCtDs5r4pATeZ8UPBgSrTei5iFj3-rv2Wax4Jo5tNY9t5tl67YwTAiz70fv0IXy3tuMJS_XfP1ihILkWfwSKF/s1600/wedding_houkoku04.jpg,1005,1487,2013-01-14,結婚報告のテンプレート「フレーム」,結婚報告用の、かわいいツタのフレームのテンプレートです。,https://www.irasutoya.com/2013/01/blog-post_7148.html,結婚報告のテンプレート「フレーム」,結婚報告用の、かわいいツタのフレームのテンプレートです。,https://www.irasutoya.com/2013/01/blog-post_7148.html,1,ウェディング|テンプレート|フレーム
1559,irasutoya,https://blogger.googleusercontent.com/img/b/R29vZ2xl/AVvXsEj4C9ol5y1_N47oUeNzOjTjwMnuFvaaHN6DVKh_q_yc11ToRxFIDTkXAo8gLm1Ttx7asN9_duSw8uBW_xgKsvmcITmh5ivmiEo4ABZ92XswUs3ifMuVXQGgO_FquH3rmap6QgP0hobv4Erl/s800/cooking_microwave.png,585,459,2013-01-14,調理器具のイラスト「電子レンジ」,黒い電子レンジのイラストです。,https://www.irasutoya.com/2013/01/blog-post_14.html,調理器具のイラスト「電子レンジ」,黒い電子レンジのイラストです。,https://www.irasutoya.com/2013/01/blog-post_14.html,1,家電|料理
1558,irasutoya,https://blogger.googleusercontent.com/img/b/R29vZ2xl/AVvXsEhWWz2ShHnS8gTBaydxD6v4YhOU09c-SeBIiwZlSvJAbHYgp6zgy06QJk__HBnWBlgBPbOTkfnCyxyYbya4siUeOr6-uTe26LxunXtdTZDQ0mSyCLUUsbj1uJ-ulyWK7uWPtS5ZxNgQwSZW/s1600/gassyou_pig.png,468,775,2013-01-14,歌のイラスト「ブタ・合唱」,歌を歌っている豚のイラストです。,https://www.irasutoya.com/2013/01/blog-post_3629.html,歌のイラスト「ブタ・合唱」,歌を歌っている豚のイラストです。,https://www.irasutoya.com/2013/01/blog-post_3629.html,1,動物キャラ|歌|音楽
1557,irasutoya,https://blogger.googleusercontent.com/img/b/R29vZ2xl/AVvXsEhPe9aXlo9iTwW1siKIvfCrk_yDhpbUJdjgzxphD28wG0ihS9QvxZFyuqLcPPV-4PTKe-i8cNWcyLnL91KtKKcAWCBOcc2EF2QeMJdY1sm8fQtrrUmphlD1hKaYE8WLOvx7pAh8gNlL7dgi/s1600/musician_recorder.png,504,615,2013-01-14,ハリネズミと笛のイラスト（音楽隊）,縦笛を吹く可愛いハリネズミのイラストです。,https://www.irasutoya.com/2013/01/blog-post_5870.html,ハリネズミと笛のイラスト（音楽隊）,縦笛を吹く可愛いハリネズミのイラストです。,https://www.irasutoya.com/2013/01/blog-post_5870.html,1,動物キャラ|音楽
1556,irasutoya,https://blogger.googleusercontent.com/img/b/R29vZ2xl/AVvXsEhcDFyojiqB3ix2k5-DNXmkIABhy02vxWRwdqwDNUK52YXUPc_FLuBh4EmMkU9u7DtL0FX5wwo-1x3R0h5XYByW5s9OdHOB6ZS2sMPfGXQc7gbaFu16Jx0hYtbx3WWQcgC-SVE2aR8Q_EQ/s1600/sentaku_ita.png,535,522,2013-01-14,洗濯板のイラスト,昔ながらの木の桶に入った洗濯板のイラストです。,https://www.irasutoya.com/2013/01/blog-post_5023.html,洗濯板のイラスト,昔ながらの木の桶に入った洗濯板のイラストです。,https://www.irasutoya.com/2013/01/blog-post_5023.html,1,洗濯
1563,irasutoya,https://blogger.googleusercontent.com/img/b/R29vZ2xl/AVvXsEjZiTu7qmRMNxd4Vna3SXfgBiT2DEQyPDyMFzQdevRSUqq8un_FgwykjctjCPY4xvo0WOxCfD5Ly2cGP8iTNj02VK32GtU4Pape7fmJbk8GaYlnL4F8_HTh8WmA_euqRnK5rwIVKlSlbCHf/s1600/wedding_houkoku03.jpg,1006,1487,2013-01-13,結婚報告のテンプレート「ウェディングケーキ」,ウェディングケーキと「私たち結婚しました」という文字が描かれた、結婚報告のテンプレートです。,https://www.irasutoya.com/2013/01/blog-post_3925.html,結婚報告のテンプレート「ウェディングケーキ」,ウェディングケーキと「私たち結婚しました」という文字が描かれた、結婚報告のテンプレートです。,https://www.irasutoya.com/2013/01/blog-post_3925.html,1,ウェディング|テンプレート
1562,irasutoya,https://blogger.googleusercontent.com/img/b/R29vZ2xl/AVvXsEgM-KUdjKlJ95X3Smf_NhVI8R8fXgJvY1FQIfhdY9OizlhbP4O1NqRLFJWfPMsKE89EJQQm-bOCUdAluhH5M7gRHB5SeFHN7WS6kJBHuBHvu80IsqdcAix6KV6TKFmVZ2MDNHPm02tuOD8g/s800/cooking_menbou.png,591,390,2013-01-13,■,パンやうどんなどの生地を伸ばすための、めん棒のイラストです。,https://www.irasutoya.com/2013/01/blog-post_13.html,■,パンやうどんなどの生地を伸ばすための、めん棒のイラストです。,https://www.irasutoya.com/2013/01/blog-post_13.html,1,料理
1561,irasutoya,https://blogger.googleusercontent.com/img/b/R29vZ2xl/AVvXsEjpsYFYQUAYP_-RSbJBrPfRfKQ0XvhI92L0dUcrC6YeV3jQwu9tB-bwsJAlRRxd1_f8ZDd1syFX7orN58JWb2CTB2zND45UfIoiXmgUoxOuHCfgusB9WGvkfkMMnQX96s-RjrKwFWrUHoCx/s1600/gassyou_neko.png,450,688,2013-01-13,歌のイラスト「ネコ・合唱」,猫が歌を歌っているイラストです。,https://www.irasutoya.com/2013/01/blog-post_7974.html,歌のイラスト「ネコ・合唱」,猫が歌を歌っているイラストです。,https://www.irasutoya.com/2013/01/blog-post_7974.html,1,動物キャラ|歌|猫|音楽
1566,irasutoya,https://blogger.googleusercontent.com/img/b/R29vZ2xl/AVvXsEiDXboEEsTXh8CEXG-RxGQ81sdgq7LWD1ZoZHnCUIePoEyc4aDyB4izEDfkX-DWMV2RrFnzzsge3gxcDHoV-9tG3uKO2YSfnQ3g5RwOSiu9OdMFP3k8erBpTz6fFcogjtzB2vPopZAyAp4o/s800/kaden_iron.png,694,350,2013-01-12,アイロンのイラスト,ピンクのアイロンから湯気が出ているイラストです。,https://www.irasutoya.com/2013/01/blog-post_432.html,アイロンのイラスト,ピンクのアイロンから湯気が出ているイラストです。,https://www.irasutoya.com/2013/01/blog-post_432.html,1,家電
1565,irasutoya,https://blogger.googleusercontent.com/img/b/R29vZ2xl/AVvXsEjJhXcJw5qHyMTRqd9zwlhn40YaTztYCEV9403zYImS-RafO-W3dz2b9t55MDs4Qdlt8yphT-DRKZRKl7k2jAR_z3Qh2hN3COIItzgb5QOJAKf5IVCAOLL9NSzoSSOPAuCFSacaQacSU3w/s1600/sentaku_iron.png,651,709,2013-01-12,アイロンがけのイラスト,お母さんがシャツをアイロンがけしているイラストです。,https://www.irasutoya.com/2013/01/blog-post_9304.html,アイロンがけのイラスト,お母さんがシャツをアイロンがけしているイラストです。,https://www.irasutoya.com/2013/01/blog-post_9304.html,1,洗濯
1564,irasutoya,https://blogger.googleusercontent.com/img/b/R29vZ2xl/AVvXsEjLQFuJvWiW8fFZYdXzVU1JJ8_x03Snn1DSz_y_IcNQIjuIs_I_A4sMnleZgrjCCY5cqOKdjHFlds3f4iPLZWDcOOOp-gUDOqA7UXrm3TIM_oxlZipnXpgEMSVKN1fLSlb3nlkW5T52DSc/s1600/english_book_girl.png,578,638,2013-01-12,英語を勉強する女の子のイラスト,英語の本で英語を勉強をしている女の子のイラストです。,https://www.irasutoya.com/2013/01/blog-post_2739.html,英語を勉強する女の子のイラスト,英語の本で英語を勉強をしている女の子のイラストです。,https://www.irasutoya.com/2013/01/blog-post_2739.html,1,こども|リクエスト|世界|学校|本|英語
1482,irasutoya,https://blogger.googleusercontent.com/img/b/R29vZ2xl/AVvXsEhfdA0g5YVY1gWxOB7n8n3B3hJViB3N4wjyRDIxEPwXmpwBWzM8sLxJZIMDP3aJGoGNou7QFbcNQXyDG8XD31EJ9AOlVEq09N_tuG5RjsByIwUVm2tMEUvT6LZ4IpTSIdhw3RjfeELqrtfP/s1600/wedding_houkoku02.jpg,1005,1488,2013-01-12,結婚報告のテンプレート「カップル」,「私たち結婚しました」というメッセージと、新郎新婦が描かれた、結婚報告のテンプレートです。,https://www.irasutoya.com/2013/01/blog-post_7732.html,結婚報告のテンプレート「カップル」,「私たち結婚しました」というメッセージと、新郎新婦が描かれた、結婚報告のテンプレートです。,https://www.irasutoya.com/2013/01/blog-post_7732.html,1,ウェディング|テンプレート
1480,irasutoya,https://blogger.googleusercontent.com/img/b/R29vZ2xl/AVvXsEjtUEh7V16mCRmcSL4jb4xVYPkDrkGLi2xsYsyIO0-Dlt0uvEDZYCzG_hQLXWTPoy3gTnetdq_CnM1SOKLsTsO7Ks0FkuWfpJXg-QKxWXI3_q6Ierb5xd7E3NB3_IQn9-QJLWsmuh3n7mU1/s1600/gassyou_kuma.png,486,790,2013-01-12,歌のイラスト「クマ・合唱」,歌を歌っている熊のイラストです。,https://www.irasutoya.com/2013/01/blog-post_3008.html,歌のイラスト「クマ・合唱」,歌を歌っている熊のイラストです。,https://www.irasutoya.com/2013/01/blog-post_3008.html,1,動物キャラ|歌|音楽
1479,irasutoya,https://blogger.googleusercontent.com/img/b/R29vZ2xl/AVvXsEiOmqMxAZ0GsCqCrtbomPb4zcHnF8Ye2ZlWLj2H0956o76JChML5ncZcVzC6xLlpHXxy93RoLSBaeftHp93-zT7td13fVboSdALpt5h0RnJAxdik6uDgEK5ZLlCEu06TJr_MZOpLMd52aJK/s800/cooking_manaita.png,626,438,2013-01-12,調理器具のイラスト「まな板」,シンプルな木のまな板のイラストです。,https://www.irasutoya.com/2013/01/blog-post_12.html,調理器具のイラスト「まな板」,シンプルな木のまな板のイラストです。,https://www.irasutoya.com/2013/01/blog-post_12.html,1,料理
1487,irasutoya,https://blogger.googleusercontent.com/img/b/R29vZ2xl/AVvXsEjCFmgPn6Pkbx_qCTVGhhMg77s9drVHSA6OlET2AtOiUI_s1Xq34jDyXSsg-lq6NrxjgbPGcdP0Pu2N9thyphenhyphen-PeqqHW3NnTxKs5h-4rITfqmXbL59YTWswtt-IdFqBqiLbupgnRjs3Fgo8xu/s1600/wedding_houkoku01.jpg,1006,1488,2013-01-11,結婚報告のテンプレート「チャペル」,チャペルと新郎新婦、「私たち結婚しました」というメッセージが描かれた、結婚報告のテンプレートです。,https://www.irasutoya.com/2013/01/blog-post_6135.html,結婚報告のテンプレート「チャペル」,チャペルと新郎新婦、「私たち結婚しました」というメッセージが描かれた、結婚報告のテンプレートです。,https://www.irasutoya.com/2013/01/blog-post_6135.html,1,ウェディング|テンプレート
1486,irasutoya,https://blogger.googleusercontent.com/img/b/R29vZ2xl/AVvXsEjewwdCMBpAYUVOy166ZLedEwxHFMJCB7Crb4hoOTlufhdyyW6LMruxWtscAbg6qRQK0hljKYbecbNn5h7UBy3GyOTig10l9caO8ywQ28psehufIqzfTUqoOAFdul51g1mtebcngXjG_jCd/s1600/wedding_houkoku01_notext.jpg,1006,1488,2013-01-11,結婚報告のテンプレート「チャペル」文字なし,チャペルと新郎新婦、「私たち結婚しました」というメッセージが描かれた、結婚報告のテンプレートです。,https://www.irasutoya.com/2013/01/blog-post_6135.html,結婚報告のテンプレート「チャペル」文字なし,チャペルと新郎新婦、「私たち結婚しました」というメッセージが描かれた、結婚報告のテンプレートです。,https://www.irasutoya.com/2013/01/blog-post_6135.html,1,ウェディング|テンプレート
1485,irasutoya,https://blogger.googleusercontent.com/img/b/R29vZ2xl/AVvXsEjPgqT12gAvYnfSeAcI1Y5x8oatLdqTzyD_JrOOus2he5F7zkiXZHBTYymwt3WUi2J3aLq4TocBCzTP3NpUtEFjBK6krPo9k591geNzHwn_6XjurqEpJhF0Pb1umDDZVPjvQoK2XkCyohVs/s1600/gassyou_girl.png,499,769,2013-01-11,歌のイラスト「女の子・合唱」,楽しそうに歌を歌っている女の子のイラストです。,https://www.irasutoya.com/2013/01/blog-post_3286.html,歌のイラスト「女の子・合唱」,楽しそうに歌を歌っている女の子のイラストです。,https://www.irasutoya.com/2013/01/blog-post_3286.html,1,こども|リクエスト|歌|音楽
1484,irasutoya,https://blogger.googleusercontent.com/img/b/R29vZ2xl/AVvXsEjp-eYfdGX8Bb9WgiO6kuNar87tHx7-0g0dEg_40PEkNJD-vz7tVuOybujnB-Y5Gvkg5zRx9y6U8s8_qzOVGEKu3wI9UyXfBqNEgXFZq0HwF9tIjzP2Em0ft4sJxavA3y8PpIpkk7bBWy2v/s800/kaden_heater.png,561,417,2013-01-11,電気ストーブのイラスト,灰色い電気ストーブ（ガスファンヒーター）のイラストです。,https://www.irasutoya.com/2013/01/blog-post_9950.html,電気ストーブのイラスト,灰色い電気ストーブ（ガスファンヒーター）のイラストです。,https://www.irasutoya.com/2013/01/blog-post_9950.html,1,家電
1483,irasutoya,https://blogger.googleusercontent.com/img/b/R29vZ2xl/AVvXsEhasf02qSFupqVyZ2OwqcUbKWRNqwpJtES7lZn3dvBkGatvsrAYmlCzRkFVeO6lLFjUwgUNoWknkXcEM1THqzst39KKau8pfT7zfegheC_8cVLVIkj1y8sWOzV4sQkI5wNT1cDq11M0vV9V/s800/cooking_lemon_shibori.png,573,629,2013-01-11,調理器具のイラスト「果汁しぼり器」,レモンやみかんやグレープフルーツなど、果物の果汁を絞るための果汁搾り機（スクイーザー）です。,https://www.irasutoya.com/2013/01/blog-post_11.html,調理器具のイラスト「果汁しぼり器」,レモンやみかんやグレープフルーツなど、果物の果汁を絞るための果汁搾り機（スクイーザー）です。,https://www.irasutoya.com/2013/01/blog-post_11.html,1,料理
1494,irasutoya,https://blogger.googleusercontent.com/img/b/R29vZ2xl/AVvXsEiFPURoeRZJL22Ab6OHft4wS37WnxT32m2wenyC4XwKVC1oS4V_OzcovdCyyYLS5AB1Kw9h03MQDivVChKuFkxFF3M4lIjr_S6YFlPQOUn1lVgZvBWV8AaA-HJkO7x-I4Ih8Y3tISKUJGmv/s1600/wedding_card04.jpg,1005,1487,2013-01-10,結婚祝いのテンプレート「フレーム」,可愛いツタのフレームと、「結婚おめでとう」と描かれた、結婚祝いのメッセージのテンプレートです。,https://www.irasutoya.com/2013/01/blog-post_3581.html,結婚祝いのテンプレート「フレーム」,可愛いツタのフレームと、「結婚おめでとう」と描かれた、結婚祝いのメッセージのテンプレートです。,https://www.irasutoya.com/2013/01/blog-post_3581.html,1,ウェディング|テンプレート|フレーム
1493,irasutoya,https://blogger.googleusercontent.com/img/b/R29vZ2xl/AVvXsEgMV8yJ9IsFAiPqg7DddCy05ZLhf9uAjPCNFCvQ6CRS-IyybeZQAYhKLsikjgMqSKvFPV1hXlYwA3VgFm1roHdmYzQXudGciHSlMV0YsN1DUtcN6xWOGtF8yPrKQdmsaaWbUeAWo_Ystlc5/s1600/wedding_card04+_notext.jpg,1005,1487,2013-01-10,結婚祝いのテンプレート「フレーム」文字なし,可愛いツタのフレームと、「結婚おめでとう」と描かれた、結婚祝いのメッセージのテンプレートです。,https://www.irasutoya.com/2013/01/blog-post_3581.html,結婚祝いのテンプレート「フレーム」文字なし|結婚報告のテンプレート「フレーム」文字なし,可愛いツタのフレームと、「結婚おめでとう」と描かれた、結婚祝いのメッセージのテンプレートです。|結婚報告用の、かわいいツタのフレームのテンプレートです。,https://www.irasutoya.com/2013/01/blog-post_3581.html|https://www.irasutoya.com/2013/01/blog-post_7148.html,2,ウェディング|テンプレート|フレーム
1492,irasutoya,https://blogger.googleusercontent.com/img/b/R29vZ2xl/AVvXsEj1sITsYxQoSJq701sJWtLCK9aCVcQiXQ3dDRPj2HNh1uxUgL28-13qQy33amHH-OlGcDf7rSqv4gYLtP9sWluYVRk27HbIX_SqJD-fYHv-AuImHS9DMFOpeUm0XYKlCKvvlrjQqvyfhvMj/s1600/gassyou_boy.png,469,769,2013-01-10,歌のイラスト「男の子・合唱」,男の子が楽しそうに歌を歌っているイラストです。,https://www.irasutoya.com/2013/01/blog-post_3665.html,歌のイラスト「男の子・合唱」,男の子が楽しそうに歌を歌っているイラストです。,https://www.irasutoya.com/2013/01/blog-post_3665.html,1,こども|リクエスト|歌|音楽
1491,irasutoya,https://blogger.googleusercontent.com/img/b/R29vZ2xl/AVvXsEjUgKe4svptWWT7SQrhGakzuOBAZ5OUsJeWpcZhmZg1mYKCfyrh6zBvfBlfQuzzKR5pUOBosf3xkLl94cvnwQIZ06DBev79IGtqw2yoZYQkgPMaTsvnV_YJSy9dxyGhusQ6QLTOyIaQLSI/s1600/sentaku_mother.png,644,627,2013-01-10,洗濯のイラスト「お母さん・洋服」,濡れたTシャツを干しているお母さんのイラストです。,https://www.irasutoya.com/2013/01/t_10.html,洗濯のイラスト「お母さん・洋服」,濡れたTシャツを干しているお母さんのイラストです。,https://www.irasutoya.com/2013/01/t_10.html,1,洗濯
1490,irasutoya,https://blogger.googleusercontent.com/img/b/R29vZ2xl/AVvXsEjhHfpxW_WovVBKw2SPyI5VLgNTfZzE4krNccDhw13dvzwkbQBtt_fIIOSkiDp-P929jlOFt3HtkH8v1ehXSmodK3Qa_lYPtNQeT03zllfxwvbqNsEga7NInhiJZij6_8orxJyY7YGlvqs-/s800/kaden_denwa.png,573,408,2013-01-10,電話のイラスト,オフィスなどで使われる、一般的な事務用の電話のイラストです。,https://www.irasutoya.com/2013/01/blog-post_4555.html,電話のイラスト,オフィスなどで使われる、一般的な事務用の電話のイラストです。,https://www.irasutoya.com/2013/01/blog-post_4555.html,1,家電
1489,irasutoya,https://blogger.googleusercontent.com/img/b/R29vZ2xl/AVvXsEgu8oOFA3OHI5CS_Lmkq6tSsseE38gaufbArFBSRbW4_dXpehSERr3sMZqQlzlj8xJVXzRF78zMdoDmBycZO2sljFgy5mSE_cPl3b4sm1zCI-qk7IXcdxGul_xBus49tHh4H5aJXX4hGzn0/s800/cooking_keiryo_spoon.png,525,507,2013-01-10,計量スプーンのイラスト,大さじ、中さじ、小さじがセットになった、計量スプーンのイラストです。,https://www.irasutoya.com/2013/01/blog-post_10.html,計量スプーンのイラスト,大さじ、中さじ、小さじがセットになった、計量スプーンのイラストです。,https://www.irasutoya.com/2013/01/blog-post_10.html,1,調味料|食器
1488,irasutoya,https://blogger.googleusercontent.com/img/b/R29vZ2xl/AVvXsEhotr7Gxmq_sjOJf8bjq-eWAYbDEzfl6iyqt8akryOvEFQTivzCE9FNgDEYhbG8xz3qfGjMVmZcJy0oLsIQ2vgM7hR73lJxA_lIh8nv93_GR82IObayR4Un1ySn698_E6FIRNPa9IFMPAc/s1600/sentakumono.png,782,527,2013-01-10,洗濯物・物干しのイラスト,洋服、ズボン、靴下の洗濯物が、お日様の下で干されているイラストです。,https://www.irasutoya.com/2013/01/blog-post_1807.html,洗濯物・物干しのイラスト,洋服、ズボン、靴下の洗濯物が、お日様の下で干されているイラストです。,https://www.irasutoya.com/2013/01/blog-post_1807.html,1,洗濯
1500,irasutoya,https://blogger.googleusercontent.com/img/b/R29vZ2xl/AVvXsEj9GMhWBT6VNdhd5OjQBu91EyAA6FuSeW2Y9I6YxsIgzlIv8iAxSEAYMsH4fLJAdkE2rpq50cN0Fto14VaaH7A88oIEx8Tzf5g7nJjtiFi120dQcVjvIyDZxT84QJFdLBRaeSQD3RYvoT4M/s1600/wedding_card03.jpg,1006,1487,2013-01-09,結婚祝いのテンプレート「ウェディングケーキ」,「結婚おめでとう」というメッセージと、ウェディングケーキが描かれた結婚祝いのテンプレートです。,https://www.irasutoya.com/2013/01/blog-post_3356.html,結婚祝いのテンプレート「ウェディングケーキ」,「結婚おめでとう」というメッセージと、ウェディングケーキが描かれた結婚祝いのテンプレートです。,https://www.irasutoya.com/2013/01/blog-post_3356.html,1,ウェディング|テンプレート
1499,irasutoya,https://blogger.googleusercontent.com/img/b/R29vZ2xl/AVvXsEjpMmVOeobecVVj2J9WTyaYG0y700JjMuaBBCFgQlUSIPtgPI3rTXTI_HkHCxneP7WBrEzvX5Tp2Dn7O04X4wCS3_X1NOMHFilbzgiID9lZvLtmoHnOfRykAzCQ5Jc-tL3XNOI-nH2lhJfu/s1600/wedding_card03+_notext.jpg,1006,1487,2013-01-09,結婚祝いのテンプレート「ウェディングケーキ」文字なし,「結婚おめでとう」というメッセージと、ウェディングケーキが描かれた結婚祝いのテンプレートです。,https://www.irasutoya.com/2013/01/blog-post_3356.html,結婚祝いのテンプレート「ウェディングケーキ」文字なし|結婚報告のテンプレート「ウェディングケーキ」文字なし,「結婚おめでとう」というメッセージと、ウェディングケーキが描かれた結婚祝いのテンプレートです。|ウェディングケーキと「私たち結婚しました」という文字が描かれた、結婚報告のテンプレートです。,https://www.irasutoya.com/2013/01/blog-post_3356.html|https://www.irasutoya.com/2013/01/blog-post_3925.html,2,ウェディング|テンプレート
1498,irasutoya,https://blogger.googleusercontent.com/img/b/R29vZ2xl/AVvXsEglkwY6b6Iuyk5JNva2GTjcmeJPFD_wn9ub5JxI6cWLnLEt7CCJJVtxpLpw6Q7RsMlN5NQlnIbGIz211h5DTGuCMu2p2mlPkpr1ocFyAA93j40gugfjEUqQTgjNM3Jafh7Fh3ZRc4ajzNrO/s1600/gassyou_animal.png,934,754,2013-01-09,動物の合唱団のイラスト,かわいい動物のコーラスグループが楽しそうに歌を合唱しているイラストです。,https://www.irasutoya.com/2013/01/blog-post_5724.html,動物の合唱団のイラスト,かわいい動物のコーラスグループが楽しそうに歌を合唱しているイラストです。,https://www.irasutoya.com/2013/01/blog-post_5724.html,1,リクエスト|動物キャラ|歌|音楽
1497,irasutoya,https://blogger.googleusercontent.com/img/b/R29vZ2xl/AVvXsEgwsZOXdGwxCsXDak85njrvADLfsq2yorYX7wjJ7V2S3O-SG_UkuJ7E68fs43R1Bl0VaSSCBPfdGG9qsvZudjzeYwthEAoOW-tfTTlE_n2OHVvjB821BVfuME__j7jgK1nDYiMzkbBxmAh5/s1600/bunbougu_enpitsu.png,282,596,2013-01-09,鉛筆のイラスト（文房具）,緑色の一般的な鉛筆のイラストです。,https://www.irasutoya.com/2013/01/blog-post_9787.html,鉛筆のイラスト（文房具）,緑色の一般的な鉛筆のイラストです。,https://www.irasutoya.com/2013/01/blog-post_9787.html,1,文房具
1496,irasutoya,https://blogger.googleusercontent.com/img/b/R29vZ2xl/AVvXsEhl__n1_895i-OnGyQc1r-KFW1lvJHugTgSSExlVZjur62V5KPBtPuYrMsD13lKwQDdFDxAvBZWCdTM_fk7EojMePb-vffXhImFZyjv8vDXQRS6jIvfumFcVO1Y5Nj1mSgzxuIpN2igiYbT/s800/cooking_kankiri.png,566,581,2013-01-09,缶切りのイラスト,缶詰を開けるための、缶切りのイラストです。,https://www.irasutoya.com/2013/01/blog-post_9.html,缶切りのイラスト,缶詰を開けるための、缶切りのイラストです。,https://www.irasutoya.com/2013/01/blog-post_9.html,1,料理
1495,irasutoya,https://blogger.googleusercontent.com/img/b/R29vZ2xl/AVvXsEjoz8LbU9xGezQkoeMqU97Ngcy7jLnqv24_CC2dMuCZOC6gDJhNsAS4RR3JXhTlYgExMuRu3wEXm2ElnMVg7axd2oEFQf0RR_pLvEs54A5PtN01EIAA8Rxx0AVW22z_ZawEjZpab5j7GNNG/s800/kaden_cassette_tape.png,488,315,2013-01-09,カセットテープのイラスト,黄色いカセットテープのイラストです。,https://www.irasutoya.com/2013/01/blog-post_6200.html,カセットテープのイラスト,黄色いカセットテープのイラストです。,https://www.irasutoya.com/2013/01/blog-post_6200.html,1,家電|音楽
1504,irasutoya,https://blogger.googleusercontent.com/img/b/R29vZ2xl/AVvXsEjrKxWJdYdk6bgwtO2xUkbZwLVBWt_qt4v-v2Q2HkRnKIMiZgP7cHmoiUDfeGg16ldJm9550NFDHnuh341hnk38vjqoHiEDPQE4hGD9tgAsjkOwavyP7NyxMlxjcaeeB9GEpcZJIRrJbd-D/s1600/wedding_card02.jpg,1005,1488,2013-01-08,結婚祝いのテンプレート「カップル」,かわいい新郎新婦と「Happy Wedding」と描かれた、結婚祝いのメッセージ用のテンプレートです。,https://www.irasutoya.com/2013/01/blog-post_488.html,結婚祝いのテンプレート「カップル」,かわいい新郎新婦と「Happy Wedding」と描かれた、結婚祝いのメッセージ用のテンプレートです。,https://www.irasutoya.com/2013/01/blog-post_488.html,1,ウェディング|テンプレート
1503,irasutoya,https://blogger.googleusercontent.com/img/b/R29vZ2xl/AVvXsEiA3jSJNeGa1Mic9dtTqmz5fhjqcGI5xq1JCDZCZy1k5PURq9-je4TIFR-R7z3wKBx85CCWA3n_Ug66KnnxDxv3BIDISHvSWL6hJID3cDfL_VjSWCRTVVBxsFc6SaH61RPn8AC2jEQGJGSF/s1600/apron_papa.png,553,949,2013-01-08,エプロン姿のお父さんのイラスト,エプロンを着た男性（お父さん）のイラストです。,https://www.irasutoya.com/2013/01/blog-post_7561.html,エプロン姿のお父さんのイラスト,エプロンを着た男性（お父さん）のイラストです。,https://www.irasutoya.com/2013/01/blog-post_7561.html,1,リクエスト|料理
1502,irasutoya,https://blogger.googleusercontent.com/img/b/R29vZ2xl/AVvXsEiEAA7Nhb4Q_yfQeum4EFkNOcNLIKhs9PN45o5W_C56AGsqc518oEtXFYwzRi88JNwL5V4MmR3YvHskc7_UpC2jR_NzbhzWOJJOFN52Lz0N-H8CzMwDIQi2ISH-QK-wvEV-bMB5VBx82Aou/s800/kaden_camera_ichigan.png,531,419,2013-01-08,一眼レフカメラのイラスト,大きなレンズの黒い一眼レフカメラのイラストです。,https://www.irasutoya.com/2013/01/blog-post_3939.html,一眼レフカメラのイラスト,大きなレンズの黒い一眼レフカメラのイラストです。,https://www.irasutoya.com/2013/01/blog-post_3939.html,1,メディア|家電
1501,irasutoya,https://blogger.googleusercontent.com/img/b/R29vZ2xl/AVvXsEidwoz5jFWY_GhClEPrRsGlyjyKlZlk3lbU5iQ2wcf1P0dttdKONFC50YH-0DkCC_thIThkeYD7FEHzlRqXDJP_Nb8ph9_sG_rXbcCgJ8H4glUnMLFNPhr61dY01Vr_koxAYGRFaCLNccED/s800/cooking_zundou.png,630,548,2013-01-08,調理器具のイラスト「寸胴」,給食やキャンプで使うような、大きな寸胴のイラストです。これでカレーを山ほど作りたいです。,https://www.irasutoya.com/2013/01/blog-post_8.html,調理器具のイラスト「寸胴」,給食やキャンプで使うような、大きな寸胴のイラストです。これでカレーを山ほど作りたいです。,https://www.irasutoya.com/2013/01/blog-post_8.html,1,料理|給食
1481,irasutoya,https://blogger.googleusercontent.com/img/b/R29vZ2xl/AVvXsEg8INcwdkBb22ZSJ5B38YG4JkrRdwsr_v3XX_y90yRDSg_1rHw9ZlJMv1dOm7Dc9qGjZBrOVy-R9z0I6o1nLeW0smIL55FRVC2gpZsbPCOR7duvpusFpYTBEDikbHcPX5FVBKZxXZ9b1wqx/s1600/wedding_card02+_notext.jpg,1005,1488,2013-01-08,結婚祝いのテンプレート「カップル」文字なし,かわいい新郎新婦と「Happy Wedding」と描かれた、結婚祝いのメッセージ用のテンプレートです。,https://www.irasutoya.com/2013/01/blog-post_488.html,結婚祝いのテンプレート「カップル」文字なし|結婚報告のテンプレート「カップル」文字なし,かわいい新郎新婦と「Happy Wedding」と描かれた、結婚祝いのメッセージ用のテンプレートです。|「私たち結婚しました」というメッセージと、新郎新婦が描かれた、結婚報告のテンプレートです。,https://www.irasutoya.com/2013/01/blog-post_488.html|https://www.irasutoya.com/2013/01/blog-post_7732.html,2,ウェディング|テンプレート
1509,irasutoya,https://blogger.googleusercontent.com/img/b/R29vZ2xl/AVvXsEizCD-nRI8_xA3DK3Kv2plQCKSUtVoJBzy_Vevmq1D3Av63BpaAuo1iBWB4PtksQmTx1E-22-krdxG_DI0T6dnSR8TBsYewJdr-Mz-RZpen2tsX_uk1uaGrYk5C4XUfv97bASwv587LRpZQ/s1600/wedding_card01.jpg,1006,1488,2013-01-07,結婚祝いのテンプレート「チャペル」,「Happy Wedding」という文字と、チャペルが描かれた、結婚お祝いのメッセージ用のテンプレートです。,https://www.irasutoya.com/2013/01/blog-post_5817.html,結婚祝いのテンプレート「チャペル」,「Happy Wedding」という文字と、チャペルが描かれた、結婚お祝いのメッセージ用のテンプレートです。,https://www.irasutoya.com/2013/01/blog-post_5817.html,1,ウェディング|テンプレート
1508,irasutoya,https://blogger.googleusercontent.com/img/b/R29vZ2xl/AVvXsEhi9tQUKAEwsCOtPITZZGj-27UppdNKT3EpDHWsL1Lxt-Dc-67sOXJrGTUw31Cvr4p4nfJk3H8TuD_8UmunuA-QydYkFyVlCjuYuzBS9vaaHoVf8lwh77MvVoaGSBtyhnF-efFjWieiHwLu/s1600/wedding_card01+_notext.jpg,1006,1488,2013-01-07,結婚祝いのテンプレート「チャペル」文字なし,「Happy Wedding」という文字と、チャペルが描かれた、結婚お祝いのメッセージ用のテンプレートです。,https://www.irasutoya.com/2013/01/blog-post_5817.html,結婚祝いのテンプレート「チャペル」文字なし,「Happy Wedding」という文字と、チャペルが描かれた、結婚お祝いのメッセージ用のテンプレートです。,https://www.irasutoya.com/2013/01/blog-post_5817.html,1,ウェディング|テンプレート
1507,irasutoya,https://blogger.googleusercontent.com/img/b/R29vZ2xl/AVvXsEgBwcLr47AhfTgpJJLTXV-QziUHQjvxd4rnYbLvWQXY9PfxuwWOSYW8412K3UouPxX2WrT1-yEyPJr6Qgpb00-IV72DBy1liMsz80UXISKShb4yVloeuNNgZv4lmsadEoiXO_gViQJar-C0/s1600/apron_mama.png,504,933,2013-01-07,エプロン姿のお母さんのイラスト,エプロンを着た女性（お母さん）のイラストです。,https://www.irasutoya.com/2013/01/blog-post_4882.html,エプロン姿のお母さんのイラスト,エプロンを着た女性（お母さん）のイラストです。,https://www.irasutoya.com/2013/01/blog-post_4882.html,1,リクエスト|料理
1506,irasutoya,https://blogger.googleusercontent.com/img/b/R29vZ2xl/AVvXsEgEryf1uybIiQp1UtYtqawRY7g6iZujS8YvTR4Mxq_VFBdlnzngWxhEq7z_vmOCvdGnfNy2Ykgix_3KfcK7CRXAs2dt4naYZfCJ7OpMf53JEzwfrG5uopdK_T6xCvhKWQEmeHpfgIclhbcM/s800/cooking_yakan_kin.png,580,579,2013-01-07,やかんのイラスト・金,かわいい金色のやかんのイラストです。,https://www.irasutoya.com/2013/01/blog-post_7.html,やかんのイラスト・金,かわいい金色のやかんのイラストです。,https://www.irasutoya.com/2013/01/blog-post_7.html,1,料理
1505,irasutoya,https://blogger.googleusercontent.com/img/b/R29vZ2xl/AVvXsEh3DMin89-v5yIzkloD3GMlnkYS3WgTzNvjuXHvD2bYzUT34eGYD2bN9gEf_eyWd4MloNocdLTuR01sIUcjgqZYnJi0oQkWu5RazSKHN-6qEQAIAn8fmjMmHerU291ZJdz-yvxmDRrgsoee/s800/kaden_camera_compact.png,450,326,2013-01-07,コンパクトカメラのイラスト,小さなコンパクトカメラのイラストです。,https://www.irasutoya.com/2013/01/blog-post_2995.html,コンパクトカメラのイラスト,小さなコンパクトカメラのイラストです。,https://www.irasutoya.com/2013/01/blog-post_2995.html,1,メディア|家電
1515,irasutoya,https://blogger.googleusercontent.com/img/b/R29vZ2xl/AVvXsEiSPeaC3DDjJcq3z7XIkYugksB7OMgJBiyT22XQAKV8n-6tEYpIJtHc1UTH07v1sJ8r91Y2FWLKvCq76pPZWFb2SHgMveEcu9stO3xKHAHwRQH6xl8GQ4zmYDIMk7Z2jl_diRtf-1IBRn6Q/s800/cooking_yakan_gin.png,528,528,2013-01-06,やかんのイラスト・銀,銀色の可愛い、やかんのイラストです。,https://www.irasutoya.com/2013/01/blog-post_6.html,やかんのイラスト・銀,銀色の可愛い、やかんのイラストです。,https://www.irasutoya.com/2013/01/blog-post_6.html,1,料理
1514,irasutoya,https://blogger.googleusercontent.com/img/b/R29vZ2xl/AVvXsEgNM-hZW8BIMW5UpaFzeoJ1xG4_ZPqjYndL_QSPqFgDLs2cvCHY-9Tv6lgBq5MpUNRvHdclJLMg2dB47TmwIuTInLOzBaj_QyR2pxSEtLyRtzzilG0D0hg_w0X9FA5s0c87NVbxdcfLFjg/s530/chikyuu.png,530,520,2013-01-06,地球ののイラスト,丸い地球のイラストです。,https://www.irasutoya.com/2013/01/blog-post_9857.html,地球ののイラスト,丸い地球のイラストです。,https://www.irasutoya.com/2013/01/blog-post_9857.html,1,世界|地図
1513,irasutoya,https://blogger.googleusercontent.com/img/b/R29vZ2xl/AVvXsEgkQoo-lbXQz-7u7WkiFvKXQ_ijBHS0EwewbHg5fdLD5rrG9CCIyza_DkZkBejgOMx8jSBSiZbH66lHNkUodMJAmhNTdkO6bKoc9pcLV5gPc7lF0jaYRMbZYzKECkk2WCj4kw7Y8fVJmoTC/s800/kaden_buraunkan_tv.png,513,420,2013-01-06,ブラウン管テレビのイラスト,昔ながらの古いブラウン管テレビのイラストです。,https://www.irasutoya.com/2013/01/blog-post_9868.html,ブラウン管テレビのイラスト,昔ながらの古いブラウン管テレビのイラストです。,https://www.irasutoya.com/2013/01/blog-post_9868.html,1,メディア|家電
1512,irasutoya,https://blogger.googleusercontent.com/img/b/R29vZ2xl/AVvXsEh0pKUaLChRuoADbQJpnBK0MGl-lVe9yqzsGuPwE9C_MfTDspAQOzyxofBIDvaWKAw8cUhrWTgGSKBw8jSAKEsUni8kWe3jjHYKHaRSOQw3cGcgNnP0VQ9rLbDYLYgvBFSk8meKHTY2mIFZ/s1600/ribbon_long.png,1600,245,2013-01-06,リボンのイラスト（座布団３）,文字を上に乗せて土台にしたり、飾りとしても使える、赤いリボンのイラストです。,https://www.irasutoya.com/2013/01/blog-post_1770.html,リボンのイラスト（座布団３）,文字を上に乗せて土台にしたり、飾りとしても使える、赤いリボンのイラストです。,https://www.irasutoya.com/2013/01/blog-post_1770.html,1,ライン|リクエスト|座布団|飾り
1511,irasutoya,https://blogger.googleusercontent.com/img/b/R29vZ2xl/AVvXsEjdOQpMWXJpCpotQgmGbaYF6BFj9xeY-bxV16qK-GAeNKvEuGFbUt21UZgzJn2YXsvbFD68mudl_83EvfVbET4x5k0nBPn1hxk08UMHw5y42ZZ02Rky627h6cW1bd-TQwEdBBg8ZMpzPJpJ/s1600/ribbon_middle.png,1335,272,2013-01-06,リボンのイラスト（座布団２）,文字を上に乗せて土台にしたり、飾りとしても使える、赤いリボンのイラストです。,https://www.irasutoya.com/2013/01/blog-post_1770.html,リボンのイラスト（座布団２）,文字を上に乗せて土台にしたり、飾りとしても使える、赤いリボンのイラストです。,https://www.irasutoya.com/2013/01/blog-post_1770.html,1,ライン|リクエスト|座布団|飾り
1510,irasutoya,https://blogger.googleusercontent.com/img/b/R29vZ2xl/AVvXsEj185T9IR0bT3AXM_9U6BJV97W0IcBZn2B4QFGwHb2SaHCzcdUjs8LrC5um9EyuPqyQ_OyK-OhYR-qdLDN4zwWIW5ECT30bt43z7bWqJHpkwxPyW3-56vQEQr60wUFNOWOxwutGBI8YkHKU/s1600/ribbon_short.png,972,270,2013-01-06,リボンのイラスト（座布団１）,文字を上に乗せて土台にしたり、飾りとしても使える、赤いリボンのイラストです。,https://www.irasutoya.com/2013/01/blog-post_1770.html,リボンのイラスト（座布団１）,文字を上に乗せて土台にしたり、飾りとしても使える、赤いリボンのイラストです。,https://www.irasutoya.com/2013/01/blog-post_1770.html,1,ライン|リクエスト|座布団|飾り
1520,irasutoya,https://blogger.googleusercontent.com/img/b/R29vZ2xl/AVvXsEjlCmvEiASdodWchH9jQE01CbqXyToiPPp4GCcNftk-pvyF8JQYJUN3I1GST0OakVgGfbyQSdrxMmEVriqoS9xkNsRaCtufqkq3SUEgJOp4C55fQttIi5Jvo054Cl9_NrJebQEngCZjFomF/s800/cooking_toaster.png,501,480,2013-01-05,■,パンが入った、かわいいトースターのイラストです。,https://www.irasutoya.com/2013/01/blog-post_5.html,■,パンが入った、かわいいトースターのイラストです。,https://www.irasutoya.com/2013/01/blog-post_5.html,1,パン|家電|料理
1519,irasutoya,https://blogger.googleusercontent.com/img/b/R29vZ2xl/AVvXsEglbsA53jw83Zwlaj4yVKIFeOvSgsUqSqUf4GQCtVNYBA0__CnnXoLNkOMuJ3CG_m664f2-wNhJqX4YqkGWTwNoT7vTPvq3j_7eLLKmTmOBnExq9oCeC3mGsz08Mb2zlQQBTOeVA6Es4nUa/s800/kaden_reizouko_open.png,707,642,2013-01-05,開いている冷蔵庫のイラスト,白い冷蔵庫の扉が開いて、中身が見えているイラストです。,https://www.irasutoya.com/2013/01/blog-post_8308.html,開いている冷蔵庫のイラスト,白い冷蔵庫の扉が開いて、中身が見えているイラストです。,https://www.irasutoya.com/2013/01/blog-post_8308.html,1,家電
1518,irasutoya,https://blogger.googleusercontent.com/img/b/R29vZ2xl/AVvXsEiIM6T9TDOABk07xBUqu_xfFycL4osB9ygEKpw7485Mk0BUNOiIX2wc3bhzEGNHD1rOkTN42FKLD90GmEsXfhLBOtJMubdK1qT7c8AcKLHpNJula5_9KWkbmWFhLaVaPGrHCz-1jnDdPw7Q/s800/kagu_bed.png,634,480,2013-01-05,ベッドのイラスト,木製のダブルベッドのイラストです。,https://www.irasutoya.com/2013/01/blog-post_2668.html,ベッドのイラスト,木製のダブルベッドのイラストです。,https://www.irasutoya.com/2013/01/blog-post_2668.html,1,家具|睡眠
1517,irasutoya,https://blogger.googleusercontent.com/img/b/R29vZ2xl/AVvXsEgLot32_hzfmUB7m1-LIv6_xteBQRlH4Iey2JZS55BblEHBinSLV0bpkP1Xeqvo0XsAcgobPjwHT-O9OkfbCQQnLvO94rI5YD8-BlYSarX6E17DyZEzSxI2Y6MCxualAgd-R5tOuGjBt3Y/s800/world_children.png,800,786,2013-01-05,外国人の子供達のイラスト「世界の少年少女」,地球を中心に手をつないで輪になっている、世界中の子供たち（アジア人、白人、黒人、インディオ系、外国人）のイラストです。,https://www.irasutoya.com/2013/01/blog-post_2340.html,外国人の子供達のイラスト「世界の少年少女」,地球を中心に手をつないで輪になっている、世界中の子供たち（アジア人、白人、黒人、インディオ系、外国人）のイラストです。,https://www.irasutoya.com/2013/01/blog-post_2340.html,1,こども|リクエスト|世界|友達|戦争|集合
1516,irasutoya,https://blogger.googleusercontent.com/img/b/R29vZ2xl/AVvXsEj8onFA9s5wKu60P_VEBPVQUA9ImwZ0W2LXHsjXAz9FbDJk8uvN18zC7IZZeyrUo4Rg0J4q566D8QS7MFc-Rm8lBk8TCafRUsRj2vTQeW0SV7rCNcvn6ykdYuGZkMTo79vuP1fYi6J1ok4/s800/ryouri_metabo_furo_68.png,456,552,2013-01-05,お風呂のイラスト「シャワー」,シャワーからお湯が出ているイラストです。,https://www.irasutoya.com/2013/01/blog-post_4795.html,お風呂のイラスト「シャワー」,シャワーからお湯が出ているイラストです。,https://www.irasutoya.com/2013/01/blog-post_4795.html,1,お風呂
1430,irasutoya,https://blogger.googleusercontent.com/img/b/R29vZ2xl/AVvXsEiXDB0OwtW5YJRvHJXgL4MKpczsrjWzQ_NkD2AyxiFbjWWJI7M5Y7ybdt_ton0zPvE_3hOBMJ-4syuxy8SIEpSPrK-CEci95n0NmVFgW2TTMPw2uZXSwUWb8KOqsGfLOGSC5oLpYc66hhjY/s800/kaden_reizouko.png,432,636,2013-01-04,冷蔵庫のイラスト,三ドアの白い冷蔵庫のイラストです。,https://www.irasutoya.com/2013/01/blog-post_8306.html,冷蔵庫のイラスト,三ドアの白い冷蔵庫のイラストです。,https://www.irasutoya.com/2013/01/blog-post_8306.html,1,家電
1429,irasutoya,https://blogger.googleusercontent.com/img/b/R29vZ2xl/AVvXsEj4t07cbSbqlEzrapaqaoUaIn33NGxj2e5_Eb23oQf2tQm-J2L9cPe6yKg6w7MvaZayxk3kElB5u42uU9yiHTy4qjQiSEVn2LaqtSk5mW8ihrUFFVKjWuVP9uuFuEZSXPbg-j29_jjPxLBB/s1600/shabushabu.png,775,658,2013-01-04,しゃぶしゃぶのイラスト,しゃぶしゃぶの鍋に肉を通しているイラストです。,https://www.irasutoya.com/2013/01/blog-post_702.html,しゃぶしゃぶのイラスト,しゃぶしゃぶの鍋に肉を通しているイラストです。,https://www.irasutoya.com/2013/01/blog-post_702.html,1,冬|食べ物
1428,irasutoya,https://blogger.googleusercontent.com/img/b/R29vZ2xl/AVvXsEhlRGEL80Kglh-KYnsfqTTlWvurmTzTSy_1kGflB9HHp1xGJG3JLp53iB9GgfO4ntmKy2V8qxrXjzfu3nLA3AinJrPSvU3KRLfJHpHC2CODOUrAbTXVb51SDJk8prUIRzJUzPa8UFN34nM/s800/job_kouji_ojigi.png,357,783,2013-01-04,工事作業員のイラスト「おじぎ・お詫び」,eyecoさんからのリクエストです。,https://www.irasutoya.com/2013/01/blog-post_9225.html,工事作業員のイラスト「おじぎ・お詫び」,eyecoさんからのリクエストです。,https://www.irasutoya.com/2013/01/blog-post_9225.html,1,リクエスト|職業
1427,irasutoya,https://blogger.googleusercontent.com/img/b/R29vZ2xl/AVvXsEiG7HJTY0PNiUTVsTQ2lUtd_P7KeTWw9g0f8a7WWUy0rtlflFblu9TMIa5czpOTuY335hiKJszSi9pTiIT1Vu9AFnt3ti6_KpyhoT8gPfeu4vNDK-WBNLlDHCEMubcDpZKyzeWY_cS86wU/s800/furo_shampoo_rinse.png,266,518,2013-01-04,お風呂のイラスト「シャンプー・リンス」,シャンプーやリンスを入れるためのボトルのイラストです。,https://www.irasutoya.com/2013/01/blog-post_2606.html,お風呂のイラスト「シャンプー・リンス」,シャンプーやリンスを入れるためのボトルのイラストです。,https://www.irasutoya.com/2013/01/blog-post_2606.html,1,お風呂
1426,irasutoya,https://blogger.googleusercontent.com/img/b/R29vZ2xl/AVvXsEgIF9tbKjfThKhevOxj1wYOxDzqv6bvE73zPAjFzrQxguRiaLMsUHIVRNOnHTCso8RAxwTJ5mwuVQYu1ong7eVDqpjK8ZbnBLg1ukESQSuzm4qgFUAtiOpLNhfkPz4ENXH938sl4B4J5_Tn/s800/cooking_syouyu_tarasu.png,750,750,2013-01-04,醤油のイラスト,赤い蓋とガラス瓶に入った食卓用の醤油のイラストです。,https://www.irasutoya.com/2013/01/blog-post_4.html,醤油のイラスト,赤い蓋とガラス瓶に入った食卓用の醤油のイラストです。,https://www.irasutoya.com/2013/01/blog-post_4.html,1,調味料
1425,irasutoya,https://blogger.googleusercontent.com/img/b/R29vZ2xl/AVvXsEjPW1oO8G0T0M5-52kR5VNIIFNh7wWLUhuqOzUvSpVCQp2CAt05Jg_nT8DeYz4AU260wtkLwIfkAbXVO36nMfrS7EkAB1-1Sf8Z7-TSUzDVsZHGcpbpRwCeI-5_RUezd4Tb1yUj6PPVHuvr/s800/cooking_syouyu.png,605,695,2013-01-04,醤油のイラスト,赤い蓋とガラス瓶に入った食卓用の醤油のイラストです。,https://www.irasutoya.com/2013/01/blog-post_4.html,醤油のイラスト,赤い蓋とガラス瓶に入った食卓用の醤油のイラストです。,https://www.irasutoya.com/2013/01/blog-post_4.html,1,調味料
1434,irasutoya,https://blogger.googleusercontent.com/img/b/R29vZ2xl/AVvXsEjSC2p-NyrLX6OJxFtqthvEjUvLBCc7URXOEIYdID6ksAmk8FdUwSMdYy6Iu8LXzPDzuk8JT4iqNkr8Ap7MaoQyaC79KJ5v5Ofe48JnO9fTi_Ry76hmWPTtm1allnweps-auLZXuPcjdBJ0/s800/kaden_printer.png,589,450,2013-01-03,プリンターのイラスト,白い一般的なプリンターのイラストです。,https://www.irasutoya.com/2013/01/blog-post_7254.html,プリンターのイラスト,白い一般的なプリンターのイラストです。,https://www.irasutoya.com/2013/01/blog-post_7254.html,1,周辺機器|家電
1433,irasutoya,https://blogger.googleusercontent.com/img/b/R29vZ2xl/AVvXsEijt7qWY7Ohcv9aO0n_sLn-NDHzlfnP3pA__X7_e4euoKyVmlSNXBSlJOj8ug88vET9_cvOMzK1AVYYyudp2KiNF6Lw0P6ayaMdYjFGbAqtuLdRKaq-O4B77fOI6wITAj2yrq2OYmuGfY0/s800/job_kouji.png,336,800,2013-01-03,工事作業員のイラスト,ヘルメットをかぶっている、建築現場や工事現場の作業員のイラストです。,https://www.irasutoya.com/2013/01/blog-post_4440.html,工事作業員のイラスト,ヘルメットをかぶっている、建築現場や工事現場の作業員のイラストです。,https://www.irasutoya.com/2013/01/blog-post_4440.html,1,リクエスト|職業
1432,irasutoya,https://blogger.googleusercontent.com/img/b/R29vZ2xl/AVvXsEiZ9hmkuEUKFE-rBdyECXsA34lPov29aXkNHps3uwu3znEETiq2SYYduu2l08QUGA-vU1nuLqiAFoAWC2y82WS83v1-z5gS5s_8zsGusfhs9h52hjmDxNBjQMKf_-Hyk-s-gHQ2VsOGpBs/s800/furo_sekken.png,528,484,2013-01-03,お風呂のイラスト「石鹸・石鹸置き」,石鹸置きに置かれた、石鹸のイラストです。シャボン玉がまわりを飛んでいます。,https://www.irasutoya.com/2013/01/blog-post_3235.html,お風呂のイラスト「石鹸・石鹸置き」,石鹸置きに置かれた、石鹸のイラストです。シャボン玉がまわりを飛んでいます。,https://www.irasutoya.com/2013/01/blog-post_3235.html,1,お風呂
1431,irasutoya,https://blogger.googleusercontent.com/img/b/R29vZ2xl/AVvXsEidEThfpR02EXfiv6IHPSGjHJemNH3Zj5KM6CfUXMX4mOB60Jkq-vfUK2FXiZ06jbVVH__ob6aM41RgSQNj-IuE_D9rtkn-y2W1gP0d6aSuru3DKQqGsJiRYRx67PrIVqa5a0y2YcwSqbIM/s800/cooking_lemon_shibori.png,507,526,2013-01-03,調理器具のイラスト「果汁しぼり器」,レモンやグレープフルーツの果汁を絞るための、果汁しぼり器（スクイーザー）のイラストです。,https://www.irasutoya.com/2013/01/blog-post_3.html,調理器具のイラスト「果汁しぼり器」,レモンやグレープフルーツの果汁を絞るための、果汁しぼり器（スクイーザー）のイラストです。,https://www.irasutoya.com/2013/01/blog-post_3.html,1,料理
1442,irasutoya,https://blogger.googleusercontent.com/img/b/R29vZ2xl/AVvXsEiVwtcm6w6jkP7oKc8HjVX1JYsw33jEQ_UY1zO0vnU3dYgLxDYxoC1xBLALMI4QylVb0xC2suKEuScAjE_pDA2P1E-vpRDgKgyhUur9ohoNYpf4dG1-cdeBoE9dK5HnYMl4CTAlbtNwfjz7/s800/kaden_laptop.png,578,459,2013-01-02,ノートパソコンのイラスト,黒い事務的なノートパソコンのイラストです。,https://www.irasutoya.com/2013/01/blog-post_2772.html,ノートパソコンのイラスト,黒い事務的なノートパソコンのイラストです。,https://www.irasutoya.com/2013/01/blog-post_2772.html,1,コンピューター|家電
1441,irasutoya,https://www.blogger.com/post-edit.g?blogID=8749391503645026985&postID=7400575324848136175&from=pencil,,,2013-01-02,天使・エンジェルのイラスト,かわいい女の子の天使のイラストです。,https://www.irasutoya.com/2013/01/blog-post_8614.html,天使・エンジェルのイラスト,かわいい女の子の天使のイラストです。,https://www.irasutoya.com/2013/01/blog-post_8614.html,1,キャラクター|クリスマス|ファンタジー|リクエスト
1440,irasutoya,https://b.hatena.ne.jp/entry/,,,2013-01-02,このエントリーをはてなブックマークに追加,かわいい女の子の天使のイラストです。,https://www.irasutoya.com/2013/01/blog-post_8614.html,このエントリーをはてなブックマークに追加,かわいい女の子の天使のイラストです。,https://www.irasutoya.com/2013/01/blog-post_8614.html,1,キャラクター|クリスマス|ファンタジー|リクエスト
1439,irasutoya,http://twitter.com/share?url=https://www.irasutoya.com/2013/01/blog-post_8614.html&text=天使・エンジェルのイラスト｜いらすとや,,,2013-01-02,天使・エンジェルのイラスト,かわいい女の子の天使のイラストです。,https://www.irasutoya.com/2013/01/blog-post_8614.html,天使・エンジェルのイラスト,かわいい女の子の天使のイラストです。,https://www.irasutoya.com/2013/01/blog-post_8614.html,1,キャラクター|クリスマス|ファンタジー|リクエスト
1438,irasutoya,https://canva.com/content-partner?utm_medium=partner&utm_source=irasutoya&utm_campaign=retouch_in_canva_edit_image&image-url=https://pixabay.com/content-partner/{{YOUR_IMAGE_URL}}&external-id=8493547&canva-media-id=,,,2013-01-02,天使・エンジェルのイラスト,かわいい女の子の天使のイラストです。,https://www.irasutoya.com/2013/01/blog-post_8614.html,天使・エンジェルのイラスト,かわいい女の子の天使のイラストです。,https://www.irasutoya.com/2013/01/blog-post_8614.html,1,キャラクター|クリスマス|ファンタジー|リクエスト
1437,irasutoya,https://blogger.googleusercontent.com/img/b/R29vZ2xl/AVvXsEguJTntOhSjD6HNriuUygiPvRBMPlogMwO7h70YEw2SJA98Kn9seDNEH_bsgFoq4YXGU0tILJlWpD4IzWa10dTxDzj_WFdFxjRsRAp1yKbgvBkVZk85NdHwxLLN9MmvYPt04qdSYMwsjNGW/s753/character_angel.png,675,753,2013-01-02,天使・エンジェルのイラスト,かわいい女の子の天使のイラストです。,https://www.irasutoya.com/2013/01/blog-post_8614.html,天使・エンジェルのイラスト,かわいい女の子の天使のイラストです。,https://www.irasutoya.com/2013/01/blog-post_8614.html,1,キャラクター|クリスマス|ファンタジー|リクエスト
1436,irasutoya,https://blogger.googleusercontent.com/img/b/R29vZ2xl/AVvXsEhxUfFSUUKc8UnH5sFTRj6D7PXny64Tgp2CxMFmBNEATBdIVLlZsesKxZkU9wR-ZbggLWTOjy0uAphutojp0spt7O1Fi__dlfk7AO8UWN7sE4KJONFw822PvPOJIMVYVSLU0J148uHYVqk/s800/furo_oke.png,428,358,2013-01-02,お風呂のイラスト「風呂桶」,木でできた、昔ながらの風呂桶のイラストです。,https://www.irasutoya.com/2013/01/blog-post_5071.html,お風呂のイラスト「風呂桶」,木でできた、昔ながらの風呂桶のイラストです。,https://www.irasutoya.com/2013/01/blog-post_5071.html,1,お風呂
1435,irasutoya,https://blogger.googleusercontent.com/img/b/R29vZ2xl/AVvXsEh_OLKPIxhrUjmMbCJpiIxZzHspEu4qutF4Fnis_ctWV4ciK03ZS9CQ0At-ai83TNYuJjMOaYjcdbjSx-WUEjUNVGVpSwAwhVtqMdwN9ZdA5hL15xuD3I7ibAC4Hwxs_lzTzxV2C2ZAsdwc/s800/cooking_houchou.png,542,688,2013-01-02,調理器具のイラスト「包丁」,料理の具材を切るための、包丁のイラストです。,https://www.irasutoya.com/2013/01/blog-post_2.html,調理器具のイラスト「包丁」,料理の具材を切るための、包丁のイラストです。,https://www.irasutoya.com/2013/01/blog-post_2.html,1,料理
1445,irasutoya,https://blogger.googleusercontent.com/img/b/R29vZ2xl/AVvXsEjrNOthaT64zrvzFbvdXDoQn_ZZGv1TkxPtxTjIW3sPHMxrXHyNHpJbfm3luzM1eBKa9p6twP9CFTRMrWI-Y6gGTBI4qVu0H4cZxM154l_gANIKUTTTefsTW8z-YThjcEqG4e6oj7K5KfTZ/s800/kaden_keitai.png,392,443,2013-01-01,携帯電話のイラスト（ガラパゴス携帯）,パカパカと開閉式になっている赤いガラパゴス携帯（ガラケー）のイラストです。,https://www.irasutoya.com/2013/01/blog-post_226.html,携帯電話のイラスト（ガラパゴス携帯）,パカパカと開閉式になっている赤いガラパゴス携帯（ガラケー）のイラストです。,https://www.irasutoya.com/2013/01/blog-post_226.html,1,家電
1444,irasutoya,https://blogger.googleusercontent.com/img/b/R29vZ2xl/AVvXsEgr5rYyc1g9WW2o1HA7f_jz2_Kp7GNw6azLVeBHBFK77m67TwXUQQchRCrLhrVuBNKbt5-GaO5fIzaochIhPt_yUT9twQo0lagC63SLDm0gs_hqt0gqVKhSatmXiMTtMD6f3ne9d71zxno/s800/daiyokujou.png,795,505,2013-01-01,大浴場のイラスト,大きなお風呂に沢山の人が入っているイラストです。,https://www.irasutoya.com/2013/01/blog-post_1.html,大浴場のイラスト,大きなお風呂に沢山の人が入っているイラストです。,https://www.irasutoya.com/2013/01/blog-post_1.html,1,お風呂|リクエスト|旅行
1443,irasutoya,https://blogger.googleusercontent.com/img/b/R29vZ2xl/AVvXsEjyRP4xFqOxWQektsekeceLLy3RMBGijD-96I2YsdUMZd1PNhKdqUZFRJ1z2ckcu9Dl01lUHJrLyflI70F8oY76VL_clv5RPvE-WSXxb1DSAHb0WzKdLYwea-bymsx2HDKeSTh6h-7bLn48/s800/cooking_hakari.png,551,611,2013-01-01,■,料理をするときに重さをはかるための、料理はかりのイラストです。,https://www.irasutoya.com/2013/01/blog-post.html,■,料理をするときに重さをはかるための、料理はかりのイラストです。,https://www.irasutoya.com/2013/01/blog-post.html,1,料理
1449,irasutoya,https://blogger.googleusercontent.com/img/b/R29vZ2xl/AVvXsEggo2sNdPTef5qPGOtGDFLKYpu1G1-lcSm-culb95OE7Pbb_CJm_vxHNr3_IF1-vP6hotW4s_DtRzbZcqfD0jQrWPH5T1GVm7qUFDpi2hGAAEUhQ-e5F4OFYUtJ7q9KABjyMly4r4pnH-A/s800/ski_snowman.png,734,615,2012-12-31,■,笑ってスキーをしている、雪だるまのイラストです。,https://www.irasutoya.com/2012/12/blog-post_1750.html,■,笑ってスキーをしている、雪だるまのイラストです。,https://www.irasutoya.com/2012/12/blog-post_1750.html,1,キャラクター|スポーツ|冬
1448,irasutoya,https://blogger.googleusercontent.com/img/b/R29vZ2xl/AVvXsEgHbQF6P1abgjaF0ElO2xd9iftOtHGxMLSGbA34n1qY_-L7e7OresOCjYlXJIycuv5ytOSrg1tC8Ag00kU0VBoqR6kUXvbPzInukx-eIhqTXeTHBvRhDZpAUi40k8Lk-z3rNYRt5UHjnl4Q/s800/job_news_caster_woman.png,675,800,2012-12-31,女性ニュースキャスターのイラスト,ニュースキャスター（アナウンサー）の女性が笑って原稿を読んでいるイラストです。,https://www.irasutoya.com/2012/12/blog-post_1962.html,女性ニュースキャスターのイラスト,ニュースキャスター（アナウンサー）の女性が笑って原稿を読んでいるイラストです。,https://www.irasutoya.com/2012/12/blog-post_1962.html,1,ビジネス|メディア|職業
1447,irasutoya,https://blogger.googleusercontent.com/img/b/R29vZ2xl/AVvXsEiFOzmj0fJpksIamvlVnrWu52W3N9IBVKiL8QYI7F0DUBg2YgVSk2qxLhpWkeIevzRyPkOOLsY8v37Fv4gpJhpx3dAzkLO8jaFbdASeh32fogGY_D77roagzuTVaOM5aPFfyc9Vta8cE0EO/s800/cooking_fryingpan2.png,638,509,2012-12-31,■,黒い浅めのフライパンのイラストです。,https://www.irasutoya.com/2012/12/blog-post_31.html,■,黒い浅めのフライパンのイラストです。,https://www.irasutoya.com/2012/12/blog-post_31.html,1,料理
1446,irasutoya,https://blogger.googleusercontent.com/img/b/R29vZ2xl/AVvXsEhiCUoozS0uXbALjVk9BmnmVygkhiko_M4ienHZFnAWtLUrZN317mK81BfaM_i-UIy6hft0hPc6AY6qC_OBshETCoTTpzdy4xbUo0qDxIRGzDG4UJdsfErS9iejpkPg0Mr4LmyHzEuVgVbX/s800/vegetable_corn.png,657,800,2012-12-31,とうもろこしのイラスト（野菜）,てっぺんに毛がついた、可愛いトウモロコシのイラストです。,https://www.irasutoya.com/2012/12/blog-post_4860.html,とうもろこしのイラスト（野菜）,てっぺんに毛がついた、可愛いトウモロコシのイラストです。,https://www.irasutoya.com/2012/12/blog-post_4860.html,1,野菜
1455,irasutoya,https://blogger.googleusercontent.com/img/b/R29vZ2xl/AVvXsEi7cvuaI7YyDn3yzdCJq4NNzB6E5sWpkylreOxATVAOpfHVfCqa_cQfF7xkxXuWTa4l2toYR6I1DGEHE0oKalvQs_6U3_HoA5pnL-AfKoVPReKU7J9LuzlwWnnmWfmUmWR1O0o8_hhlaZeE/s800/tougarashi_redpepper.png,448,517,2012-12-30,唐辛子のイラスト（野菜）,辛い料理には欠かせない、真っ赤な唐辛子のイラストです。,https://www.irasutoya.com/2012/12/blog-post_5649.html,唐辛子のイラスト（野菜）,辛い料理には欠かせない、真っ赤な唐辛子のイラストです。,https://www.irasutoya.com/2012/12/blog-post_5649.html,1,調味料|野菜
1454,irasutoya,https://blogger.googleusercontent.com/img/b/R29vZ2xl/AVvXsEjHCsbkwmN2neYnUohN8sUO2NaYhYG4ALdm7nguakwABjsuR4aU_WDmLuqPQg2oPizdlkHjmne7YXofOTZsnU1i-6E4ctndOEPE8-MSY7FVqs5EbK7_GmV5mZASbW3pjtGvBwhVJu5fN8c/s800/snowboard_man.png,666,755,2012-12-30,スノーボードのイラスト「男の子」,スノーボードでジャンプをしている、男の子のイラストです。,https://www.irasutoya.com/2012/12/blog-post_3086.html,スノーボードのイラスト「男の子」,スノーボードでジャンプをしている、男の子のイラストです。,https://www.irasutoya.com/2012/12/blog-post_3086.html,1,スポーツ|冬
1453,irasutoya,https://blogger.googleusercontent.com/img/b/R29vZ2xl/AVvXsEijlcLrFw2xP6cHltL4U9ZO7pkHJwPUk4iI0KWFAwbe9ddZPRqvHEwQHA1Crv79jjyFpRk8n1yEo1wNTEWKOe8AoKQeQfOSWNIFSSf834jfrApjnXgIHrci0SwoxORtn2nxWuf2axD83Ss/s800/job_baseballer.png,519,800,2012-12-30,野球選手のイラスト（職業）,バットを持った野球選手（バッター）のイラストです。,https://www.irasutoya.com/2012/12/blog-post_181.html,野球選手のイラスト（職業）,バットを持った野球選手（バッター）のイラストです。,https://www.irasutoya.com/2012/12/blog-post_181.html,1,スポーツ|職業
1452,irasutoya,https://blogger.googleusercontent.com/img/b/R29vZ2xl/AVvXsEjgBC1jdJ8B6HTLZ01CdD-X19Xa2ee_bt5YT3H3td39x1_LhRkLdtfeXwDMADbdLRwYFQCw4CxuRXUnPiuk76vy6jTC5eJPisrpgG2y-boCtqV-9BGw_Vcp1CU-zfMrwtqc7diKcJH-XO0/s800/yoga_yumi.png,800,563,2012-12-30,■,ヨガマットの上で身体を反らせて、弓のポーズをしている女性のイラストです。,https://www.irasutoya.com/2012/12/blog-post_35.html,■,ヨガマットの上で身体を反らせて、弓のポーズをしている女性のイラストです。,https://www.irasutoya.com/2012/12/blog-post_35.html,1,ヨガ|リクエスト
1451,irasutoya,https://blogger.googleusercontent.com/img/b/R29vZ2xl/AVvXsEiWf3xEEV_v-_bugOt8QHgC9tm1eGF9LS-TOeK6b2BsmMU9ZeV0r3NmAvzHr6lOUhXTB5DzBxQuXyNDoPQo88IbQ4J6J581dM7ajbGXQuq2y3yxClqStFXA8CIPYwTHELmXnE76jZuSo1A/s800/furo_isu.png,446,336,2012-12-30,お風呂のイラスト「お風呂いす・バスチェアー」,お風呂で座るために使う、バスチェアーのイラストです。,https://www.irasutoya.com/2012/12/blog-post_7893.html,お風呂のイラスト「お風呂いす・バスチェアー」,お風呂で座るために使う、バスチェアーのイラストです。,https://www.irasutoya.com/2012/12/blog-post_7893.html,1,お風呂
1450,irasutoya,https://blogger.googleusercontent.com/img/b/R29vZ2xl/AVvXsEh_DhcnBylp2hWbzhyofOQFznw1nUL89NNNtLDk1YKY5_hSasCQFLuXbKgFp8TVZs00abXfx_4Jad72t0-lNVdFvHSXHOWyr-q_U5kcc5HK_FezXu2dRzqypMNLkrFaOLyW-INcLmtml2KD/s800/cooking_frying_pan.png,651,462,2012-12-30,調理器具のイラスト「フライパン・深め」,黒い深めのフライパンのイラストです。,https://www.irasutoya.com/2012/12/blog-post_30.html,調理器具のイラスト「フライパン・深め」,黒い深めのフライパンのイラストです。,https://www.irasutoya.com/2012/12/blog-post_30.html,1,料理
1461,irasutoya,https://blogger.googleusercontent.com/img/b/R29vZ2xl/AVvXsEh8s5P9i5Vc7WqHhdl_dCip47zd9_prb1QBR5yhfPhTUWqJdz7QnQ13K0Xmtz0bR5E4e91wuS1XLvQSfBikuTj_6__H2tqWIebzwrIudLCVshtd1Bf7oUJRDGq2QRKhB5n_jO-bdnKvkZ0/s800/yoga_suki.png,800,517,2012-12-29,■,足を上に持ってきて、鋤のポーズの形をしているイラストです。,https://www.irasutoya.com/2012/12/blog-post_867.html,■,足を上に持ってきて、鋤のポーズの形をしているイラストです。,https://www.irasutoya.com/2012/12/blog-post_867.html,1,ヨガ|リクエスト
1460,irasutoya,https://blogger.googleusercontent.com/img/b/R29vZ2xl/AVvXsEizrWWq9a6peCY-LW_5IyVeSDO09PcEt7A7nPdnMipyFrSiNhOf6-DurAuW0k3asYxspgXjhU1HYoo6IHEmvKe6tth94U-rYo-W_Awe_QBigBPM0imNjfze1pwaKb2htHvhjReF6vmMrao/s800/snowboard_woman.png,677,762,2012-12-29,スノーボードのイラスト「女の子」,楽しそうにスノーボードをしている女の子のイラストです。,https://www.irasutoya.com/2012/12/blog-post_9930.html,スノーボードのイラスト「女の子」,楽しそうにスノーボードをしている女の子のイラストです。,https://www.irasutoya.com/2012/12/blog-post_9930.html,1,スポーツ|冬
1459,irasutoya,https://blogger.googleusercontent.com/img/b/R29vZ2xl/AVvXsEhRtztU8xWO2HTDpMyk8NukcfUW-ZOSudWXjp1-ilhOQAMixYmAFDKCHQrybU4o2YEvlQZPj32kd-C6e7CdhLyYclWJ9HbnMlzg6ukEDon3CjDDuRdMM9Uhap6SKh1F6uJks-USY0Dfzr8/s800/furo_bathtowel.png,588,358,2012-12-29,お風呂のイラスト「バスタオル」,ふわふわのバスタオルのイラストです。,https://www.irasutoya.com/2012/12/blog-post_9985.html,お風呂のイラスト「バスタオル」,ふわふわのバスタオルのイラストです。,https://www.irasutoya.com/2012/12/blog-post_9985.html,1,お風呂
1458,irasutoya,https://blogger.googleusercontent.com/img/b/R29vZ2xl/AVvXsEh_kdZZZnNUP3UjZ_GZf4xRKhwO1PdxXqYzmclEkC2bFY06-fWA5v4Wfvx7-TfeKnwbwm027Bo_bJJHJBj6m7WqUWvnnnXsdCxz_Sw_nxCw-LY701K4SUe8aZZj9YhpCM93-D5llsmaIWo/s800/furo_ducky.png,522,424,2012-12-29,お風呂のイラスト「アヒルのおもちゃ」,お風呂に浮かべるアヒルのおもちゃのイラストです。,https://www.irasutoya.com/2012/12/blog-post_69.html,お風呂のイラスト「アヒルのおもちゃ」,お風呂に浮かべるアヒルのおもちゃのイラストです。,https://www.irasutoya.com/2012/12/blog-post_69.html,1,おもちゃ|お風呂
1457,irasutoya,https://blogger.googleusercontent.com/img/b/R29vZ2xl/AVvXsEgUElUT-yhZnjsk4059He__SR51ez8FnWpUMEJ98sI7QRP4BlnC77cQ6KDT5aYykL1H5lbPtWHONDCq7-UVUgdtPfWBYpNrqic_DV9oSk4nimrGhKoCSqitYqG1MP5XnM1y8yBN_FUlsv2b/s800/cooking_frygaeshi.png,509,658,2012-12-29,調理器具のイラスト「フライ返し」,料理を混ぜたり、ひっくり返したりするときに使う、フライ返しのイラストです。,https://www.irasutoya.com/2012/12/blog-post_29.html,調理器具のイラスト「フライ返し」,料理を混ぜたり、ひっくり返したりするときに使う、フライ返しのイラストです。,https://www.irasutoya.com/2012/12/blog-post_29.html,1,料理
1456,irasutoya,https://blogger.googleusercontent.com/img/b/R29vZ2xl/AVvXsEiOCiIKPOlZd_ln1VFeO0Ps4KO7vOHZiCSiQegD06giTH2E0vUzwQPX_uuEdpp2eWhF37cJ4V2MkyJdX9E1IIQIYFUy1qBH1T5FDifC53LSlpdVCCRZE9kbuXLo2AidIFqswVoyoEmEikIU/s800/tomato_red.png,664,664,2012-12-29,トマトのイラスト（野菜）,イタリア料理に欠かせない、新鮮でつやつやの真っ赤なトマトのイラストです。,https://www.irasutoya.com/2012/12/blog-post_9150.html,トマトのイラスト（野菜）,イタリア料理に欠かせない、新鮮でつやつやの真っ赤なトマトのイラストです。,https://www.irasutoya.com/2012/12/blog-post_9150.html,1,野菜
1470,irasutoya,https://blogger.googleusercontent.com/img/b/R29vZ2xl/AVvXsEi-uvhgczlfF9phWaf7dy5j27xRSYYINa3Qbkcb6UDq1h6ySSw2swexe74_eo3yOvwKCrNT1laCv0st9-ut_zMxfDAgq4YVA0exQC2druuRYcxq28CTvlLl4frop4DtjOk_SzTElDPzckk/s800/sori_man.png,508,616,2012-12-28,■,ソリで雪遊びをしている男の子のイラストです。,https://www.irasutoya.com/2012/12/blog-post_315.html,■,ソリで雪遊びをしている男の子のイラストです。,https://www.irasutoya.com/2012/12/blog-post_315.html,1,冬|運動
1469,irasutoya,https://blogger.googleusercontent.com/img/b/R29vZ2xl/AVvXsEjw8lmB2De4b3Z9a5ur2yAmOmvU0uA9WpTVDpgWNWHJmuZgh0Aha2hOjggSUGg8j5dU-qUilx0mUXFxYA4Be1EIccmysic6H91TsmfBc7cQgenfBEk33zaTZHVHWsaLeoH3Brq9HezEM3k/s800/job_businessman.png,424,792,2012-12-28,サラリーマンのイラスト（職業）,スーツを来てカバンを持って、七三分けのサラリーマンのイラストです。,https://www.irasutoya.com/2012/12/blog-post_8405.html,サラリーマンのイラスト（職業）,スーツを来てカバンを持って、七三分けのサラリーマンのイラストです。,https://www.irasutoya.com/2012/12/blog-post_8405.html,1,ビジネス|会社|職業
1468,irasutoya,https://blogger.googleusercontent.com/img/b/R29vZ2xl/AVvXsEgrNKNOnOnox9068PaGz1WLv5vsyLctZn5ExUFVXxUTpp4myGvjPfaIFkHgwLP1I9WQBZ0Kpi_BlYro6B0Ci2H5fkc-TBlK0UyiqiDzpeJqKqyT4QD3uFVeCbT2aepMiiMXTsaOV7acMQ42/s800/ryouri_woman_manaita.png,655,800,2012-12-28,料理のイラスト「女性」,笑いながら料理をしている、女性のイラストです。,https://www.irasutoya.com/2012/12/blog-post_3849.html,料理のイラスト「女性」,笑いながら料理をしている、女性のイラストです。,https://www.irasutoya.com/2012/12/blog-post_3849.html,1,料理
1467,irasutoya,https://blogger.googleusercontent.com/img/b/R29vZ2xl/AVvXsEgtZffm9F4DhF56L6zbfqLDJ3JsREuzD2xtoox3MkNq9fYq-bZkOS-Ca8v4s3ommlnBjPp9MTVw7WWyYwDccWOKaltCCvqEiJxwKnyNcmyU_GAdBzIv7IxRjsIQOZBUxe3F6EYOeRQF3anF/s800/tamanegi_onion+(1).png,528,555,2012-12-28,玉ねぎのイラスト（野菜）,丸くてつやつや、カレーに野菜炒めに万能な、たまねぎのイラストです。,https://www.irasutoya.com/2012/12/blog-post_7617.html,玉ねぎのイラスト（野菜）,丸くてつやつや、カレーに野菜炒めに万能な、たまねぎのイラストです。,https://www.irasutoya.com/2012/12/blog-post_7617.html,1,野菜
1466,irasutoya,https://blogger.googleusercontent.com/img/b/R29vZ2xl/AVvXsEiJ0i536VG8ChrozI1PIxII1VSdkNtEUaYXa1vAGxiu2k_j5XDnAEfUetxUE0JIOWPabuA_FDR5A4Kmm5eNPW8s9FdaOaLCwzVFhp_f83gbjlxIgMt6ebOaqTLSf96wuCf9gb7IrZol_Gme/s1600/animal_taka.png,808,748,2012-12-28,鷹のイラスト（動物）,かわいい鷹が羽ばたいているイラストです。,https://www.irasutoya.com/2012/12/blog-post_2174.html,鷹のイラスト（動物）,かわいい鷹が羽ばたいているイラストです。,https://www.irasutoya.com/2012/12/blog-post_2174.html,1,鳥
1465,irasutoya,https://blogger.googleusercontent.com/img/b/R29vZ2xl/AVvXsEglnzhiVW1kmPzZU5C1MV6t2QDiqMcrWWf64dJNOO9CncANGIcVKyQ_A2IvC5BtysJPv58UpTCN19HU0UiiE7zfLns5c06tYfhl7Lx5TQfqDBrkCf2RXfRU7YxpVYXN0NWXAXHZm3LBi_4/s800/syussan_title.png,800,416,2012-12-28,ご出産おめでとう（イラスト文字）,「ご出産おめでとう！」と書かれたイラスト文字です。,https://www.irasutoya.com/2012/12/blog-post_5182.html,ご出産おめでとう（イラスト文字）,「ご出産おめでとう！」と書かれたイラスト文字です。,https://www.irasutoya.com/2012/12/blog-post_5182.html,1,あかちゃん|メッセージ
1464,irasutoya,https://blogger.googleusercontent.com/img/b/R29vZ2xl/AVvXsEhJSIKA_7mnmyEUwPcfgw2SQM5Qzk34cfd8tMTANUvSCWVgpA3xQ7ZOf8K1QAb5R_wjFBZjp8Rsp7r7k3ByFb_Tb3IVL-cuHRvazGme5wcUeE5LHEh45Gg2cdvEgae43oynWMJ-5AAz4oI2/s800/cooking_donabe.png,654,482,2012-12-28,調理器具のイラスト「土鍋」,お鍋やご飯を炊いたりするときに便利な、土鍋のイラストです。,https://www.irasutoya.com/2012/12/blog-post_28.html,調理器具のイラスト「土鍋」,お鍋やご飯を炊いたりするときに便利な、土鍋のイラストです。,https://www.irasutoya.com/2012/12/blog-post_28.html,1,料理
1463,irasutoya,https://blogger.googleusercontent.com/img/b/R29vZ2xl/AVvXsEgBsvVw0ffVurxFuaObFjfxTvD0DCcBO-lScEDjkISk8gAmXwov_BtBg19N4J2CSbiwYCKAKJFPhfXo8WoK5N9GX7n6iqYASlwtNfCjTvmnG6A8s6PdwMF4oitW0h7XJ64Hhp8ANI9uMSxW/s1600/2013.png,550,246,2012-12-28,数字のイラスト文字「2013」,,https://www.irasutoya.com/2012/12/2013.html,数字のイラスト文字「2013」,,https://www.irasutoya.com/2012/12/2013.html,1,お年賀状|文字
1462,irasutoya,https://blogger.googleusercontent.com/img/b/R29vZ2xl/AVvXsEiPGw584-JrC8AFLbYBD5NHi1Lsj66cSZQNtDzXgoMo-NKSZLEUal_IDRFrIKNkAEVrptEUZWI4giCIQhwZ748iEVZNx8EvF8yeU3sgIANB621ggyV5zKWWKJf3isTAJN2HUpYy_OLGFQQ/s800/yoga_sankaku.png,800,800,2012-12-28,■,足を開いて、三角のポーズをしている女性のイラストです。,https://www.irasutoya.com/2012/12/blog-post_9023.html,■,足を開いて、三角のポーズをしている女性のイラストです。,https://www.irasutoya.com/2012/12/blog-post_9023.html,1,ヨガ|リクエスト
1478,irasutoya,https://blogger.googleusercontent.com/img/b/R29vZ2xl/AVvXsEii3s5XoJC1WupcBXyNPNkTsXmVRjZqoxtHyzNHxZoabbmjLCNzdSkYe2j_VbEHaPiwsZKKprRPEprrRp1Vb7BwAahzhSrbH-hm6a92arixbhvdrt8mutLkMBxpZXCVTs-9IRvQY9TgT4Al/s800/mushi_tentoumushi.png,412,356,2012-12-27,てんとう虫のイラスト,赤い体に黒い斑点、可愛いてんとう虫のイラストです。,https://www.irasutoya.com/2012/12/blog-post_4834.html,てんとう虫のイラスト,赤い体に黒い斑点、可愛いてんとう虫のイラストです。,https://www.irasutoya.com/2012/12/blog-post_4834.html,1,春|虫
1477,irasutoya,https://blogger.googleusercontent.com/img/b/R29vZ2xl/AVvXsEjZYQZyiypXZYT21WUA6eEkUMdtyFrYFHVxj6821Bh5lCkThBbvGM89GvVmFsgfs-ju7T7ijeTtlfUgJEP0lECpl7q8T8MaaXaepToXlnvX19LLyMdjZel9yHvkiqWFuLh34RkCvkJa96Y/s800/job_cabin_attendant.png,372,774,2012-12-27,スチュワーデス・客室乗務員のイラスト（職業）,赤いスカーフをつけた、スチュワーデスさんのイラストです。客室乗務員・キャビンアテンダントなどとも呼ぶそうですね。,https://www.irasutoya.com/2012/12/blog-post_5151.html,スチュワーデス・客室乗務員のイラスト（職業）,赤いスカーフをつけた、スチュワーデスさんのイラストです。客室乗務員・キャビンアテンダントなどとも呼ぶそうですね。,https://www.irasutoya.com/2012/12/blog-post_5151.html,1,旅行|職業
1476,irasutoya,https://blogger.googleusercontent.com/img/b/R29vZ2xl/AVvXsEgUBN15CcfY9Dm3iTEmtrotAkfsys2HTARLS0xjt8BeD9XrEpRalDVPrvOE77q7iXRvP_2ScXLsD3GvuNL6aaCPMctBnp0Q0wezkaTUbrRK4tSIcSu8rEtBmeny87ifGbIVo2bZx9ye3OZo/s800/takenoko_bamboo_shoot.png,500,594,2012-12-27,たけのこのイラスト（野菜）,かわいいタケノコのイラストです。,https://www.irasutoya.com/2012/12/blog-post_3430.html,たけのこのイラスト（野菜）,かわいいタケノコのイラストです。,https://www.irasutoya.com/2012/12/blog-post_3430.html,1,野菜
1475,irasutoya,https://blogger.googleusercontent.com/img/b/R29vZ2xl/AVvXsEiXJD8UxOA-for_4T4MeIAJhip-Hv60EdQ99CYeKqZMxsayjiXJD7DJT4CoHcQ1Iz522bh0qJsHSsDKKyu-f7mhv5-PrdFIprygCRy0RxWN2bVY-wCwnZniMFqunYNgtun7MufBRgBDfI8/s800/ryouri_man.png,526,698,2012-12-27,料理のイラスト「男性」,楽しそうに包丁を使って、料理をしている男性のイラストです。,https://www.irasutoya.com/2012/12/blog-post_5003.html,料理のイラスト「男性」,楽しそうに包丁を使って、料理をしている男性のイラストです。,https://www.irasutoya.com/2012/12/blog-post_5003.html,1,料理
1474,irasutoya,https://blogger.googleusercontent.com/img/b/R29vZ2xl/AVvXsEh-t8OsM6mbD0Xg5a6LtlfS8c8w_kMdWA40sOj6MVIhxZya86ZLDQ_k24Kj_wZVdhqSHgzkr7SJ16t6BtwR8Hz6lORw9TecJrULEiY2v7PLH7RCiryZnC1SQJuXlwMOLSyeSb94CkfCxJX5/s1600/musician_violin.png,609,683,2012-12-27,犬とバイオリンのイラスト（音楽隊）,バイオリンを弾く、可愛い犬のイラストです。,https://www.irasutoya.com/2012/12/blog-post_280.html,犬とバイオリンのイラスト（音楽隊）,バイオリンを弾く、可愛い犬のイラストです。,https://www.irasutoya.com/2012/12/blog-post_280.html,1,動物キャラ|犬|音楽
1473,irasutoya,https://blogger.googleusercontent.com/img/b/R29vZ2xl/AVvXsEhK4sp2DCTnPit1n_5s8NRyNQ85lgzwXN6j3tS5hUirtatNwJLVceUIIjWszRtcp_j6JibQvdz38zvWAUUU92eA8_k2y3hjaZ1j-kzg1-YP9N9I-ntWAuJL3WRoP_lRGhLTCg2EfUyTIaE/s800/fish_fugu2.png,720,603,2012-12-27,フグのイラスト（魚）,ぷっくりとした、かわいいフグのイラストです。,https://www.irasutoya.com/2012/12/blog-post_8023.html,フグのイラスト（魚）,ぷっくりとした、かわいいフグのイラストです。,https://www.irasutoya.com/2012/12/blog-post_8023.html,1,魚
1472,irasutoya,https://blogger.googleusercontent.com/img/b/R29vZ2xl/AVvXsEiBaONqEXUM32RsuntTIHyCDG0OV-eGHZ0F17bLX0J4ST6FebUAWhrCMp8_WcZkLqKJY_HRD2TQ2qtLY_C9MtjtJgqjT80wnekGH8aEukJJF-AQTk72HXcYAp3ScBif4v9I0dYT_ci0KXFZ/s800/cooking_debabouchou.png,590,730,2012-12-27,調理器具のイラスト「出刃包丁」,中華料理を作るときによく使われる万能包丁、出刃包丁のイラストです。,https://www.irasutoya.com/2012/12/blog-post_27.html,調理器具のイラスト「出刃包丁」,中華料理を作るときによく使われる万能包丁、出刃包丁のイラストです。,https://www.irasutoya.com/2012/12/blog-post_27.html,1,料理
1471,irasutoya,https://blogger.googleusercontent.com/img/b/R29vZ2xl/AVvXsEjxBc23cBSEvhnW3zB4fuiqs-0cSsuVqC0AUwLaoFRCxMgBFQOwC8LXQ4C24vZT5VehtKRsoVsfZPqKa8xSaQKGcxXGmtrQDxg4jo4tTYX2bvkFX8Gj5ZH-uR-S1LgbzcOXn-jVz1GKesE/s800/yoga_sakana.png,800,443,2012-12-27,■,上半身を反らせて、スポーツヨガの魚のポーズをしているイラストです。,https://www.irasutoya.com/2012/12/blog-post_2172.html,■,上半身を反らせて、スポーツヨガの魚のポーズをしているイラストです。,https://www.irasutoya.com/2012/12/blog-post_2172.html,1,ヨガ|リクエスト
1377,irasutoya,https://blogger.googleusercontent.com/img/b/R29vZ2xl/AVvXsEgNd2fAAHq7nYZ_j8afE5UxvURls-hLOFJSKGNed2pGNbq0nU-Hl6ZJeZlWGf8kDX_9dIcIQoic2EVWekjJOSAunNd-u_ug0_03GvCmIbYTbJBplheLHLyNPrASItkRQt0HIHFEH6PudmY/s800/danro.png,724,700,2012-12-27,暖炉のイラスト「雪の降る夜」,暖炉と奥の窓からは雪景色が見えるイラストです。,https://www.irasutoya.com/2012/12/blog-post_8827.html,暖炉のイラスト「雪の降る夜」,暖炉と奥の窓からは雪景色が見えるイラストです。,https://www.irasutoya.com/2012/12/blog-post_8827.html,1,冬
1387,irasutoya,https://blogger.googleusercontent.com/img/b/R29vZ2xl/AVvXsEjf49xNetTwplAZoHtFwV2B32tU9o-qe8BV-awlhqRf8s37y1sZ_z6FS4gy5mz-50RcZUTjzSrG2ydfr28NfdpdanaGCTzvmTD6QbrKm2hkV-Ytl7QQje62SBleNTRE7SmjPbm_oU2Pr5Ib/s1600/fujisan.png,1205,550,2012-12-26,富士山のイラスト,日本のシンボル、大きな富士山のイラストです。,https://www.irasutoya.com/2012/12/blog-post_2725.html,富士山のイラスト,日本のシンボル、大きな富士山のイラストです。,https://www.irasutoya.com/2012/12/blog-post_2725.html,1,お年賀状|お正月|旅行
1386,irasutoya,https://blogger.googleusercontent.com/img/b/R29vZ2xl/AVvXsEgw5-x32TUScivXHFCd0fmVclzIO9sn-EulyauaITRG3XddxDGgb1fMtL4RLwEIJCwD8ISJN4Bddfnq7ommY_Q7XHYaxuzqODOiGTkZIM0AGufeBKjfsp0VOrjAaoafhyphenhypheng0q2Tu6mQ0dUI/s800/snow_kuma.png,667,760,2012-12-26,■,クマが、雪が降る中遊んでいるイラストです。,https://www.irasutoya.com/2012/12/blog-post_8227.html,■,クマが、雪が降る中遊んでいるイラストです。,https://www.irasutoya.com/2012/12/blog-post_8227.html,1,冬|動物キャラ
1385,irasutoya,https://blogger.googleusercontent.com/img/b/R29vZ2xl/AVvXsEgy1OKApxhTtcJzT4qzaln7f6xwrebzZUG-IdbawpxKrcZam-pdYa1f3C0B3H2o-ycz3udzDasyzIbvUkEIqkHWigr_nUQ-RIvh5Ah7A_n1me7eHZXwwZFBSPQBbu_0XbDTj8W-SsK4sBs/s800/ryouri_girl.png,499,648,2012-12-26,料理のイラスト「女の子」,包丁を使って料理をしている、かわいい女の子のイラストです。,https://www.irasutoya.com/2012/12/blog-post_3509.html,料理のイラスト「女の子」,包丁を使って料理をしている、かわいい女の子のイラストです。,https://www.irasutoya.com/2012/12/blog-post_3509.html,1,こども|料理
1384,irasutoya,https://blogger.googleusercontent.com/img/b/R29vZ2xl/AVvXsEhvrs8eupfgacF2GFYbZvb2VDj-gJnCb4GU9GcUABC3fPZHaUSQZ5S_-HA_vLgPtd3_N3urrhj8sMaMaB-1uIAuBAY993o9rHw01Gk4WbAYoDxF5bdxOsByqcj9Wz5FQOcGNqtdRP-1x8s/s800/yoga_meisou.png,800,772,2012-12-26,■,ヨガマットの上で足を組んでリラックスしながら、瞑想をしている女性のイラストです。,https://www.irasutoya.com/2012/12/blog-post_9802.html,■,ヨガマットの上で足を組んでリラックスしながら、瞑想をしている女性のイラストです。,https://www.irasutoya.com/2012/12/blog-post_9802.html,1,ヨガ|リクエスト
1383,irasutoya,https://blogger.googleusercontent.com/img/b/R29vZ2xl/AVvXsEiky2DRcVtuku4v6-9V2mcZXvUoo2n4dz97MnIHfGWDnvpxe4tIALOb6ItVNelp9ymYSYWWEbVG3EMczfTkBzihP2TZ4h2a9c2UxDKfAn4tmCp8dJ0cRvgGMAaBqv1yS96PyqSBnHcOPz4/s800/syussan_akachan.png,552,744,2012-12-26,出産のイラスト「赤ちゃんとお母さん」,出産したばかりのお母さんさんが、赤ちゃんを抱いているイラストです。,https://www.irasutoya.com/2012/12/blog-post_1032.html,出産のイラスト「赤ちゃんとお母さん」,出産したばかりのお母さんさんが、赤ちゃんを抱いているイラストです。,https://www.irasutoya.com/2012/12/blog-post_1032.html,1,あかちゃん|家族
1382,irasutoya,https://blogger.googleusercontent.com/img/b/R29vZ2xl/AVvXsEg9Rg0RZ_rXWov3HaEK9kH629sY_zeSxtnSGO5HY57sAxKVMVtqW2e_xYffFip40CjpYksx42u2SJA3m1hQIMcwmVQzxDUJYNffPalMr45nmI26iSyOU4ymfgHM97GtmKmH3suPWV9LPo-x/s800/cooking_torobi.png,526,176,2012-12-26,火加減のイラスト「とろ火」,強火,https://www.irasutoya.com/2012/12/blog-post_26.html,火加減のイラスト「とろ火」,強火,https://www.irasutoya.com/2012/12/blog-post_26.html,1,料理
1381,irasutoya,https://blogger.googleusercontent.com/img/b/R29vZ2xl/AVvXsEiGhctNH_fEOMwzK3vIQlbByfnDnn62-oInUyh0HykJf82ry3ZUyWQVW9C0O9inzdIF8FCtCMENZClCVWgpb_rsLyp-PtqhwTs-I9zRJ8i9POJaGAhdiMOUQWlgzCYB1Qc939DZcXnHuBmX/s800/cooking_yowabi.png,526,176,2012-12-26,火加減のイラスト「弱火」,強火,https://www.irasutoya.com/2012/12/blog-post_26.html,火加減のイラスト「弱火」,強火,https://www.irasutoya.com/2012/12/blog-post_26.html,1,料理
1380,irasutoya,https://blogger.googleusercontent.com/img/b/R29vZ2xl/AVvXsEikkPS4C88dytk_fR5pGxQRJoOHRJ0e4oOjqBXM-OuHkA0lQ9bu7xkvIDwus5399-25D1xUDB8mCpxBBgqBPepoCYcEhrN2sVmjJOJ1NgPV7N7USZ-9iPPKCpGE9Jxyds3mKgOIdqeb6uWT/s800/cooking_chuubi.png,526,232,2012-12-26,火加減のイラスト「中火」,強火,https://www.irasutoya.com/2012/12/blog-post_26.html,火加減のイラスト「中火」,強火,https://www.irasutoya.com/2012/12/blog-post_26.html,1,料理
1379,irasutoya,https://blogger.googleusercontent.com/img/b/R29vZ2xl/AVvXsEhrnF9Bm98ojnafjzb9A_Tj7rr9Hc85-h8MD0KJoROAdvKDqvj0SHDp0bdQH_raejVfLo-Sc5Zkz-VRgs4j9cRBM6pA0nDr_kOIDtGdnzNmJrYjPs0XAgYXlByadarGgHyp3T7UQoXLWjhM/s800/cooking_tsuyobi.png,526,276,2012-12-26,火加減のイラスト「強火」,強火,https://www.irasutoya.com/2012/12/blog-post_26.html,火加減のイラスト「強火」,強火,https://www.irasutoya.com/2012/12/blog-post_26.html,1,料理
1378,irasutoya,https://blogger.googleusercontent.com/img/b/R29vZ2xl/AVvXsEi6cZWEJbC9V0xUwLWVMA8fKU49NOrnQvkVwsibGu9Fi2uGPXP0hc17slpx0yfDX8IRcP24z2n1oPCjx3Y6FYKR_r0QmjTaxfLdljy4tXnhfl_3M8RxIlMuV2uBKHW1PRRZFQgMRIcavRJu/s800/satsumaimo_sweetpotato.png,457,512,2012-12-26,さつまいものイラスト（野菜）,秋の味覚の代表格、さつまいものイラストです。,https://www.irasutoya.com/2012/12/blog-post_4388.html,さつまいものイラスト（野菜）,秋の味覚の代表格、さつまいものイラストです。,https://www.irasutoya.com/2012/12/blog-post_4388.html,1,野菜
1394,irasutoya,https://blogger.googleusercontent.com/img/b/R29vZ2xl/AVvXsEgqCVuP1KStjoyYV-jsjXNBicnItwTk4y_UQNRIDDcNPDq3T0qwNdB9V6vcgUfGz3NUZVpYFFVECeFSz7WhNmBc9bO46rMEta6-wNbntsOFoR1KmUPcJR8oxBD1bKnPR8EWTkzthMxJzk0/s800/snow_cat.png,710,674,2012-12-25,■,降っている雪を見上げている猫のイラストです。,https://www.irasutoya.com/2012/12/blog-post_9618.html,■,降っている雪を見上げている猫のイラストです。,https://www.irasutoya.com/2012/12/blog-post_9618.html,1,冬|動物キャラ|猫
1393,irasutoya,https://blogger.googleusercontent.com/img/b/R29vZ2xl/AVvXsEjh2HgJsbQk13wgUdOmUJQbw-resGZnnXrT30PmOIBP-OA7K6Wpxfb1sZFAQsBD0oZUoGrZQ_ImdZfs6ZDPeKHrG_SgC6KXj0Vt1Hl24LhQMDdZfFUz4Jjl7HGin1aNzXjGoZ6BAI9rzbM/s800/yoga_kodachi.png,629,800,2012-12-25,■,手を上げ片足で立っている、木立のポーズをしているヨガインストラクターのイラストです。,https://www.irasutoya.com/2012/12/blog-post_7455.html,■,手を上げ片足で立っている、木立のポーズをしているヨガインストラクターのイラストです。,https://www.irasutoya.com/2012/12/blog-post_7455.html,1,ヨガ|リクエスト
1392,irasutoya,https://blogger.googleusercontent.com/img/b/R29vZ2xl/AVvXsEj0_CiYvjBIpY6jHjgi8EMh-gMgXdf7nF08XDbNJHglkkC1OQ6JlMgJnOkM9wQqVkY2w7BcfZ1nMcKzyrSF_WcfacVSyO7Is7L3fupjYX75zH9TUv72L8X-v7dFu8EP5thqwyFpFL8m9ao/s800/job_chef.png,349,800,2012-12-25,シェフ・コックのイラスト（職業）,長い帽子をかぶったシェフ（コックさん）のイラストです。,https://www.irasutoya.com/2012/12/blog-post_7333.html,シェフ・コックのイラスト（職業）,長い帽子をかぶったシェフ（コックさん）のイラストです。,https://www.irasutoya.com/2012/12/blog-post_7333.html,1,料理|職業
1391,irasutoya,https://blogger.googleusercontent.com/img/b/R29vZ2xl/AVvXsEjyM4mZSiDn8xnkiU-eX7H4lVpdfj-OZJllcnHYFjEHxLs5biKaVRtLQRCqhFG_GCDrh6sg4VU1FAa9vTL70BIUOt5yK7xsGz_TDNGinIZLtJjDSd_BL5o1Qkpfap4UxplQDTC7nIKbW8Q/s800/ryouri_boy.png,500,626,2012-12-25,料理のイラスト「男の子」,楽しそうに料理をする男の子のイラストです。,https://www.irasutoya.com/2012/12/blog-post_5851.html,料理のイラスト「男の子」,楽しそうに料理をする男の子のイラストです。,https://www.irasutoya.com/2012/12/blog-post_5851.html,1,こども|料理
1390,irasutoya,https://blogger.googleusercontent.com/img/b/R29vZ2xl/AVvXsEhduY_bznk1lQo30JXNvoURefrAyx3JD0dnnE1-QR6xPNuXv0S3sZy3J6QHHdOC-K07Uxz91xFIKWzJA3t1b8UFgQhuzAnaT1gykTmFlYbdKDofzhZMw2ZSXpaaHSiU1qY_IgW0fn7Fza4/s800/baby_pig.png,517,656,2012-12-25,ブタの赤ちゃんのイラスト,おむつをはいたブタの赤ちゃんが、笑っているイラストです。,https://www.irasutoya.com/2012/12/blog-post_870.html,ブタの赤ちゃんのイラスト,おむつをはいたブタの赤ちゃんが、笑っているイラストです。,https://www.irasutoya.com/2012/12/blog-post_870.html,1,あかちゃん|動物キャラ
1389,irasutoya,https://blogger.googleusercontent.com/img/b/R29vZ2xl/AVvXsEhdb3H3EWG2BI7EYAmAEFsd0YXSDSBAFGgjH6lN1uoxKqduHGg-Bn52d7IMSDEuU5AGj7o_oRxW4mbbDlkXqcYvSzJSL_xnONaNCJ_KU1C5uHti2LS8PScMI2N7KpJB7IkC6AlyNn3bd54w/s800/cooking_bowl2.png,613,574,2012-12-25,調理器具のイラスト「ボウル」,銀色のボウルのイラストです。,https://www.irasutoya.com/2012/12/blog-post_25.html,調理器具のイラスト「ボウル」,銀色のボウルのイラストです。,https://www.irasutoya.com/2012/12/blog-post_25.html,1,料理
1388,irasutoya,https://blogger.googleusercontent.com/img/b/R29vZ2xl/AVvXsEhn30wB-HUomgGCZvV6one_D42X27KAiZOTNawcPXHCU2uWflH36nxuYlY_pysCCZ8GCh0WXSIGYKTQNM-Q9nBUtGMADowHLxKIhoZ64q7qoI735I5f-L1WhbM3oc7u_IUDav7SKR-E9JAz/s800/piman_greenpepper.png,444,509,2012-12-25,ピーマンのイラスト（野菜）,緑でつやつやな、ピーマンのイラストです。,https://www.irasutoya.com/2012/12/blog-post_7488.html,ピーマンのイラスト（野菜）,緑でつやつやな、ピーマンのイラストです。,https://www.irasutoya.com/2012/12/blog-post_7488.html,1,野菜
1400,irasutoya,https://blogger.googleusercontent.com/img/b/R29vZ2xl/AVvXsEhDgC_LitaegnSzQweakTuya6SNoWwARQQxNeSdf8gjvVk_Zr5L78fpqwX4VeSUNKPMK25cG8c2YOA920W9SnHB03jebsRV_P8wPYjNs_rjHWQvd9Pm77fvELOpLWpUaaY9aEaluKt152s/s800/sori_woman.png,508,616,2012-12-24,ソリのイラスト「女の子」,女の子がソリに乗って雪遊びをしているイラストです。,https://www.irasutoya.com/2012/12/blog-post_5600.html,ソリのイラスト「女の子」,女の子がソリに乗って雪遊びをしているイラストです。,https://www.irasutoya.com/2012/12/blog-post_5600.html,1,冬|運動
1399,irasutoya,https://blogger.googleusercontent.com/img/b/R29vZ2xl/AVvXsEgyRLLVmkZ63sRYwNxpxTFkPfGNl1c-cJBxc_SdxQJvKuu04xbCt78zma5wx6gsVRQ_XLkw6TnIaoXlvOqfmAxqILsOweUlukT6IbTqDpIvv3cKpAfgi82k-36vgTS__Ozsmsaxnn7pzcU/s800/yoga_kobura.png,800,528,2012-12-24,■,上半身を持ち上げる、ヨガのコブラのポーズのイラストです。,https://www.irasutoya.com/2012/12/blog-post_901.html,■,上半身を持ち上げる、ヨガのコブラのポーズのイラストです。,https://www.irasutoya.com/2012/12/blog-post_901.html,1,ヨガ|リクエスト
1398,irasutoya,https://blogger.googleusercontent.com/img/b/R29vZ2xl/AVvXsEjKFHya_WyEwtdqQrL3LxhF9gZ27TjpZulEglllxtQxsxljf2JLpgiavmVRGqgiAqkJ3sPHAGmGZaqG61NDwt7-84r4YCjvt6C5m2GkNK6KAlY8Dyzc1JhpZxSwQpjAXdpuugI4kdgKl_o/s800/job_depart_girl.png,372,774,2012-12-24,デパートガールのイラスト（職業）,デーパトガールのお姉さんがピンクの制服を着ているイラストです。,https://www.irasutoya.com/2012/12/blog-post_9119.html,デパートガールのイラスト（職業）,デーパトガールのお姉さんがピンクの制服を着ているイラストです。,https://www.irasutoya.com/2012/12/blog-post_9119.html,1,職業
1397,irasutoya,https://blogger.googleusercontent.com/img/b/R29vZ2xl/AVvXsEgfq8GbsknPwXKr6hnFxg8M_okMCUEOSefkhFwQ_rPl2KiOkxiGoSbImm_QUlFYF3KIUG96RUPMcB42DQUfGzCior8xnVHd0RgrFBdse5oWQWtkggh8bFSs6BMqdxiDnMtiOYxg5jyeWsQ/s800/metabolic_woman.png,512,735,2012-12-24,ダイエットのイラスト「体重計・女性」,体重計にのって焦っている太った女性のイラストです。,https://www.irasutoya.com/2012/12/blog-post_9066.html,ダイエットのイラスト「体重計・女性」,体重計にのって焦っている太った女性のイラストです。,https://www.irasutoya.com/2012/12/blog-post_9066.html,1,メタボリック
1396,irasutoya,https://blogger.googleusercontent.com/img/b/R29vZ2xl/AVvXsEizc5mMXDG1knPpUL3HpsedMvKHnUXUnkpBiUCDqWBqxCQQNpj-1zTal70pDJ3dHAtQH1qr8wCf6xVYbJVlthZoLdGRBGS01rA6SQVDLJvV1xN-nMTCF3kO7OvsHp-D9hrfs7SUEQwn_ZIv/s800/cooking_awadateki_whipper.png,366,594,2012-12-24,調理器具のイラスト「泡だて器・紺色」,ケーキを作る時の必需品、泡だて器のイラストです。,https://www.irasutoya.com/2012/12/blog-post_24.html,調理器具のイラスト「泡だて器・紺色」,ケーキを作る時の必需品、泡だて器のイラストです。,https://www.irasutoya.com/2012/12/blog-post_24.html,1,料理
1395,irasutoya,https://blogger.googleusercontent.com/img/b/R29vZ2xl/AVvXsEjdK-WgGR3wmsX0om-yW58zufFAZmhzpGt_odQmYnszckIcscfXtYprjgZg6G3DdiGGPCzPIbFPojNgdgtLlqLMO0vB8RZDGgdoiPoZqpPbS7xBSht0n2LsYmtYu2GEIOaXgZwz0P3p_Y4k/s800/paprika.png,668,734,2012-12-24,パプリカのイラスト（野菜）,赤と黄色のカラフルな、パプリカのイラストです。,https://www.irasutoya.com/2012/12/blog-post_9870.html,パプリカのイラスト（野菜）,赤と黄色のカラフルな、パプリカのイラストです。,https://www.irasutoya.com/2012/12/blog-post_9870.html,1,野菜
1408,irasutoya,https://blogger.googleusercontent.com/img/b/R29vZ2xl/AVvXsEhQ-qrh_CNVDksA-6syP_kduIDg3G5HFnB2QdcGjUzS1sd3FmR8aDfq-cklLHqjY1X64_a0tW2tJ3-2Ay5-q8ixopM3DCt4LkmB1k8RariKltVsgF9Nz4Ox0cx1av6ouidA7l-yXsYP0DLx/s800/okura_gombo.png,465,484,2012-12-23,オクラのイラスト（野菜）,ネバネバが美味しい、オクラのイラストです。,https://www.irasutoya.com/2012/12/blog-post_648.html,オクラのイラスト（野菜）,ネバネバが美味しい、オクラのイラストです。,https://www.irasutoya.com/2012/12/blog-post_648.html,1,野菜
1407,irasutoya,https://blogger.googleusercontent.com/img/b/R29vZ2xl/AVvXsEhKzHwMDR4TCz-wvQgvt32AFMaMcVnxvEVAYegYGFx-cyChegOQGrjiAXNnNzPp5EjyoOTMUfhIdKUs3UnlyBXasX6ubwGfY3Sg6r_Sfx6h_yshb1xOD985wINsSmJnkSi5GzdXmTTxUk0/s800/yoga_hineri.png,800,720,2012-12-23,■,女性が身体をひねって、ひねりのポーズをしているイラストです。,https://www.irasutoya.com/2012/12/blog-post_4076.html,■,女性が身体をひねって、ひねりのポーズをしているイラストです。,https://www.irasutoya.com/2012/12/blog-post_4076.html,1,ヨガ|リクエスト
1406,irasutoya,https://blogger.googleusercontent.com/img/b/R29vZ2xl/AVvXsEheB9xgRj6CnwGqr-DiwxRkrYedwYf83gWw0KEi8ffOH7PbSWVlYZAauKEflMQmE61kU7zmnusEOztBECO7j59PRFTydoh_S9KM7jgBnn9-rBYebzT6w4zpPVwgYYxIm7ik49Lmmu4vToo/s800/yuki_title.png,544,452,2012-12-23,■,「雪」と書かれたかわいいイラスト文字です。,https://www.irasutoya.com/2012/12/blog-post_541.html,■,「雪」と書かれたかわいいイラスト文字です。,https://www.irasutoya.com/2012/12/blog-post_541.html,1,冬|文字
1405,irasutoya,https://blogger.googleusercontent.com/img/b/R29vZ2xl/AVvXsEgb9pSlFzdneuS4timoGXI2t3ReaIGto6iMjxm6G4FGQcl6MttXa3Wqa_OlLkTIDJP_w8ibfALhWRbPjRHU7fr_WabNwjMaHZZCvKGSK5FNkMNkIihZFIcyzAoF5zD4vQpGkxLHjQrN8oK6/s1600/yabusame.png,674,1009,2012-12-23,やぶさめのイラスト,馬にまたがり弓矢を打っている、流鏑馬（やぶさめ）のイラストです。,https://www.irasutoya.com/2012/12/blog-post_9929.html,やぶさめのイラスト,馬にまたがり弓矢を打っている、流鏑馬（やぶさめ）のイラストです。,https://www.irasutoya.com/2012/12/blog-post_9929.html,1,お年賀状|お正月
1404,irasutoya,https://blogger.googleusercontent.com/img/b/R29vZ2xl/AVvXsEh1jiDjcBOtGWaln3ZwYcTs-3EVhGnGNjpO9-OFEw3bdbF51f92kcW_UbMUn7OGsoWimD5Y7vwdTKWeeG2x1V-morChDIWvghCYctLdf8HuaUYrdBk3NWKhAXTDaICJPAZ87VdjWrBctHM/s800/job_driver.png,448,688,2012-12-23,ドライバー・運転手のイラスト（職業）,バスやタクシーなどのドライバー（運転手）さんのイラストです。,https://www.irasutoya.com/2012/12/blog-post_1342.html,ドライバー・運転手のイラスト（職業）,バスやタクシーなどのドライバー（運転手）さんのイラストです。,https://www.irasutoya.com/2012/12/blog-post_1342.html,1,職業
1403,irasutoya,https://blogger.googleusercontent.com/img/b/R29vZ2xl/AVvXsEiX7D7_HJH12TlbmPnq4tFq-TvOW28_1M2Cn3EHzK-6D2O9fP0hJU7TpiA21sGRkKkbGOR182k_qaiNjJMzMGAX4B1Nz56-b9y_zL0W72nkJGJrGcZIW-qd6yy0qE99EpdpK82BbsQT77g/s800/metabolic_running_woman.png,620,659,2012-12-23,ダイエットのイラスト「ジョギング・女性」,太った女性が、楽しそうにジョギングをしているイラストです。,https://www.irasutoya.com/2012/12/blog-post_7665.html,ダイエットのイラスト「ジョギング・女性」,太った女性が、楽しそうにジョギングをしているイラストです。,https://www.irasutoya.com/2012/12/blog-post_7665.html,1,メタボリック|運動
1402,irasutoya,https://blogger.googleusercontent.com/img/b/R29vZ2xl/AVvXsEjdkVYltOGFX56Aw4C9_Mj5XA5USNhr52_KYL2S3OS7QIQJ_Ja5sAwaWHqj4gsRkU5mGMDH-scxo7WuPicgvxWK1UuyltZv9XVh_LsGxdvuhxu6GPVYvzqfoo_fMmjIfkhX903UVQq7mps/s800/baby_cat.png,506,698,2012-12-23,猫の赤ちゃんのイラスト,かわいい猫の赤ちゃんが、おむつを履いているイラストです。,https://www.irasutoya.com/2012/12/blog-post_462.html,猫の赤ちゃんのイラスト,かわいい猫の赤ちゃんが、おむつを履いているイラストです。,https://www.irasutoya.com/2012/12/blog-post_462.html,1,あかちゃん|動物キャラ|猫
1401,irasutoya,https://blogger.googleusercontent.com/img/b/R29vZ2xl/AVvXsEg6Jw-6u2w24-EvBP3aJ6pJ7cT40zqUcuVrK0o1MynvnihcmcMyd8HX6u02cgfhm3kfgjFZhIz7eW22fBLuElGuWRAgFe9pNbARGNNRlcTLanDyU95WrGYKr6FVFko3UJ09H0-MJGf6ompe/s800/cooking_awadateki_mizuiro.png,519,614,2012-12-23,調理器具のイラスト「泡だて器・水色」,卵やホイップクリームを泡立てるための、泡だて器のイラストです。,https://www.irasutoya.com/2012/12/blog-post_23.html,調理器具のイラスト「泡だて器・水色」,卵やホイップクリームを泡立てるための、泡だて器のイラストです。,https://www.irasutoya.com/2012/12/blog-post_23.html,1,料理
1417,irasutoya,https://blogger.googleusercontent.com/img/b/R29vZ2xl/AVvXsEjwjc50z7fN7CEv6J_Ya6hpCVIJQvZ_vaKhYLmeMOWE52fKyRbv9eJoFtGF2uRBBg5YBmkg_ZBQ3SJc80cV48PjsRSlEm6avWdFMmCUsjwq6pILX7yvaNg0mbRSY2XynrQWIGj3tnKZ_jE/s800/yukigassen.png,800,561,2012-12-22,■,楽しそうに雪合戦（雪遊び）をしている、子供達のイラストです。,https://www.irasutoya.com/2012/12/blog-post_4570.html,■,楽しそうに雪合戦（雪遊び）をしている、子供達のイラストです。,https://www.irasutoya.com/2012/12/blog-post_4570.html,1,こども|冬|友達|運動
1416,irasutoya,https://blogger.googleusercontent.com/img/b/R29vZ2xl/AVvXsEiS-MVxAXS-ZBGhzH7zcA0ijtYg60Nlsca6Y5S3MUhlvgbz_Vh_lpeaw8z_iFN5-f5ZMwsiMa-95uDLtWC409pQ2787heoAPIAaFgRnZF5dhMTNKcDZugqt4kiGOuDY-69WrIujU-2Vp1Zk/s1600/take.png,696,710,2012-12-22,竹・竹林のイラスト,竹が4本並んでいるイラストです。,https://www.irasutoya.com/2012/12/blog-post_4960.html,竹・竹林のイラスト,竹が4本並んでいるイラストです。,https://www.irasutoya.com/2012/12/blog-post_4960.html,1,お年賀状|植物
1415,irasutoya,https://blogger.googleusercontent.com/img/b/R29vZ2xl/AVvXsEju6rLd0Il2pw-vn61Kl9dbE50LMZfqLTbP9GJottgRJjuJls3ZDZiLjppmLa_pDJRpWMQBlOa6r5EYx9o3-JFewd8YEdFQSCf8uS4HDrdzDCu4ihryCKPNU62_DBCBImxvAEz4nNZsoM0/s800/job_gaka_illustrator.png,541,800,2012-12-22,イラストレーター・画家のイラスト（職業）,ベレー帽をかぶって、スケッチブックを持った、イラストレーター（画家）のイラストです。,https://www.irasutoya.com/2012/12/blog-post_2162.html,イラストレーター・画家のイラスト（職業）,ベレー帽をかぶって、スケッチブックを持った、イラストレーター（画家）のイラストです。,https://www.irasutoya.com/2012/12/blog-post_2162.html,1,文房具|美術|職業
1414,irasutoya,https://blogger.googleusercontent.com/img/b/R29vZ2xl/AVvXsEi29X1EjT6gfc-jQY9Cllym4znwxreuiGK84lq_hAcXCtlQUKSnVc4OvEP8oElgFVmNeL1gq6PGF1Peo3j1roxz88xG1SszfBWhiBCCIVnjpTJrKfJHo1DgrOtNCp2RTChbAx54z2sdc0ma/s800/ninjin_carrot.png,580,708,2012-12-22,ニンジンのイラスト（野菜）,葉っぱの付いた、かわいい人参のイラストです。,https://www.irasutoya.com/2012/12/blog-post_8749.html,ニンジンのイラスト（野菜）,葉っぱの付いた、かわいい人参のイラストです。,https://www.irasutoya.com/2012/12/blog-post_8749.html,1,野菜
1413,irasutoya,https://blogger.googleusercontent.com/img/b/R29vZ2xl/AVvXsEhKzRAy9_626VyMF8y9OGt0Nkw5D-Khzd1l4vDMWKqejofWfiblQg9CcKN9VtXI55ZYuBl9GtMmQhMovwxedMicpM2ewBhcDpVFn6DgNVboMJaJ2VUAOo_IOmjsg0sYMJgM70vLW7-ipuo/s800/metabolic_running_man.png,570,644,2012-12-22,メタボリック・肥満のイラスト「ジョギング・男性」,眼鏡をかけてジョギングをしている、太った中年男性のイラストです。,https://www.irasutoya.com/2012/12/blog-post_9466.html,メタボリック・肥満のイラスト「ジョギング・男性」,眼鏡をかけてジョギングをしている、太った中年男性のイラストです。,https://www.irasutoya.com/2012/12/blog-post_9466.html,1,メタボリック|中年|運動
1412,irasutoya,https://blogger.googleusercontent.com/img/b/R29vZ2xl/AVvXsEiY-azsSBWM-7fkmwD1V39amBsPBhP3LVskJfF9zSir-rQ7J2bnGP6e3XjQ1foCktA_RKDaStJTO_PPMqELHoSnWkJHsTYRRqOpKJoPYWyblO9EEXR4E1hnFd4IMrhChz5G_YvxmkTvWmk/s800/yoga_batta.png,800,563,2012-12-22,■,ヨガマットの上で、バッタのポーズをしている女性のイラストです。,https://www.irasutoya.com/2012/12/blog-post_8637.html,■,ヨガマットの上で、バッタのポーズをしている女性のイラストです。,https://www.irasutoya.com/2012/12/blog-post_8637.html,1,ヨガ|リクエスト
1411,irasutoya,https://blogger.googleusercontent.com/img/b/R29vZ2xl/AVvXsEjOxdbBrABkurssVDrelPhXiTf_kKKos5WMoRa9vUzZqruGkMgd_AV2V7bbaNPJRgMgfGNA5IH87myWsLCoeGjobbKcrQ9InMm1i64CTqBXxdae2HfV_dU8nXD8HYFUi6L44dgUVtpo72c/s800/teddybear.png,540,606,2012-12-22,テディベアのイラスト,かわいいハートを持った、テディベアのイラストです。,https://www.irasutoya.com/2012/12/blog-post_8040.html,テディベアのイラスト,かわいいハートを持った、テディベアのイラストです。,https://www.irasutoya.com/2012/12/blog-post_8040.html,1,おもちゃ|バレンタイン|ホワイトデー|動物キャラ
1410,irasutoya,https://blogger.googleusercontent.com/img/b/R29vZ2xl/AVvXsEj0wMooY5tH3VWc4rbSxOx7KeaOyBvhrlUuNFjuszoIeP9no19pwkJewdl6krY3tfKNMBuXqDPVkJgqxvoOzXLGKxDVODmtdBUAvl0KbW4k2F4HgQh7eZnd1WprPsNEyFDvyqqnAtKJKfU/s800/baby_bear.png,538,690,2012-12-22,クマの赤ちゃんのイラスト,オムツ姿の可愛いクマの赤ちゃんのイラストです。,https://www.irasutoya.com/2012/12/blog-post_4265.html,クマの赤ちゃんのイラスト,オムツ姿の可愛いクマの赤ちゃんのイラストです。,https://www.irasutoya.com/2012/12/blog-post_4265.html,1,あかちゃん|動物キャラ
1409,irasutoya,https://blogger.googleusercontent.com/img/b/R29vZ2xl/AVvXsEgC-hKUtMbQ81dGA4ODQqmdKQABcBOFk2JBz0VLBK0t9vgUmIQkxV5ECTUOOTj7KSWmjuCZYgQ1FWpBD84NSXxdO8qrmRC_jQlYSzBNjcfEscmF5SelCtWU2hxmXdsfnTV_I3iv2x11N-3o/s800/cooking_amijakushi.png,509,588,2012-12-22,調理器具のイラスト「網じゃくし」,おたまに沢山の穴があいた、網じゃくしのイラストです。,https://www.irasutoya.com/2012/12/blog-post_22.html,調理器具のイラスト「網じゃくし」,おたまに沢山の穴があいた、網じゃくしのイラストです。,https://www.irasutoya.com/2012/12/blog-post_22.html,1,料理
1424,irasutoya,https://blogger.googleusercontent.com/img/b/R29vZ2xl/AVvXsEiutfqSjP7_YI1TgZKeQzEgtB4UHZvJo-suoAOSBhtSF3xRBhAYV8EwqcG8vZFDM7H-2vsxIZA1LCW-su04WUra7dTJwlifBPTsvIQik3Cz-hI0YfHhm13qlaU2jzcoDLspkZsv9P4raJY/s800/omocha_tsumiki.png,624,526,2012-12-21,積み木のイラスト（おもちゃ）,かわいいカラフルなつみ木のイラストです。,https://www.irasutoya.com/2012/12/blog-post_4535.html,積み木のイラスト（おもちゃ）,かわいいカラフルなつみ木のイラストです。,https://www.irasutoya.com/2012/12/blog-post_4535.html,1,おもちゃ
1423,irasutoya,https://blogger.googleusercontent.com/img/b/R29vZ2xl/AVvXsEhwBkruFQAER_sAgEDRRubXLuz7ZM-nNd6XmA6UiK010jFm-bhd4e_2Prt0vEEkTBNUJqTtmpcInoC_YLyuIPm1iuO5rD_GtSWU1jmT2LvJoQgCkdvx0wa4ynnR0rp0SFDYaALBsQhsPJJC/s1600/mark_nikukyu2.png,284,292,2012-12-21,足あとのイラスト「肉球２」,裸足、靴、肉球などの足あとのイラスト６つセットです。,https://www.irasutoya.com/2012/12/blog-post_2466.html,足あとのイラスト「肉球２」,裸足、靴、肉球などの足あとのイラスト６つセットです。,https://www.irasutoya.com/2012/12/blog-post_2466.html,1,マーク
1422,irasutoya,https://blogger.googleusercontent.com/img/b/R29vZ2xl/AVvXsEg9TyW4oLBe6ye5ubRgGLI851R960R4Jgw6GsDsQi9NIOjXGtC2QfIzn8Dea_jNWrloU8syYSNscBnOh3HDoG10xkyBmTB1wTBZP1x0oht64kbPARkI7wb9nD_M9vqU838WAKQ1TZWbfTgj/s1600/mark_nikukyu.png,328,304,2012-12-21,足あとのイラスト「肉球」,裸足、靴、肉球などの足あとのイラスト６つセットです。,https://www.irasutoya.com/2012/12/blog-post_2466.html,足あとのイラスト「肉球」,裸足、靴、肉球などの足あとのイラスト６つセットです。,https://www.irasutoya.com/2012/12/blog-post_2466.html,1,マーク
1421,irasutoya,https://blogger.googleusercontent.com/img/b/R29vZ2xl/AVvXsEgle9GAb5qwyzb3oA02-iWtT2C2gmKYDW-6uO96gt6RzlXUbZmUoY_znHGj6kulmTZKHaKIjQyZH6a46nqvoYnfb4K9j6UL5XcZTzqrCmyuiKWq8oWhm6sLw87gdAWc0BVzNHYKLCWjBsTb/s1600/mark_footprint4.png,304,308,2012-12-21,足あとのイラスト,裸足、靴、肉球などの足あとのイラスト６つセットです。,https://www.irasutoya.com/2012/12/blog-post_2466.html,足あとのイラスト,裸足、靴、肉球などの足あとのイラスト６つセットです。,https://www.irasutoya.com/2012/12/blog-post_2466.html,1,マーク
1420,irasutoya,https://blogger.googleusercontent.com/img/b/R29vZ2xl/AVvXsEiaUH80ebpL_69zmiN0puAi8Pi_T_FGtPjqnTM1tv2jB17FkeXlgfnLSjXQolWMnD0r3Oq85cz_83XzNK5cO8M3FQY31dnod7gAqImJ3XvTqtm0cXz3NVSvLltwzvWgpm90ggzL-zi9x4j7/s1600/mark_footprint3.png,304,308,2012-12-21,足あとのイラスト「靴」,裸足、靴、肉球などの足あとのイラスト６つセットです。,https://www.irasutoya.com/2012/12/blog-post_2466.html,足あとのイラスト「靴」,裸足、靴、肉球などの足あとのイラスト６つセットです。,https://www.irasutoya.com/2012/12/blog-post_2466.html,1,マーク
1419,irasutoya,https://blogger.googleusercontent.com/img/b/R29vZ2xl/AVvXsEgDHErgno9c4_Su-uEOgNmhLOvGaRaSIzBpUbKq7f81yDNe1FtKqWv2cbjvmuPwXowo8rqkR6Ei6jqLHAsk60jDOxUeBhGt9d2yVPGzBsQ6oDv7yn3R_-9y1wY8cUZBoUlkFymW_qdWD0uN/s1600/mark_footprint2.png,322,310,2012-12-21,足あとのイラスト「はだし・両足」,裸足、靴、肉球などの足あとのイラスト６つセットです。,https://www.irasutoya.com/2012/12/blog-post_2466.html,足あとのイラスト「はだし・両足」,裸足、靴、肉球などの足あとのイラスト６つセットです。,https://www.irasutoya.com/2012/12/blog-post_2466.html,1,マーク
1418,irasutoya,https://blogger.googleusercontent.com/img/b/R29vZ2xl/AVvXsEjg2-Re1aK-jUPCXbny8nrGsjF-ZRhNHhKs5OZP3w2wqvlpOahFzwsIg3pczXYITeQzMNYUP03fqtM4xX1USHVz3JrjbKyYblaDVfUv-zzRo5k78fpe1sVkfv__wA_IsGGXU67I9KIcUAdG/s1600/mark_footprint.png,242,292,2012-12-21,足あとのイラスト「はだし」,裸足、靴、肉球などの足あとのイラスト６つセットです。,https://www.irasutoya.com/2012/12/blog-post_2466.html,足あとのイラスト「はだし」,裸足、靴、肉球などの足あとのイラスト６つセットです。,https://www.irasutoya.com/2012/12/blog-post_2466.html,1,マーク
1331,irasutoya,https://blogger.googleusercontent.com/img/b/R29vZ2xl/AVvXsEj16FDPiw9K_DtcKSnbjkKKurCBn4_DM10sRSmDa7Z0qvlBLsw1mX0ByYW_Nb5BW7hhZde10l4ZMfxMKQwiL7u2QCdyHCi57cUDTbDiitJWNRRIi63CDhuZ7mx9hzeJsmbDFvh0Ak7ydagS/s800/sport_bowling_ball.png,430,435,2012-12-21,■,赤い、ボウリング（ボーリング）のボールのイラストです。,https://www.irasutoya.com/2012/12/blog-post_21.html,■,赤い、ボウリング（ボーリング）のボールのイラストです。,https://www.irasutoya.com/2012/12/blog-post_21.html,1,スポーツ|スポーツ用具
1330,irasutoya,https://blogger.googleusercontent.com/img/b/R29vZ2xl/AVvXsEgBOPkK1DwKVv1CHfNtGDDqTdMPqeOFSVK91dhlam2DYqdienX6qvrkQOkZOVJksaT0jR0GmTqSqWinQawhHTyv4XWjB9WMzlM-0163Ki3MRCUDIEy4rqXZCUUoND_FlIZ04FtfpqXKIYY/s800/yuki_keshiki.png,800,585,2012-12-21,■,夜の山と、雪だるま、クリスマスツリーが一つになったイラストです。,https://www.irasutoya.com/2012/12/blog-post_8705.html,■,夜の山と、雪だるま、クリスマスツリーが一つになったイラストです。,https://www.irasutoya.com/2012/12/blog-post_8705.html,1,冬|風景
1329,irasutoya,https://blogger.googleusercontent.com/img/b/R29vZ2xl/AVvXsEikq0-3_VySVoV7hFrRiUOydwIlWGa9iQsDM8hc0JqjM_dviC_h_j9K24_qdsrY3x1hSFmiEF4rqw6RvN3lIuDDpCxFU-pYT25MnZ29zfq4O6eRnH1rpZ57nnDKE1QyV_YYvdQ5P9tv4qUg/s800/negi_green_onion.png,457,646,2012-12-21,ネギのイラスト（野菜）,長ネギ（葱）のイラストです。,https://www.irasutoya.com/2012/12/blog-post_132.html,ネギのイラスト（野菜）,長ネギ（葱）のイラストです。,https://www.irasutoya.com/2012/12/blog-post_132.html,1,野菜
1328,irasutoya,https://blogger.googleusercontent.com/img/b/R29vZ2xl/AVvXsEibd2tQjLtdGwSumDcUz9XmRAsii6iB-21gfDclWJHeFesrp8zGOziS2VRVYBZgVAVYR-cdb5bxwzTIW0Pgv-pTFLPPrJBgdWKxYT52eb8LR9ZiSM_ASnLTKbXDqD4CGQL3hSrr_cXKoVQ/s800/job_hanaya.png,444,752,2012-12-21,花屋の店員さんのイラスト（職業）,花束を持って笑っている、かわいいお花屋さんのイラストです。,https://www.irasutoya.com/2012/12/blog-post_6094.html,花屋の店員さんのイラスト（職業）,花束を持って笑っている、かわいいお花屋さんのイラストです。,https://www.irasutoya.com/2012/12/blog-post_6094.html,1,職業|花
1327,irasutoya,https://blogger.googleusercontent.com/img/b/R29vZ2xl/AVvXsEgPJRUUvkL9l7_wUoJHG_woEGolwi1jjV_k9AgFvQoiZNhQ6JRKJFTAfs09WJnnaf7Esj3-r_GqWa2QELSdyrAII8eODNj7H80JK7lIsYSPeZ54KSOEcIiwAqmIaCu9OK-l8_wpc6hmxiU/s800/metabolic_running_boy.png,582,672,2012-12-21,メタボリック・肥満のイラスト「ジョギング・男の子」,楽しそうに走っている、ぽっちゃり太った男の子のイラストです。,https://www.irasutoya.com/2012/12/blog-post_2035.html,メタボリック・肥満のイラスト「ジョギング・男の子」,楽しそうに走っている、ぽっちゃり太った男の子のイラストです。,https://www.irasutoya.com/2012/12/blog-post_2035.html,1,メタボリック|リクエスト|運動会
1339,irasutoya,https://blogger.googleusercontent.com/img/b/R29vZ2xl/AVvXsEiWAoFs1AulNhhhW0E7kuECZSzZFSbBv4-7hbfhSlbtycWs_u5xAn_iWVUAD1SpG_rhJhptyu4O1cnjzy_QMEfF5s4RaT6In51ObvpV07XRyEkubx3IflA-0OdhByUhdEynPhk-Ho9Jowf6/s800/sport_billiard.png,585,449,2012-12-20,■,ビリヤードで使う８と９のボールのイラストです。,https://www.irasutoya.com/2012/12/blog-post_20.html,■,ビリヤードで使う８と９のボールのイラストです。,https://www.irasutoya.com/2012/12/blog-post_20.html,1,スポーツ|スポーツ用具
1338,irasutoya,https://blogger.googleusercontent.com/img/b/R29vZ2xl/AVvXsEh98mfzVRWz6lEUUkgK1rrAzvR1tv-lcwMDnGk99pm4iN7i5Q62pukc2nIpt4MW9DlnItmX84DZZ7KxiUHiGUuQNmUISQfFHiuzJNp2WdfR4cPfpQpIJsp-z5dWAAoTR5vrJOpRszWugnwb/s1600/potpie.png,738,779,2012-12-20,ポットパイのイラスト,かわいいポットパイのイラストです。暖かい料理は冬に食べたくなりますね。,https://www.irasutoya.com/2012/12/blog-post_4055.html,ポットパイのイラスト,かわいいポットパイのイラストです。暖かい料理は冬に食べたくなりますね。,https://www.irasutoya.com/2012/12/blog-post_4055.html,1,冬|食べ物
1337,irasutoya,https://blogger.googleusercontent.com/img/b/R29vZ2xl/AVvXsEhZaUZccfJ6egEkRJz_jpKPRsgcwV94bqCJ00ovWcNp_V0RdsW6Hc5dmj-5PKCK4j-RZMeu4aZ5E72ARdxjsgGipfkbFHLYxXVmsTiuBtFIL0c-BypHKqz4CRKBap_Hv9PcCs3BWB97tii8/s800/job_hoikushi_woman.png,476,800,2012-12-20,■,ピンクのエプロンを付けて笑っている、優しそうな女性保育士（保母さん）のイラストです。,https://www.irasutoya.com/2012/12/blog-post_2517.html,■,ピンクのエプロンを付けて笑っている、優しそうな女性保育士（保母さん）のイラストです。,https://www.irasutoya.com/2012/12/blog-post_2517.html,1,幼稚園|職業
1336,irasutoya,https://blogger.googleusercontent.com/img/b/R29vZ2xl/AVvXsEiNLVhPDkXVI7O1-p9REeZLIEjDQEp0Bj45dhVueQm_h1cAKD17Afaf7tYq4ogQ8wkCAFs606_9mygfzbn1Y83v_4oGLd7Pf5nvat4CcmUZ0LdPpxzNaZj1FNNZExSAEtgPU6zmUa2Bgi4/s800/metabolic_man.png,480,753,2012-12-20,メタボリック・肥満のイラスト「体重計・男性」,眼鏡をかけた太った中年男性が、体重計に乗っているイラストです。,https://www.irasutoya.com/2012/12/blog-post_7850.html,メタボリック・肥満のイラスト「体重計・男性」,眼鏡をかけた太った中年男性が、体重計に乗っているイラストです。,https://www.irasutoya.com/2012/12/blog-post_7850.html,1,メタボリック|中年
1335,irasutoya,https://blogger.googleusercontent.com/img/b/R29vZ2xl/AVvXsEijoQl6Y94Ybp7K37wtcs0MZmhuX2xdH7x3I5spoepxIk4ftNcwTxqDf3Mc3YX6K1H9WSY44cdSWQndoteVH9PJKG_CHVwhpaDDIboTI3fSip27rFOQQ9GwIKi0ih-1BKT1ymnk1u2SOtM/s800/omocha_suzu.png,430,527,2012-12-20,鈴のイラスト,かわいい丸い鈴のイラストです。,https://www.irasutoya.com/2012/12/blog-post_128.html,鈴のイラスト,かわいい丸い鈴のイラストです。,https://www.irasutoya.com/2012/12/blog-post_128.html,1,おもちゃ
1334,irasutoya,https://blogger.googleusercontent.com/img/b/R29vZ2xl/AVvXsEgT0yTudCik09N5Chi23Ab3g57VMJsnIPVpS7czoW-byQzMNVgpQKz-Pw8VipfJPAZ7cyszRqHE74-gDV0DtxFLQbXjVWjRMQ-Xayk5TX3UMJ08-1fgxnWOBFmNUvR7h1n5EYLHKqnl0z8/s800/onsen_woman.png,795,669,2012-12-20,温泉のイラスト「女性」,楽しそうに女性が温泉（露天風呂）に入っているイラストです。,https://www.irasutoya.com/2012/12/blog-post_177.html,温泉のイラスト「女性」,楽しそうに女性が温泉（露天風呂）に入っているイラストです。,https://www.irasutoya.com/2012/12/blog-post_177.html,1,お風呂|リクエスト|旅行
1333,irasutoya,https://blogger.googleusercontent.com/img/b/R29vZ2xl/AVvXsEg9cbInKOM3J_rpbNAyObPHEdz4T_qkimH5SYfCPoaG6-f0e8UocxCXiA8_kZ25ASfWV4IOB3rSjBUCvNhlsqeWU3PP4e2HHBev13mEwGk5t0EHmyVZBWw8stzJ7abt0UnFyv48-G5fVDo/s800/baby_animals.png,800,435,2012-12-20,赤ちゃん動物のイラスト「猫・ブタ・クマ」,猫とブタとクマの、かわいい赤ちゃん3人組のイラストです。,https://www.irasutoya.com/2012/12/blog-post_6848.html,赤ちゃん動物のイラスト「猫・ブタ・クマ」,猫とブタとクマの、かわいい赤ちゃん3人組のイラストです。,https://www.irasutoya.com/2012/12/blog-post_6848.html,1,あかちゃん|動物キャラ|猫
1332,irasutoya,https://blogger.googleusercontent.com/img/b/R29vZ2xl/AVvXsEhVJChCKi4qs2TYz4vmgEQl1g7YqhmrrDs29pg3PDz3dMM0vJo8MXolBdblEmJJuaWYNJv_RcOuAzoz_nxm_OeApRyQpgkRBeGNuQn3Pkwcbos_4VC5IZuESlmEpkSGcFtTOBhCZAhkedQd/s800/nasu_eggplant.png,496,550,2012-12-20,ナスのイラスト（野菜）,紫でつやつやな、ナスのイラストです。,https://www.irasutoya.com/2012/12/blog-post_4115.html,ナスのイラスト（野菜）,紫でつやつやな、ナスのイラストです。,https://www.irasutoya.com/2012/12/blog-post_4115.html,1,野菜
1349,irasutoya,https://blogger.googleusercontent.com/img/b/R29vZ2xl/AVvXsEg-EJckAPGRk89ITu90misRropN5KyNg4HcH8abGq0Alx-3UovSoZ1npuoBLnHy3d7Z20n3TWcSrRCGe5GZfJNFNqtM-Z2SP_I_6GKymgDprPQVVWviUCX6YgW1qIWqlxR8-nfkWOxuT_KU/s800/sport_basketball.png,436,420,2012-12-19,■,バスケットのボールのイラストです。,https://www.irasutoya.com/2012/12/blog-post_19.html,■,バスケットのボールのイラストです。,https://www.irasutoya.com/2012/12/blog-post_19.html,1,スポーツ|スポーツ用具|体育
1348,irasutoya,https://blogger.googleusercontent.com/img/b/R29vZ2xl/AVvXsEjnJhq3NTIBdCG_ukLTNvcgKjs7ukaA6yel3-sWOx002x00tLtRn6XTwE3qzJ2a7XhPyQDxcj8CiHdz3wkmBPGASiitWZYnBe6dZRIvUpvTKxi68B8UqK6yS9bPEckf-ThnX7JaEf-KBiY/s800/suiei_top3.png,757,800,2012-12-19,水泳のイラスト「表彰台」,表彰台に登った、水泳選手たちのイラストです。,https://www.irasutoya.com/2012/12/blog-post_1753.html,水泳のイラスト「表彰台」,表彰台に登った、水泳選手たちのイラストです。,https://www.irasutoya.com/2012/12/blog-post_1753.html,1,スポーツ|学校
1347,irasutoya,https://blogger.googleusercontent.com/img/b/R29vZ2xl/AVvXsEhJvrgS1e8o6Kt4Osnsy3dUtDapCet0_W-b_V1upeVcAg5YjkcB-RKxzITsOsxxAOjzpJP-x5UfnTlpCPHR2ZI-t6P8Xga7_RK_DGJ10I8SQKkSjjQIFpumBPWWFNZ3V-MUeSo00aJD86M/s800/snow_dog.png,691,678,2012-12-19,■,雪を眺めている犬のイラストです。,https://www.irasutoya.com/2012/12/blog-post_6809.html,■,雪を眺めている犬のイラストです。,https://www.irasutoya.com/2012/12/blog-post_6809.html,1,冬|動物キャラ|犬
1346,irasutoya,https://blogger.googleusercontent.com/img/b/R29vZ2xl/AVvXsEjM13_F3jGf1DZO41nusSxUurweOd8GWrayXSephH_0Z8g-3VRMeTF20FfNQhX1ONQ82P-RwzGFtvERUI5maSWUHMFgaVDxAXIKj8u76jK8kYdeuqYLtEpDheCqU_OfIKBQPLSD_jP2-2uq/s800/kyuuri_cucumber.png,517,522,2012-12-19,キュウリのイラスト（野菜）,緑色の細長いきゅうりのイラストです。,https://www.irasutoya.com/2012/12/blog-post_1743.html,キュウリのイラスト（野菜）,緑色の細長いきゅうりのイラストです。,https://www.irasutoya.com/2012/12/blog-post_1743.html,1,野菜
1345,irasutoya,https://blogger.googleusercontent.com/img/b/R29vZ2xl/AVvXsEjVaPDvPx6etAT6-ZJwTVkP2mMEKxz9lWZEdvoJkkbqzHY0nox_RHBslgKt3_DDvCTTYN4FxGlpTr4s3amOwyQHq9tGY_pveoQ14JuTamO44D93IuYs7gi6ekKGBDBYqPGCX6PJkIn2aSk/s800/piano_solo.png,800,671,2012-12-19,■,楽しそうにピアノを弾いている女性ピアニストのイラストです。,https://www.irasutoya.com/2012/12/blog-post_9102.html,■,楽しそうにピアノを弾いている女性ピアニストのイラストです。,https://www.irasutoya.com/2012/12/blog-post_9102.html,1,楽器|歌|職業
1344,irasutoya,https://blogger.googleusercontent.com/img/b/R29vZ2xl/AVvXsEjY-M1nOolZdx0jXiKVwl4FQ4Rsh3hZVnb135r6elB4HuTMZSLO3BnUfVJcMeqWapnOwUK8SJW77POLvjAzuAbgmGHf2nBJAk9xtsmU1Njf2Z-z9tsaAYjo1ZLw109UHYSd5xFoLBctpjM/s800/job_joi_yakuzaishi.png,561,800,2012-12-19,女医・薬剤師のイラスト（職業）,白衣を来て笑っている、かわいい女性医師（医者・薬剤師・登録販売者）のイラストです。,https://www.irasutoya.com/2012/12/blog-post_3428.html,女医・薬剤師のイラスト（職業）,白衣を来て笑っている、かわいい女性医師（医者・薬剤師・登録販売者）のイラストです。,https://www.irasutoya.com/2012/12/blog-post_3428.html,1,医療|職業
1343,irasutoya,https://blogger.googleusercontent.com/img/b/R29vZ2xl/AVvXsEhkKbSadt_uUyQdPCF-vq8ZuPCFkiKurkBwSMIujfOS4DF_SFba8WR6fJ6pqd_08vpFnyq9yFi0yOe5NBStU81fG1cXukELq5bDHRnSjLLQ68YKPnvkcfELCHH43YzJZGD9qzIrI7Yd-Rk/s800/metabolic_boy.png,452,689,2012-12-19,メタボリック・肥満のイラスト「体重計・男の子」,太っている男の子が体重計に乗っているイラストです。,https://www.irasutoya.com/2012/12/blog-post_9421.html,メタボリック・肥満のイラスト「体重計・男の子」,太っている男の子が体重計に乗っているイラストです。,https://www.irasutoya.com/2012/12/blog-post_9421.html,1,メタボリック
1342,irasutoya,https://blogger.googleusercontent.com/img/b/R29vZ2xl/AVvXsEgIiDaiECXuBVBcI970uBgf4rztR3ELuLhfoPvxlioJT86iPNtK2_CjwK9os9WQORf-PC3aG9zZfL0_I6ZBJRcFqZ4BywHHSI5CRDBN4vqp2O57gmVPbUq41EAhNd56Xckb2ey0yv4YghY/s800/omocha_sunaba.png,581,518,2012-12-19,砂場のイラスト,バケツとシャベルと熊手が置いてある、砂場のイラストです。,https://www.irasutoya.com/2012/12/blog-post_3738.html,砂場のイラスト,バケツとシャベルと熊手が置いてある、砂場のイラストです。,https://www.irasutoya.com/2012/12/blog-post_3738.html,1,おもちゃ
1341,irasutoya,https://blogger.googleusercontent.com/img/b/R29vZ2xl/AVvXsEiILDPysWFQ9unGrRQIdm2WgiVVZ4uNe8ZUg3tlnUKGM3C0I_9ZLQw1qtAEQo8yT3idZQZ9jBta06TYqRJ0V3MAmUzu7k7kZMhhR_mDcuSvmvq4lY-twzbSEld2W76xTh27enU934tVqyQ/s800/onsen_man.png,800,669,2012-12-19,温泉のイラスト「男性」,温泉（露天風呂）に気持ちよさそうにつかっている男性のイラストです。,https://www.irasutoya.com/2012/12/blog-post_7012.html,温泉のイラスト「男性」,温泉（露天風呂）に気持ちよさそうにつかっている男性のイラストです。,https://www.irasutoya.com/2012/12/blog-post_7012.html,1,お風呂|リクエスト|旅行
1340,irasutoya,https://blogger.googleusercontent.com/img/b/R29vZ2xl/AVvXsEhQiM_SxSOX1S3bMUzd7Eypf685fNxdAAQTKs_ZF5nhNlrltdy1Ledf1D3M3dSwfp8cKyTtRMaWcB4fNDZEj0JAgQ2PCuhvJ5sd-908hZRHrVVv-c0Cd8VFowqSQGpLe_qGPaIf4E52ai4/s800/akachan_ubaguruma.png,712,684,2012-12-19,ベビーカーのイラスト（赤ちゃん）,ピンクのかわいいベビーカーに横になっている、赤ちゃんのイラストです。,https://www.irasutoya.com/2012/12/blog-post_3296.html,ベビーカーのイラスト（赤ちゃん）,ピンクのかわいいベビーカーに横になっている、赤ちゃんのイラストです。,https://www.irasutoya.com/2012/12/blog-post_3296.html,1,あかちゃん
1357,irasutoya,https://blogger.googleusercontent.com/img/b/R29vZ2xl/AVvXsEgrxDFaC8qrO9NvUwdkgK2wpHraFDgLufEwGjeUkeQTgh05OyzOxWnI2jOsZA2YOE_gSPK9KGjPYes4_ZWdurDbDRsWjj5rgJoYyj2F-qrJ4BU19z988v38ITqD9zskMTh1AnzvrN6fbzv3/s800/vegetable_cabbage2.png,578,578,2012-12-18,キャベツのイラスト（野菜）,丸ごとの緑のきゃべつのイラストです。,https://www.irasutoya.com/2012/12/blog-post_3482.html,キャベツのイラスト（野菜）,丸ごとの緑のきゃべつのイラストです。,https://www.irasutoya.com/2012/12/blog-post_3482.html,1,野菜
1356,irasutoya,https://blogger.googleusercontent.com/img/b/R29vZ2xl/AVvXsEj1D26vltTPIXqZI4dqNBBks_8IdZoDsHrjooDC9y0GIEP0F2a_RrmHXYQu1oKjptT3y4ZwAE9YXIK7m97KrTHs6Q7BjsyCm03Gl-0kaAApkOwfJzz2K1GToFD9K63lMNMHHavIKEVDE5Ns/s800/sport_baseball_set.png,585,634,2012-12-18,■,野球のグローブとボールとバットがセットになっているイラストです。,https://www.irasutoya.com/2012/12/blog-post_18.html,■,野球のグローブとボールとバットがセットになっているイラストです。,https://www.irasutoya.com/2012/12/blog-post_18.html,1,野球
1355,irasutoya,https://blogger.googleusercontent.com/img/b/R29vZ2xl/AVvXsEiaA5EYBOzMYgc6DfUolVFa9BXvJkh0WTRezJEPiUd6oMQoAH2cDnyBU3hExInKSDAkhop8ekifrwTqLP6YBXHshmSJFDWo_wtZ6j7dhqHsLIM8opk1vfTDR_6C2dILwzMYmtANPa1mglU/s800/snow_elephant.png,630,660,2012-12-18,■,雪が降る中楽しそうに笑っている象のイラストです。,https://www.irasutoya.com/2012/12/blog-post_2239.html,■,雪が降る中楽しそうに笑っている象のイラストです。,https://www.irasutoya.com/2012/12/blog-post_2239.html,1,冬|動物キャラ
1354,irasutoya,https://blogger.googleusercontent.com/img/b/R29vZ2xl/AVvXsEh0pRDhgvw29WBRVvl6nVA9GNpOa4PLWJLhsv9AGx9AgfUGwaTHokDPHNBedrQIScGgUUwarzO7QuTsNItp2ci4gYj-QEgDLUHKYui8a84oGs6ORMBTaSF45Upe3iTP4Vse8LHxERsC25g/s800/job_kagakusya.png,509,800,2012-12-18,科学者のイラスト（職業）,瓶底眼鏡にもじゃもじゃのヘアースタイルの、かわいい科学者のイラストです。,https://www.irasutoya.com/2012/12/blog-post_6623.html,科学者のイラスト（職業）,瓶底眼鏡にもじゃもじゃのヘアースタイルの、かわいい科学者のイラストです。,https://www.irasutoya.com/2012/12/blog-post_6623.html,1,学校|職業
1353,irasutoya,https://blogger.googleusercontent.com/img/b/R29vZ2xl/AVvXsEgT8TKLPi2dHJb5alHzBlfPRACst1BEaixJJqXx8nc5UOc3a6kRs54ExhZnAPDzgr8bEBIHUseY2X03Xk0mqYTQCXnYLaEl5Xq8YemcqZmYqzcA_bdTK_gM_NG_6A3MHZMkXNO1S8LxGOM/s800/cup_noodle.png,767,633,2012-12-18,カップラーメンのイラスト,箸で麺をつまみ上げている、カップラーメンのイラストです。,https://www.irasutoya.com/2012/12/blog-post_4053.html,カップラーメンのイラスト,箸で麺をつまみ上げている、カップラーメンのイラストです。,https://www.irasutoya.com/2012/12/blog-post_4053.html,1,メタボリック|軽食
1352,irasutoya,https://blogger.googleusercontent.com/img/b/R29vZ2xl/AVvXsEgYQuDwBeZbxKBBDuEDJt8uR9xp6cWn0X9YKdrEi5b8Ly3rPwiNViYt72P-EDU0v82pxZaewrBIgbH0i6qVPrvGrmTXsUPVqoW2aKjz2bicIZPacdtX3FatA8uMWZrpopYYpI6Ilh-dcUg/s800/omocha_sanrinsya.png,694,530,2012-12-18,三輪車のイラスト,かわいい子供用の、青い三輪車のイラストです。,https://www.irasutoya.com/2012/12/blog-post_1438.html,三輪車のイラスト,かわいい子供用の、青い三輪車のイラストです。,https://www.irasutoya.com/2012/12/blog-post_1438.html,1,おもちゃ|乗り物
1351,irasutoya,https://blogger.googleusercontent.com/img/b/R29vZ2xl/AVvXsEh3vMyUAD_wbACrB3S3-B8XumF8RSkquv9KJJmdlN-YxVQRMd-WhAtHoJSlSgt_djn97LhIVjhN_IyPq8KZxmRFKdbuP8FM-6kxqwcNVPrAmNK9r2Fa0l0F4cSSf5HoE7GPxkB93qRZ2ok/s800/onsen_animal.png,800,669,2012-12-18,温泉のイラスト「動物・うさぎとクマ」,仲良くうさぎとクマが温泉（露天風呂）に入っているイラストです。,https://www.irasutoya.com/2012/12/blog-post_2917.html,温泉のイラスト「動物・うさぎとクマ」,仲良くうさぎとクマが温泉（露天風呂）に入っているイラストです。,https://www.irasutoya.com/2012/12/blog-post_2917.html,1,お風呂|リクエスト|動物キャラ|旅行
1350,irasutoya,https://blogger.googleusercontent.com/img/b/R29vZ2xl/AVvXsEh4pf3CKBQ0nGHhLKmPfuLMnzAtc4H4sD7_qQkscEdeM4odudwhs4E8ubvKk11vvKuw5lReGV6QgixCxZrDdNVGa3zVEavMJ1R_CdvN-m5fjsjS1GvDrmtI2XJ1XbkQ0lJVHuxyAsuwQro/s800/suiei_syasei_camp_48.png,620,734,2012-12-18,キャンプのイラスト「飯盒炊爨」,薪を炊いて、飯盒を使ってご飯を炊いているイラストです。,https://www.irasutoya.com/2012/12/blog-post_2213.html,キャンプのイラスト「飯盒炊爨」,薪を炊いて、飯盒を使ってご飯を炊いているイラストです。,https://www.irasutoya.com/2012/12/blog-post_2213.html,1,夏|学校|旅行
1369,irasutoya,https://blogger.googleusercontent.com/img/b/R29vZ2xl/AVvXsEjSbJeBuAJQQE3D9e0X912ZwGVQnA3cAKKNciaRNAgBJUcJv-sCsln-O-ze9YO_JbHQYBboZimC_Oh2A5krfoSit6KDn3GXLqZMtwmW9iaYAxie-_CwwUSuYbFRDODBe5UQasDjSeUg0L50/s800/sport_baseball_helment.png,558,392,2012-12-17,■,青い、野球で使うヘルメットのイラストです。,https://www.irasutoya.com/2012/12/blog-post_17.html,■,青い、野球で使うヘルメットのイラストです。,https://www.irasutoya.com/2012/12/blog-post_17.html,1,スポーツ|スポーツ用具|野球
1368,irasutoya,https://blogger.googleusercontent.com/img/b/R29vZ2xl/AVvXsEhvz9muiF-vs4EdCP1WN73DP8Jf2FW0kp6ufYbOnxsQsQ6ESU4Vd1MOtCKyTt6H9MTsjg9IV8DCbnS9f0-7SkKuCwwXhq2NNSoRjb0NgbXVVCNHd92xlGFWa8rgH5HFTVe3Ca1FROVizNAC/s800/kabu_turnip.png,620,635,2012-12-17,カブのイラスト（野菜）,お漬物にすると美味しいカブ（蕪）のイラストです。,https://www.irasutoya.com/2012/12/blog-post_5386.html,カブのイラスト（野菜）,お漬物にすると美味しいカブ（蕪）のイラストです。,https://www.irasutoya.com/2012/12/blog-post_5386.html,1,野菜
1367,irasutoya,https://blogger.googleusercontent.com/img/b/R29vZ2xl/AVvXsEjsZKBYEJn45iNSrRz38RZa935A_VDEpPUYVWFqWtj9zOPXeFTeW1URnWb-63kcahXfIuerKlAHn0MWt1t6EsdNmFBuDmen4YdQ9f8g9MNpsefeWhkguV2iGizvBXq0Wasimk73tzTUoBk/s800/snow_house.png,695,550,2012-12-17,■,雪が降って、かわいい赤い家の屋根に雪が積もっているイラストです。,https://www.irasutoya.com/2012/12/blog-post_9447.html,■,雪が降って、かわいい赤い家の屋根に雪が積もっているイラストです。,https://www.irasutoya.com/2012/12/blog-post_9447.html,1,冬|天気|建物
1366,irasutoya,https://blogger.googleusercontent.com/img/b/R29vZ2xl/AVvXsEiz4dIfQHLhB56IPP4vfiRZbYBP3U0eRkM3C3c6D-TjUL3u6BfXhwnK9eA0wuMy2BsqQfg7NwiXw3Q33v_iaAs363BDZKshTbasuoO0dr1-c5qqPlwf6ZBzIr1CZDB-NN_LvfgNXDfghTs/s800/kakizome_girl.png,692,800,2012-12-17,書道のイラスト「書き初め・女の子」,女の子が着物を着て、書き初めをしているイラストです。,https://www.irasutoya.com/2012/12/blog-post_9635.html,書道のイラスト「書き初め・女の子」,女の子が着物を着て、書き初めをしているイラストです。,https://www.irasutoya.com/2012/12/blog-post_9635.html,1,お正月|書道
1365,irasutoya,https://blogger.googleusercontent.com/img/b/R29vZ2xl/AVvXsEhhleA1zX1ohJq3ZqdDC1BerMco5AhHKkwCnXXr6wQ9P7AvIJdYtGRvQYOE8XIi_LlZgfDkcl41J1U2pC4tqhbbFb3PVXJ1vyCHhhJ2zWP7UUGnzLF_Qeq2g2-dMgaAO-1IiAVZTMBUJcc/s800/job_kasyu.png,507,781,2012-12-17,アイドル・歌手のイラスト（職業）,ピンクのドレスを着て歌って踊っている、かわいいアイドル歌手のイラストです。,https://www.irasutoya.com/2012/12/blog-post_7293.html,アイドル・歌手のイラスト（職業）,ピンクのドレスを着て歌って踊っている、かわいいアイドル歌手のイラストです。,https://www.irasutoya.com/2012/12/blog-post_7293.html,1,ダンス|職業|若者|音楽
1364,irasutoya,https://blogger.googleusercontent.com/img/b/R29vZ2xl/AVvXsEjInXZf0mdlJcSI2xHkeJ6mvv1QY-H8Cw80-kTovKCRk0-hkl3MfQy7BG7gvM6Lutqd1lSYPbqfrL9DmGsJwqV-49Z21RqIojooEUiEteXaFDlCF2hjFu83E6vGuR1UDTV0f6e8htUqtteV/s800/bentou_woman2.png,609,800,2012-12-17,お弁当のイラスト「女性」,女性が箸を持って、お弁当を食べようとしているイラストです。,https://www.irasutoya.com/2012/12/blog-post_9575.html,お弁当のイラスト「女性」,女性が箸を持って、お弁当を食べようとしているイラストです。,https://www.irasutoya.com/2012/12/blog-post_9575.html,1,お弁当|食事
1363,irasutoya,https://blogger.googleusercontent.com/img/b/R29vZ2xl/AVvXsEj5QQ_PsNRHOmgGrDN_LnKo6CCnN-TdI9K3BYR0XEzVTy2xvsBQQyqlqLpl5z1sL8BLf0p-AqiQqejXcKG9hGwMMJAK4CKYN0s2v05BeHnPMoA_UElilRcI3oCDOlOXSG3AUUK50u9B840/s800/omocha_rubicscube.png,528,488,2012-12-17,ルービックキューブのイラスト,くるくる回して色を合わせる、ルービックキューブのイラストです。僕はちゃんと合わせられたことがありません。,https://www.irasutoya.com/2012/12/blog-post_1656.html,ルービックキューブのイラスト,くるくる回して色を合わせる、ルービックキューブのイラストです。僕はちゃんと合わせられたことがありません。,https://www.irasutoya.com/2012/12/blog-post_1656.html,1,おもちゃ
1362,irasutoya,https://blogger.googleusercontent.com/img/b/R29vZ2xl/AVvXsEhTGKJGaqlDcRZVbBpZa7duegVnd1nyIIipxuwjw7P60SXjEkSDH7lhfziwqptTp-6T1KLfzR0PsKjT8dCnFW4ZVoHFfOfnSyJqvfF6Rbr2gBF6nVrAm2CHUlVQVxZKOM_FJoqZME-pu0KZ/s1600/undoukai_trophy_silver.png,369,411,2012-12-17,運動会のイラスト「トロフィー・銀」,銀色のトロフィーのイラストです。,https://www.irasutoya.com/2012/12/blog-post_6411.html,運動会のイラスト「トロフィー・銀」,銀色のトロフィーのイラストです。,https://www.irasutoya.com/2012/12/blog-post_6411.html,1,運動会
1361,irasutoya,https://blogger.googleusercontent.com/img/b/R29vZ2xl/AVvXsEgoUvWNgWK2_LgvaZfRpBwPeK6usqUAs1Q6vke68K1TSr4S-DkVkbkTqAPyUhqX4sUAQXBERKnn15I5XAnKvLToq1qNw4xzJaAj_xIYxUbN5GWWF39WgdOqYDoTgTblLWK4C1JO71CIDfM/s800/undoukai_trophy_silver.png,470,522,2012-12-17,運動会のイラスト「トロフィー・銀」,銀色のトロフィーのイラストです。,https://www.irasutoya.com/2012/12/blog-post_6411.html,運動会のイラスト「トロフィー・銀」,銀色のトロフィーのイラストです。,https://www.irasutoya.com/2012/12/blog-post_6411.html,1,運動会
1360,irasutoya,https://blogger.googleusercontent.com/img/b/R29vZ2xl/AVvXsEjtftIPV1Wu_G_vK1V_e208wTGVs8Vz6zG4f-SgO0Av7aw3QiVvht9cPhxzaRYJMjzUoPmrLvOPYxeF2FL6Fle9kuOdkcgqdnaa1pupDHXkdIBbViLMt6Es1blQUhCqTY_DpL3TlQ6wDIA/s800/suiei_taikai_title.png,800,413,2012-12-17,「水泳大会」のイラスト文字,「水泳大会」と書かれた、イラスト文字です。,https://www.irasutoya.com/2012/12/blog-post_1043.html,「水泳大会」のイラスト文字,「水泳大会」と書かれた、イラスト文字です。,https://www.irasutoya.com/2012/12/blog-post_1043.html,1,スポーツ|体育|文字
1359,irasutoya,https://blogger.googleusercontent.com/img/b/R29vZ2xl/AVvXsEiBY4cZQ90sWDPp41A3yTZX9RAMm1j8iPd10Lm6O2bNCKLtAQuLyseNZ1YzFpC94yMr_dPtesjOv9sHHoCbPJOAYOzPFqV2PJz_tIScHPcU2eyOknCCTlQ4bW33luijCxIdKC-YXhE74gI/s800/furo_woman.png,756,742,2012-12-17,お風呂のイラスト「女性」,お風呂に入って笑っている女性のイラストです。,https://www.irasutoya.com/2012/12/blog-post_649.html,お風呂のイラスト「女性」,お風呂に入って笑っている女性のイラストです。,https://www.irasutoya.com/2012/12/blog-post_649.html,1,お風呂|リクエスト
1358,irasutoya,https://blogger.googleusercontent.com/img/b/R29vZ2xl/AVvXsEgGqT3Eq5EBWkLXXj2ysKkkC6PyMfK2ie59VIMySW1qwu7WV6GJxyykNAKL-qVgpv52sYcsFZlh8GFhQkZq2TAgQJvMd46_vBOQ-oWHr2nDabCRrYrGIT04qhPMaaI1REiaTgqarVnnzXs/s800/akachan_smile.png,585,642,2012-12-17,赤ちゃんのイラスト,笑っているかわいい赤ちゃんのイラストです。,https://www.irasutoya.com/2012/12/blog-post_6091.html,赤ちゃんのイラスト,笑っているかわいい赤ちゃんのイラストです。,https://www.irasutoya.com/2012/12/blog-post_6091.html,1,あかちゃん
1376,irasutoya,https://blogger.googleusercontent.com/img/b/R29vZ2xl/AVvXsEj_vhsLw8AdgJwYxWM9Pwq5-A4lGiUWE2mByFF2sqUCnQv3DhTfhEI702hKd3aNjOl0MBZuRjBvEEc35e-yOhFvuzisstP2V7l4zrpEnlPGWU2ZzNh_BFlTCok5rrdR0YaMYw5RFeN8DFM/s800/kakizome_gasyo.png,702,622,2012-12-16,書き初めのイラスト「賀正」,半紙に筆で「賀正」と書いているイラストです。,https://www.irasutoya.com/2012/12/blog-post_7481.html,書き初めのイラスト「賀正」,半紙に筆で「賀正」と書いているイラストです。,https://www.irasutoya.com/2012/12/blog-post_7481.html,1,お正月|文字|書道
1375,irasutoya,https://blogger.googleusercontent.com/img/b/R29vZ2xl/AVvXsEidRbsGgJXzy9g_2Ei4KtsjXThYK-xmR1a7MU6YM7LaQPaEQjIVG-eV5O-FEo6wJ86jMI9RCWDNr1UupWl2TpaHW3oBsdIEtgJqlHLzDfI5oiavwnlGhsVS0FK597FUkmr0MJbovbYYdgk/s800/job_mangaka.png,475,800,2012-12-16,漫画家のイラスト（職業）,ベレー帽と原稿とGペンを持っている、漫画家さんのイラストです。,https://www.irasutoya.com/2012/12/blog-post_1692.html,漫画家のイラスト（職業）,ベレー帽と原稿とGペンを持っている、漫画家さんのイラストです。,https://www.irasutoya.com/2012/12/blog-post_1692.html,1,本|職業
1374,irasutoya,https://blogger.googleusercontent.com/img/b/R29vZ2xl/AVvXsEhQSjPieWoHD4dnQaatIQ1x9Oe4sDtpm8BktT0L6ztHUj-y8dL9d4bPjfYU7lTXU2AEbc-cWYVgiNotgJoSAtcD_f0RuWD3qmzHLJ3RtUy9rBI8xSmMXSbF9tQfZf3dug4ygXLXyX7JaKzd/s800/bentou_man2.png,609,800,2012-12-16,お弁当のイラスト「男性・弁当男子」,喜んでお弁当を食べようとしている男性（弁当男子）のイラストです。,https://www.irasutoya.com/2012/12/blog-post_6293.html,お弁当のイラスト「男性・弁当男子」,喜んでお弁当を食べようとしている男性（弁当男子）のイラストです。,https://www.irasutoya.com/2012/12/blog-post_6293.html,1,お弁当|食事
1373,irasutoya,https://blogger.googleusercontent.com/img/b/R29vZ2xl/AVvXsEhsQ2aihomoPrWm1WsTN1cbl2e4mOBuUNCsZmjq_KWTHdYjf19Wkw3b8PEWpxC4owjzMypxSP-dNP5kkLQPt9MjrRiKHuFu94o_4kZpi7uDcvCOkT3IbqiiPCDAzzNv2XilT5BjDMxJTWc/s800/omocha_robot.png,476,632,2012-12-16,おもちゃのロボットのイラスト,かわいい、青いロボットのイラストです。,https://www.irasutoya.com/2012/12/blog-post_6178.html,おもちゃのロボットのイラスト,かわいい、青いロボットのイラストです。,https://www.irasutoya.com/2012/12/blog-post_6178.html,1,おもちゃ|キャラクター|機械
1372,irasutoya,https://blogger.googleusercontent.com/img/b/R29vZ2xl/AVvXsEhsAYV7bG5hm3GpwTiXryMrhBriR_o6ZO0m9rr8YyvL_hCfmXBGwSeGC9-YjQBzOn9wwFUBIQXIvJVIjRPk34WekSnlFkmHiia6j6xlIOxXA1SfeWB6ET4G-HkCkgY9bNu4F75MjzJLtpI/s800/furo_man.png,756,742,2012-12-16,お風呂のイラスト「男性」,男性が気持ちよさそうにお風呂に入っているイラストです。,https://www.irasutoya.com/2012/12/blog-post_7707.html,お風呂のイラスト「男性」,男性が気持ちよさそうにお風呂に入っているイラストです。,https://www.irasutoya.com/2012/12/blog-post_7707.html,1,お風呂|リクエスト
1371,irasutoya,https://blogger.googleusercontent.com/img/b/R29vZ2xl/AVvXsEgi8WjTIeKDcOTWnAqV7uKvZMcpP7zM_pIOd7xtlflXC8wBIOGYTq5ALNSiGVIvf2P9hhXVaF6dzdYdjBj3V5L_ZqksELeTebjEtWGWnwVU_f62Lynx05E3uR6Shmshwuz2edsvVC0ogLg/s800/akachan_omutsu.png,539,718,2012-12-16,おむつの赤ちゃんのイラスト,オムツ姿の、かわいい赤ちゃんのイラストです。,https://www.irasutoya.com/2012/12/blog-post_2042.html,おむつの赤ちゃんのイラスト,オムツ姿の、かわいい赤ちゃんのイラストです。,https://www.irasutoya.com/2012/12/blog-post_2042.html,1,あかちゃん
1370,irasutoya,https://blogger.googleusercontent.com/img/b/R29vZ2xl/AVvXsEgeXmc8NNjy2Oz-U4lrMYEvfYG88FObR6aMabdwaEtJtkSoKa2IkleL5HqVBaBhsJqYWC0Qzu6t119r2eTShxy9E7kFeYQme13bZTxwPwLrCvuYo9ADSHnFXswujguI86wueJ_Ph2BCUKc7/s800/sport_baseball_glove.png,488,484,2012-12-16,■,野球で使うグローブのイラストです。,https://www.irasutoya.com/2012/12/blog-post_16.html,■,野球で使うグローブのイラストです。,https://www.irasutoya.com/2012/12/blog-post_16.html,1,スポーツ|スポーツ用具|野球
1289,irasutoya,https://blogger.googleusercontent.com/img/b/R29vZ2xl/AVvXsEhoMLbaa2APwU29fQ2g_sJeej-MTcfLF3mEV_n6v9rFtqXcuPwHt4r28nCdYTUNbzdaqItkYd-GVirtFpbupTDSXpVXP6NnLLnXBYU2XCQ9wv3-H8yqaHeTPlp8qBweXsv0e3Vom_Z2OjLU/s1600/kabocha.png,565,464,2012-12-16,カボチャのイラスト（野菜）,半分に割れているかぼちゃのイラストです。ハロウィンなどでも使われる秋の味覚です。,https://www.irasutoya.com/2012/12/blog-post_7939.html,カボチャのイラスト（野菜）,半分に割れているかぼちゃのイラストです。ハロウィンなどでも使われる秋の味覚です。,https://www.irasutoya.com/2012/12/blog-post_7939.html,1,ハロウィン|野菜
1288,irasutoya,https://blogger.googleusercontent.com/img/b/R29vZ2xl/AVvXsEg5jfLRcTam1eRA4mADR3eXnpLYPSwKwPxkpLzMiV1iOHvCkFtumVwzPIB-vTHwKO6zAmQRjuqT0BbeTGw7V5oWhuP3C1k8eVIu526eoTnyINwdFJO17KkSatb635zHX3oX7Dim5N83hRAb/s1600/snow_crystal1.png,399,417,2012-12-16,雪の結晶のイラスト1,雪の結晶のイラスト（アイコン・マーク）です。クリックをするとそれぞれが大きくなります。,https://www.irasutoya.com/2012/12/blog-post_6925.html,雪の結晶のイラスト1,雪の結晶のイラスト（アイコン・マーク）です。クリックをするとそれぞれが大きくなります。,https://www.irasutoya.com/2012/12/blog-post_6925.html,1,マーク|冬
1287,irasutoya,https://blogger.googleusercontent.com/img/b/R29vZ2xl/AVvXsEiTtep2NlT5AcjmxYLXYp1Hhwdyt5G8QBJX-wQXshvMQ1veOUA9Yl6Ffi-phRKj-U3FVtBOt001f4Q_BAxDzuB3Pq8CpyXSFBdVFJifmp7zSlzBmD0xwc7u_bwfzyCAN9VB7X5h2irONOrg/s1600/snow_crystal4.png,357,386,2012-12-16,雪の結晶のイラスト4,雪の結晶のイラスト（アイコン・マーク）です。クリックをするとそれぞれが大きくなります。,https://www.irasutoya.com/2012/12/blog-post_6925.html,雪の結晶のイラスト4,雪の結晶のイラスト（アイコン・マーク）です。クリックをするとそれぞれが大きくなります。,https://www.irasutoya.com/2012/12/blog-post_6925.html,1,マーク|冬
1286,irasutoya,https://blogger.googleusercontent.com/img/b/R29vZ2xl/AVvXsEhGK4f9AeBDIkp6Zn_sVoygZmYoXmaB8U6IZaNXaFPkZfxHqbMjwxM4A1ZPJvYan9MinXqVWS_lB6xrVYr-jcRjP2vnFbDwCTAHyOaw5t5HCodm-aya-RUd7f3_QtGSecXE-b32HDhqpQeI/s1600/snow_crystal5.png,358,382,2012-12-16,雪の結晶のイラスト5,雪の結晶のイラスト（アイコン・マーク）です。クリックをするとそれぞれが大きくなります。,https://www.irasutoya.com/2012/12/blog-post_6925.html,雪の結晶のイラスト5,雪の結晶のイラスト（アイコン・マーク）です。クリックをするとそれぞれが大きくなります。,https://www.irasutoya.com/2012/12/blog-post_6925.html,1,マーク|冬
1285,irasutoya,https://blogger.googleusercontent.com/img/b/R29vZ2xl/AVvXsEgK45LirO3xl_OpLy4HTI-h48pgiGUipS4vMctpBscP5vE7zAOcA6MOmJGMItpKZ36yAKmkEaKURmStwrfiNcK66j6luOGZdZAeSDjP-hTBDrc3cWXk96RYd-DK-3gWHN9UmxUCCcmZSyuo/s1600/snow_crystal6.png,351,381,2012-12-16,雪の結晶のイラスト6,雪の結晶のイラスト（アイコン・マーク）です。クリックをするとそれぞれが大きくなります。,https://www.irasutoya.com/2012/12/blog-post_6925.html,雪の結晶のイラスト6,雪の結晶のイラスト（アイコン・マーク）です。クリックをするとそれぞれが大きくなります。,https://www.irasutoya.com/2012/12/blog-post_6925.html,1,マーク|冬
1284,irasutoya,https://blogger.googleusercontent.com/img/b/R29vZ2xl/AVvXsEgl35oP0tHO723qpS_zywp_jrRWQxK3pzyRFb7YRNtqDwFJCHbmF-sC0I69pZ_y1rNjD19aq0wS1Y1TfafyUWgRGrPuquZ5i6lp6aIWJtVozRJRgvEhxSMeKddOfS50nQXb1u7bh4Ddhfy-/s1600/snow_crystal7.png,389,398,2012-12-16,雪の結晶のイラスト7,雪の結晶のイラスト（アイコン・マーク）です。クリックをするとそれぞれが大きくなります。,https://www.irasutoya.com/2012/12/blog-post_6925.html,雪の結晶のイラスト7,雪の結晶のイラスト（アイコン・マーク）です。クリックをするとそれぞれが大きくなります。,https://www.irasutoya.com/2012/12/blog-post_6925.html,1,マーク|冬
1283,irasutoya,https://blogger.googleusercontent.com/img/b/R29vZ2xl/AVvXsEhSzoRqXMJzBwe6FU3x-JZaOh_BKORjBPHanP5Iu7Tuz13tzWyXGzFAVHLmbZzmk8F-kQsapLPdEZJArLttMc4jbbEythnAp_sv3H0zTVwYXuLFNzNDeG9fuQQbD3TaFqlXfy85VU8-9B9Y/s1600/snow_crystal2.png,361,381,2012-12-16,雪の結晶のイラスト2,雪の結晶のイラスト（アイコン・マーク）です。クリックをするとそれぞれが大きくなります。,https://www.irasutoya.com/2012/12/blog-post_6925.html,雪の結晶のイラスト2,雪の結晶のイラスト（アイコン・マーク）です。クリックをするとそれぞれが大きくなります。,https://www.irasutoya.com/2012/12/blog-post_6925.html,1,マーク|冬
1282,irasutoya,https://blogger.googleusercontent.com/img/b/R29vZ2xl/AVvXsEhsQ-1MWfdmGNRwK4Q8iYK5E5KCDtegyJhCdaMmD46deNuLHwZFVc3uN0hoCW8AKxpKQZyi5iR3loF08UJ1KKMGLV0Z_NC6WKkWY7cW029bmWngazTEMG-nM3ZSdAoBMMihgXsdJMA-gJ5y/s1600/snow_crystal3.png,376,398,2012-12-16,雪の結晶のイラスト3,雪の結晶のイラスト（アイコン・マーク）です。クリックをするとそれぞれが大きくなります。,https://www.irasutoya.com/2012/12/blog-post_6925.html,雪の結晶のイラスト3,雪の結晶のイラスト（アイコン・マーク）です。クリックをするとそれぞれが大きくなります。,https://www.irasutoya.com/2012/12/blog-post_6925.html,1,マーク|冬
1281,irasutoya,https://blogger.googleusercontent.com/img/b/R29vZ2xl/AVvXsEhvMmP8K6Yb3zR4WG_qGsXFGxYKWMugb8WY8F90tYoXTb5N6XHHuQqsVPmCmtzfTMadMIi9yqHHg9ZSNIy4fjhAkc81OWIpu7GxO_YeFQYXtm5tV0j-xLW3re50hmioyHuGW2kgTAi-NFY/s800/suiei_pool.png,800,447,2012-12-16,水泳のイラスト「プール」,かわいいプールのイラストです。,https://www.irasutoya.com/2012/12/blog-post_5342.html,水泳のイラスト「プール」,かわいいプールのイラストです。,https://www.irasutoya.com/2012/12/blog-post_5342.html,1,スポーツ|体育|学校|建物|文字
1280,irasutoya,https://blogger.googleusercontent.com/img/b/R29vZ2xl/AVvXsEiux1GpSGDdx54o3XbJmgQNppb0yGR7FI_QB6wj3VNXzUHggg1YEOyf33Fdc42wBrigYJQe8hMRhb6rEAsQAnQxXjmffkOc98hjy2U0u9v5nk53MjBmYo4DeiZZR_85aJhiAfwRP4DfGWva/s1600/undoukai_trophy_gold.png,367,405,2012-12-16,運動会のイラスト「トロフィー・金」,金色のトロフィーのイラストです。,https://www.irasutoya.com/2012/12/blog-post_4226.html,運動会のイラスト「トロフィー・金」,金色のトロフィーのイラストです。,https://www.irasutoya.com/2012/12/blog-post_4226.html,1,運動会
1279,irasutoya,https://blogger.googleusercontent.com/img/b/R29vZ2xl/AVvXsEg558RsUmm_4LquAn8UfQB95rVZoewn96t-YAAv87Iud90Zue34dmYiwKZ-Y4c4M-GSgeqgH_Z6JC5Yt0PCik8RuA1UuebgZyK2B0WiUq8ZG2tsUziV_HVzPMhVa8om92yLGQqqi5CFtbQ/s800/undoukai_trophy_gold.png,467,515,2012-12-16,運動会のイラスト「トロフィー・金」,金色のトロフィーのイラストです。,https://www.irasutoya.com/2012/12/blog-post_4226.html,運動会のイラスト「トロフィー・金」,金色のトロフィーのイラストです。,https://www.irasutoya.com/2012/12/blog-post_4226.html,1,運動会
1278,irasutoya,https://blogger.googleusercontent.com/img/b/R29vZ2xl/AVvXsEiNY1PRgZrNirLXyFNE_ZTi20IJt4BOUJGNnKzapjcvkA5Dqua_XniDZ0UraltWyioTPi1kWxxmGrU_C23AYUV9nxvw3ORU143RRN_QafHdDToxi8r3RN0piX_axK29OuIFD0RUx0aUwC4/s800/snow_rabbit.png,650,660,2012-12-16,■,雪が降っている中、ウサギが楽しそうに踊っているイラストです。,https://www.irasutoya.com/2012/12/blog-post_2661.html,■,雪が降っている中、ウサギが楽しそうに踊っているイラストです。,https://www.irasutoya.com/2012/12/blog-post_2661.html,1,冬|動物キャラ
1300,irasutoya,https://blogger.googleusercontent.com/img/b/R29vZ2xl/AVvXsEg1a9QUAQRElZWLuuMzydEZPZyopjY-5W9PegxF7urVR6WTLB421deK3kGbZfS4n6-XDw48k8r8gcfepjFPdM88xLBQbIyUfPqjC1XyS17tpBmp_ns2ZdOScKe3J-9Pb5LShp5lQRo-LwJ-/s800/jagaimo_poteto.png,575,517,2012-12-15,じゃがいものイラスト（野菜）,じゃがいも（ポテト）のイラストです。,https://www.irasutoya.com/2012/12/blog-post_5363.html,じゃがいものイラスト（野菜）,じゃがいも（ポテト）のイラストです。,https://www.irasutoya.com/2012/12/blog-post_5363.html,1,野菜
1299,irasutoya,https://blogger.googleusercontent.com/img/b/R29vZ2xl/AVvXsEjlYzAWjV5RD_7rT7l3ndzYHnsZvsStXlEhDQoHYGBB38Dl4Ta1tmc-HOIFUGs94xI-PQ9UJfX9Wt59DZ2D3ydoxN-HGQMTQQptY780v5RlQKZyQJtws15EltwXoMoOci6k5vLOMsDEIQo/s800/suiei_kyoushitsu_title.png,800,385,2012-12-15,水泳のイラスト「水泳教室」,「水泳教室」と書かれたイラスト文字です。,https://www.irasutoya.com/2012/12/blog-post_8809.html,水泳のイラスト「水泳教室」,「水泳教室」と書かれたイラスト文字です。,https://www.irasutoya.com/2012/12/blog-post_8809.html,1,スポーツ|体育|文字
1298,irasutoya,https://blogger.googleusercontent.com/img/b/R29vZ2xl/AVvXsEgOq1oxWbICjej4Io1DDp9zHiaP_bfIgVU3e8pRWJmaTn1ivQTF4QO5kvlXCl_ZgwBs4i8WPQetmZPn_lyrQXpeZ7_RnMOtr4VWK9vfnugCJ6NPGY5xJqji3PPIB33Zg8dd5O_YsQ5PDSDg/s1600/undoukai_trophy_bronze.png,367,414,2012-12-15,運動会のイラスト「トロフィー・銅」,銅色のトロフィーのイラストです。,https://www.irasutoya.com/2012/12/blog-post_4884.html,運動会のイラスト「トロフィー・銅」,銅色のトロフィーのイラストです。,https://www.irasutoya.com/2012/12/blog-post_4884.html,1,運動会
1297,irasutoya,https://blogger.googleusercontent.com/img/b/R29vZ2xl/AVvXsEiugvcOJnxKNhObqup7u4K1iSvQXDlxkE1czf55R5Njio9v6pteRUmzrc42VwqR0_M37v1c9VdHekUUA19SDld2Nc6TiaNAyz2QH4qzA8ykmMG_S6qtRqHpwfbaNwBovKzTx6-YwcYPKHc/s800/undoukai_trophy_bronze.png,466,527,2012-12-15,運動会のイラスト「トロフィー・銅」,銅色のトロフィーのイラストです。,https://www.irasutoya.com/2012/12/blog-post_4884.html,運動会のイラスト「トロフィー・銅」,銅色のトロフィーのイラストです。,https://www.irasutoya.com/2012/12/blog-post_4884.html,1,運動会
1296,irasutoya,https://blogger.googleusercontent.com/img/b/R29vZ2xl/AVvXsEi6tGm_Q71q64v_X2TBPMMNtW9Ae-ayjnG5igaIK1lMuoht7WjcmExkpYGd5m2tvgksK0-JA_j8ydsFgt87ydJTZ88WP9z4DAbJXUKGOPqOUwmyMjjtwvtHJtqG_6JCmEX7JTk1gy040l8/s800/skate_man.png,551,609,2012-12-15,スケートのイラスト「男の子」,スケートをしている男の子のイラストです。,https://www.irasutoya.com/2012/12/blog-post_1944.html,スケートのイラスト「男の子」,スケートをしている男の子のイラストです。,https://www.irasutoya.com/2012/12/blog-post_1944.html,1,スポーツ|冬
1295,irasutoya,https://blogger.googleusercontent.com/img/b/R29vZ2xl/AVvXsEjmshKhjMnRJIaqmgrkN5xDcF0tOa6azCUYGc6J6qHlab8ZfdBWgU3DdlXQXXfHUZqX2MC6BjjQyfIDhc8zv8K3yuxDs2YYSGa4luc4j4sLoZV0lvwUruo50XPI5_3mPDbQpq-oCF9ryPA/s800/kakizome_boy.png,692,800,2012-12-15,書道のイラスト「書き初め・男の子」,男の子が半紙に向かって、書き初めをしているイラストです。,https://www.irasutoya.com/2012/12/blog-post_5044.html,書道のイラスト「書き初め・男の子」,男の子が半紙に向かって、書き初めをしているイラストです。,https://www.irasutoya.com/2012/12/blog-post_5044.html,1,お正月|書道
1294,irasutoya,https://blogger.googleusercontent.com/img/b/R29vZ2xl/AVvXsEjq7QjHGjyo31bOAdKYiGGAlVgyTTo0G74gF-LQYtTD0YY6As4j-xS-2WExfxTspU0ds-i0919qpTRSzwaLt4M3kmp6YS64XSp30Lv_ErJu8R8SzRNFrDuoQstX9r6_6PMVVbk5L1b3Tpo/s800/job_musician.png,476,800,2012-12-15,ミュージシャン・音楽家のイラスト（職業）,エレキギターを持っている、ミュージシャンのイラストです。,https://www.irasutoya.com/2012/12/blog-post_6578.html,ミュージシャン・音楽家のイラスト（職業）,エレキギターを持っている、ミュージシャンのイラストです。,https://www.irasutoya.com/2012/12/blog-post_6578.html,1,職業|音楽
1293,irasutoya,https://blogger.googleusercontent.com/img/b/R29vZ2xl/AVvXsEh8jD-vn31beoVWLV29LktoP-ZyVlAC-OauGoLqdRK0CCUZ21DTopYwZY6fSPTZJ-9oy6dB03BmclvIcD-_CldDgoOY-36J_22Cy1y9w9Auf5Ip7f6vQNjTK5Y-LseOZ7RBP1vkxwbpg2AT/s800/bentou_girl2.png,609,800,2012-12-15,お弁当のイラスト「女の子」,女の子が笑顔でお弁当を広げているイラストです。,https://www.irasutoya.com/2012/12/blog-post_1654.html,お弁当のイラスト「女の子」,女の子が笑顔でお弁当を広げているイラストです。,https://www.irasutoya.com/2012/12/blog-post_1654.html,1,お弁当|こども|食事
1292,irasutoya,https://blogger.googleusercontent.com/img/b/R29vZ2xl/AVvXsEh-KYhJtfcyqwACinAew3AsCe8C155Hhx9PhrNwEyWmejlVA716JB9IzlfBBxTu95MaYeIdruMBOFjpGw34M4CLeR09K0GoXb4AFzWb1H5R9_ckEDN-6u-Rb2ALf9qhIHZAHlSOu3cpPuM/s800/omocha_rappa.png,514,454,2012-12-15,ラッパのイラスト（おもちゃ）,子供用のラッパのおもちゃから音がなっているいらすとです。,https://www.irasutoya.com/2012/12/blog-post_7165.html,ラッパのイラスト（おもちゃ）,子供用のラッパのおもちゃから音がなっているいらすとです。,https://www.irasutoya.com/2012/12/blog-post_7165.html,1,おもちゃ|楽器
1291,irasutoya,https://blogger.googleusercontent.com/img/b/R29vZ2xl/AVvXsEio6k-iddjkHfAp-0j7PLMUpyl08Bwzte_w2S2mpRcwU4MqtpuA3M9WSLycSW6hlFKpGUVFnhLUbJNz9paX_C6AiMHqjZcnPo9p5SccytG9RMlP2P9DlJ6BjOYUyTlsakz6QAOYXNtWGLs/s800/akachan_omaru.png,566,636,2012-12-15,おまるのイラスト（赤ちゃん）,かわいい、アヒルのおまるのイラストです。,https://www.irasutoya.com/2012/12/blog-post_1394.html,おまるのイラスト（赤ちゃん）,かわいい、アヒルのおまるのイラストです。,https://www.irasutoya.com/2012/12/blog-post_1394.html,1,あかちゃん
1290,irasutoya,https://blogger.googleusercontent.com/img/b/R29vZ2xl/AVvXsEh1crmFPcc0FZC3eHpu3PamvUSYwXaiqLTeaMuxyupJUZeyV0TRsWW_mYVLLS7jbEjKIOMM52YWyZqSCOugDXIpua2WA3Zsid5cNho5JuIRam2jiisOc-nlXlKpGPDJqVXfFpLtoYmYBpdl/s800/sport_baseball_bat.png,479,610,2012-12-15,■,野球で使う木のバットのイラストです。,https://www.irasutoya.com/2012/12/blog-post_15.html,■,野球で使う木のバットのイラストです。,https://www.irasutoya.com/2012/12/blog-post_15.html,1,スポーツ|スポーツ用具|野球
1310,irasutoya,https://blogger.googleusercontent.com/img/b/R29vZ2xl/AVvXsEhrb1CPcE4Poc6zuT0LM9RlVmaCWy-MucJKkFY_zJ_Reac7OBpzajfiFT-tLu17-ibhfuElV5E6n_g04IZZWoSmaA2lJ_TvwkClmxlnIqcpd63RrpVToO1bn3Wfy_WZ52W7taimzKY13AiQ/s800/hourensou_spinach.png,594,603,2012-12-14,ほうれん草のイラスト（野菜）,鉄分たっぷり、ほうれん草のイラストです。根本が赤いのが特徴的です。,https://www.irasutoya.com/2012/12/blog-post_7034.html,ほうれん草のイラスト（野菜）,鉄分たっぷり、ほうれん草のイラストです。根本が赤いのが特徴的です。,https://www.irasutoya.com/2012/12/blog-post_7034.html,1,野菜
1309,irasutoya,https://blogger.googleusercontent.com/img/b/R29vZ2xl/AVvXsEjaB3WCgwsFc9MgnuXD9xoR8DxZCcvz76TnpErw06o4rtZIn9LfSm_ylbWi4avO715wW_1NQ5WVf-aW9jGY3LfykVJ8H_rGufaQkntogFmVFeJMqkyA3d9c5oFkZEpeRBgaZbNBbPv0po4/s800/christmas_wreath_heart.png,602,560,2012-12-14,ハート型のクリスマスリースのイラスト,ベルや飾り付けで彩られた、ハート型のかわいいクリスマスリースのイラストです。,https://www.irasutoya.com/2012/12/blog-post_234.html,ハート型のクリスマスリースのイラスト,ベルや飾り付けで彩られた、ハート型のかわいいクリスマスリースのイラストです。,https://www.irasutoya.com/2012/12/blog-post_234.html,1,クリスマス
1308,irasutoya,https://blogger.googleusercontent.com/img/b/R29vZ2xl/AVvXsEhPNHtNBiD2ozFJWZC29mjKL2oJ3ZwSYD3sHaE5Ys__Y3mejqiQs_AQCxA86z2NXyVBBo61xNG-VcpA3_cmX3AQ91Zo7DIF4oVzdLbbp8JRIG31Z9zqUVLEfMq_r-fFbMWHuQOUJoiG9sCT/s800/suiei_crawl_people.png,800,559,2012-12-14,水泳のイラスト「クロール・自由形」,クロールで泳ぎながら、競争（競泳）をしている人達のイラストです。,https://www.irasutoya.com/2012/12/blog-post_429.html,水泳のイラスト「クロール・自由形」,クロールで泳ぎながら、競争（競泳）をしている人達のイラストです。,https://www.irasutoya.com/2012/12/blog-post_429.html,1,スポーツ|体育
1307,irasutoya,https://blogger.googleusercontent.com/img/b/R29vZ2xl/AVvXsEieciysj8GFJC6k1hGOR_eIqnHO6ZJF_gpe0GH7Jf_XGxNzoC1MHH3TowATXXc55U04PV1u0bkQcccHiZDyJMF-tW044H3H4Km-wv0wLwgtpeuf7UiTejWeqUJKIv9Q6Oxi8gck6Z3HQjw/s800/skate_woman.png,551,609,2012-12-14,スケートのイラスト「女の子」,女の子が楽しそうにスケートをしているイラストです。,https://www.irasutoya.com/2012/12/blog-post_9122.html,スケートのイラスト「女の子」,女の子が楽しそうにスケートをしているイラストです。,https://www.irasutoya.com/2012/12/blog-post_9122.html,1,スポーツ|冬
1306,irasutoya,https://blogger.googleusercontent.com/img/b/R29vZ2xl/AVvXsEiGQ3yi1cjqAE10F6xcqG33of8sZ8HFdQAs4EPck3roemFri4b5IVm4oiW9Nk0iPI_YetAZxtwCxiQ-Ez2608_9KAUtStEdM5j4VBDc4FjPys5HsbG-BhjKyKaE8udoNmUqgp-7ZjzmNgs/s800/job_panya.png,409,800,2012-12-14,パン屋さんのイラスト,フランスパンを抱えて笑っている、パン屋さんのイラストです。,https://www.irasutoya.com/2012/12/blog-post_3990.html,パン屋さんのイラスト,フランスパンを抱えて笑っている、パン屋さんのイラストです。,https://www.irasutoya.com/2012/12/blog-post_3990.html,1,パン|料理|職業
1305,irasutoya,https://blogger.googleusercontent.com/img/b/R29vZ2xl/AVvXsEgh4UaS6MZDUt3Q363J64qeM7fksyGO89ey9P8278yWDfh0awlcGtRCOBIRD3q7rgpkCWBmwySqQtr-E_F4Y2pQJ0Qn0GJ4d4AvYKt1Ts9yjCWyzhHLMM_kvhjCKmDsFPxf98MNWT6UMvFI/s800/bentou_student_boy.png,609,800,2012-12-14,弁当男子のイラスト「学生・お弁当」,制服を着た男子学生がお弁当を食べているイラストです。,https://www.irasutoya.com/2012/12/blog-post_2675.html,弁当男子のイラスト「学生・お弁当」,制服を着た男子学生がお弁当を食べているイラストです。,https://www.irasutoya.com/2012/12/blog-post_2675.html,1,お弁当|リクエスト|学校|食事
1304,irasutoya,https://blogger.googleusercontent.com/img/b/R29vZ2xl/AVvXsEi3hYDnlM5iU8jr8KJ51U5SIIecpBU35Bzm9WB6MHGfuMo5gBALPNMTh2_LiIYD4okElWTABFhfWHOIiz6QoXRhn_967gZRR5apxCy-7cSx7-GCAgZeE1JB-g3WhBEvt7fwBlaa8i1pt5E/s800/omocha_otedama.png,558,476,2012-12-14,お手玉のイラスト（おもちゃ）,昔ながらの日本のおもちゃ、お手玉のイラストです。,https://www.irasutoya.com/2012/12/blog-post_474.html,お手玉のイラスト（おもちゃ）,昔ながらの日本のおもちゃ、お手玉のイラストです。,https://www.irasutoya.com/2012/12/blog-post_474.html,1,おもちゃ
1303,irasutoya,https://blogger.googleusercontent.com/img/b/R29vZ2xl/AVvXsEggRRmXoHAtwZlWaZoPSQyl-nfbYcQD7izeoKvma7wvSsGsTE1EGY07bNgQ5Wnpz7WGA1TU0Cc7Md76t6v9H3Wk9lcE8hDv2VrSufdijWd9J0jaiTU5s0sSnheYtmuh7FE1WEQbZBEyjKI/s800/akachan_nuigurumi.png,630,710,2012-12-14,赤ちゃんと人形のイラスト,クマの人形を抱えて笑っている、赤ちゃんのイラストです。,https://www.irasutoya.com/2012/12/blog-post_5693.html,赤ちゃんと人形のイラスト,クマの人形を抱えて笑っている、赤ちゃんのイラストです。,https://www.irasutoya.com/2012/12/blog-post_5693.html,1,あかちゃん|おもちゃ
1302,irasutoya,https://blogger.googleusercontent.com/img/b/R29vZ2xl/AVvXsEiplAcHthSWzM_FPRuDYmBLK90cmqr0NKmVy0BLB-xWYiHFlVqc9gbv0HOP8DoGDuNwe97WFzyZVpmLh5nvqq3TCgyZD6OFPZoESaXZtGoWeu-M4Tte2xaFdSG3Nz5G19OiQLf3StSqby9M/s1600/undoukai_trophy.png,664,452,2012-12-14,運動会のイラスト「トロフィー・金銀銅」,金と銀と銅のトロフィーがセットになっているイラストです。,https://www.irasutoya.com/2012/12/blog-post_4416.html,運動会のイラスト「トロフィー・金銀銅」,金と銀と銅のトロフィーがセットになっているイラストです。,https://www.irasutoya.com/2012/12/blog-post_4416.html,1,運動会
1301,irasutoya,https://blogger.googleusercontent.com/img/b/R29vZ2xl/AVvXsEjsxlU3EDu-06J78N33EsOHNvIGcArTTkAlzkzDmKsSbBlqdSxdLwvjQeGCQpfDuk2lnNDeQx2IKLVdq5AaIGBvmlnSP2MaJrAghNpW18YD47iO5kozS7TRyKcWuX9_Zbf18I5FNz_npc0/s800/undoukai_trophy.png,800,546,2012-12-14,運動会のイラスト「トロフィー・金銀銅」,金と銀と銅のトロフィーがセットになっているイラストです。,https://www.irasutoya.com/2012/12/blog-post_4416.html,運動会のイラスト「トロフィー・金銀銅」,金と銀と銅のトロフィーがセットになっているイラストです。,https://www.irasutoya.com/2012/12/blog-post_4416.html,1,運動会
1326,irasutoya,https://blogger.googleusercontent.com/img/b/R29vZ2xl/AVvXsEhnRV1iXtJLtW22NR6X7Eclf_hieb64uemdoqAf0l5ZndupQZF-3V1sIx0Yj3_VnvgOug_XTQabjl8dXqE1zmLJgJr7-IznaiYAn5u6biXCBXCHXJhnZOUEWLKYtP1-aSByIrcLdazsuTjn/s800/hakusai.png,549,643,2012-12-13,白菜のイラスト（野菜）,寒くなってくるとお鍋に欠かせない、白菜のイラストです。,https://www.irasutoya.com/2012/12/blog-post_1004.html,白菜のイラスト（野菜）,寒くなってくるとお鍋に欠かせない、白菜のイラストです。,https://www.irasutoya.com/2012/12/blog-post_1004.html,1,野菜
1325,irasutoya,https://blogger.googleusercontent.com/img/b/R29vZ2xl/AVvXsEhteZm4dWfRUbVDcmfIfOYY__AZVIfDhLVHcz72w0AHDqF4xBvafkLzYRgpYUewQ_cu6y32FE7FnWuCZL7L-Y1D-WYXQP8zl7HQVOzWdQwBr9kPH3IVgwfuGHlxQfwHyru_ceqeG9eaSjE/s800/christmas_tree_present.png,621,800,2012-12-13,クリスマスツリーとプレゼントのイラスト,豪華なクリスマスツリーの前に、たくさんのプレゼントが置かれているイラストです。,https://www.irasutoya.com/2012/12/blog-post_7235.html,クリスマスツリーとプレゼントのイラスト,豪華なクリスマスツリーの前に、たくさんのプレゼントが置かれているイラストです。,https://www.irasutoya.com/2012/12/blog-post_7235.html,1,クリスマス
1324,irasutoya,https://blogger.googleusercontent.com/img/b/R29vZ2xl/AVvXsEhD-cmRbrbwpUaJB5H-YMBbKFDIJPP80mRl-2y0H2t58ZGxCcxPFX5f3XIqgJqPkVDINR3lSQZWp1xyDp13VPF2sbUpJrsCUKfL-NhWsqi-zI5m5MU_wXFtyJlb5y59gqtmoO8kMnD66f1V/s800/oseibo_man.png,565,800,2012-12-13,お歳暮のイラスト,嬉しそうに箱に入ったお歳暮（贈り物）を渡している男性のイラストです。,https://www.irasutoya.com/2012/12/blog-post_3916.html,お歳暮のイラスト,嬉しそうに箱に入ったお歳暮（贈り物）を渡している男性のイラストです。,https://www.irasutoya.com/2012/12/blog-post_3916.html,1,中年|冬|年の瀬
1323,irasutoya,https://blogger.googleusercontent.com/img/b/R29vZ2xl/AVvXsEgMVNs3EY1Cab9E9BT5WP8ADiJZDHlW4LPLGnMReMf3MYJwu38aEbHCCL2ElqJmK7t4_vAX5GD_96ouJsqJt5SOVecHIiQlP_e8lbZlGoICDT6hEouL13hY-wv2EGdzQ8UfwiPCEfB0ZUM/s800/senkyo_rikkouho.png,408,800,2012-12-13,■,選挙の立候補者が演説をしているイラストです。,https://www.irasutoya.com/2012/12/blog-post_9687.html,■,選挙の立候補者が演説をしているイラストです。,https://www.irasutoya.com/2012/12/blog-post_9687.html,1,政治
1322,irasutoya,https://blogger.googleusercontent.com/img/b/R29vZ2xl/AVvXsEhUghhus_55R2assNdyxBjE3Bf-IIm_WNhSckd5Os1YtJAu7PtcnVUF8NGadvMEkGPAk5rFNiGilfL7nKYif-BZTraxxWVZgQ0oI7IT5xGd7ZuFsZUEwH1jM62f_B57Pt1DFhCTPMZLIXM/s800/ski_man.png,655,607,2012-12-13,スキーのイラスト「男の子」,スキーを滑っている男の子のイラストです。,https://www.irasutoya.com/2012/12/blog-post_9633.html,スキーのイラスト「男の子」,スキーを滑っている男の子のイラストです。,https://www.irasutoya.com/2012/12/blog-post_9633.html,1,スポーツ|冬
1321,irasutoya,https://blogger.googleusercontent.com/img/b/R29vZ2xl/AVvXsEjrCe3gV1GK3-6FyabgcfkLbQh6ivTBHlAVlLYBRGjX4JtoC3XcCvz3oVn1oWBVXS4KOHTsjYr2Yxo4hNqSj1lB9dv3rG3o8zFBTR4eFCxf3JP2syIjcZaoPw1xiaebAy5zrGQtylQ_l-Q/s800/senkyo_title.png,800,660,2012-12-13,選挙のイラスト「タイトル文字」,「選挙」と書かれた、選挙箱のイラスト文字です。,https://www.irasutoya.com/2012/12/blog-post_8786.html,選挙のイラスト「タイトル文字」,「選挙」と書かれた、選挙箱のイラスト文字です。,https://www.irasutoya.com/2012/12/blog-post_8786.html,1,政治|文字
1320,irasutoya,https://blogger.googleusercontent.com/img/b/R29vZ2xl/AVvXsEgHda0WblFpg3hqGNO2SOBUfKNlA5admodCXwlIQJvHkhZm0pVyWuIWLX8Ol5n_plvITPJMyFbE_X2RuOlekgnqhCztYQkTZyxcfSPcxRn1PUfKm7BKK9w_KFv6Yq7G6roNUlCNaH-DQ8Hz/s1600/undoukai_tokyousou_white.png,441,519,2012-12-13,運動会のイラスト「徒競走・白組」,運動会で笑いながら走っている、白組の生徒のイラストです。,https://www.irasutoya.com/2012/12/blog-post_9654.html,運動会のイラスト「徒競走・白組」,運動会で笑いながら走っている、白組の生徒のイラストです。,https://www.irasutoya.com/2012/12/blog-post_9654.html,1,運動会
1319,irasutoya,https://blogger.googleusercontent.com/img/b/R29vZ2xl/AVvXsEiZ3AZll-Z8pyL3GWMSoqM0bXHH2aR4ZIKLYFeY6Wxo2oEj93iCRD31hNBjoLyl0qWTwxaunElgmoDGyfuoTYgJ3qjqF9Qs0puc6s2JarF4bik4oIPNsTylmuutaLcGruYT-bXTkH2Ezds/s800/undoukai_tokyousou_white.png,560,660,2012-12-13,運動会のイラスト「徒競走・白組」,運動会で笑いながら走っている、白組の生徒のイラストです。,https://www.irasutoya.com/2012/12/blog-post_9654.html,運動会のイラスト「徒競走・白組」,運動会で笑いながら走っている、白組の生徒のイラストです。,https://www.irasutoya.com/2012/12/blog-post_9654.html,1,運動会
1318,irasutoya,https://blogger.googleusercontent.com/img/b/R29vZ2xl/AVvXsEhFB8Kv1l93WoCVERNQ0IIadIeqGBZQW5ZgSC8BXg5vyA4LP1eYWFJj_Jv0mqV_xmkzmEkQeZ1hv2sn16P-Oix-ikoNZ1ZE1LMwahXIQQQPS6hpWDc9OR44GX32YXj97LEguqmc85AKmlU/s800/job_senesi.png,504,800,2012-12-13,先生・講師のイラスト,優しそうに授業をしている、先生（講師）のイラストです。,https://www.irasutoya.com/2012/12/blog-post_4232.html,先生・講師のイラスト,優しそうに授業をしている、先生（講師）のイラストです。,https://www.irasutoya.com/2012/12/blog-post_4232.html,1,ビジネス|学校|職業
1317,irasutoya,https://blogger.googleusercontent.com/img/b/R29vZ2xl/AVvXsEiaXjVAT8Hew8Wpf-iChnnQloWOWunJUn7OZ-CnjczZqVdNW-e0zaZTC3LFO_ZnMW5_fPwR2QcMG1fqKprMUn11jpNjx3CXaIYAfOiUK9kfQ04OXlGbxyec-3BnrjMOCBNkXh0McN3wbVx1/s800/bentou_boy2.png,609,800,2012-12-13,お弁当のイラスト「男の子」,お弁当を開いて食べようとしている、男の子のイラストです。,https://www.irasutoya.com/2012/12/blog-post_8905.html,お弁当のイラスト「男の子」,お弁当を開いて食べようとしている、男の子のイラストです。,https://www.irasutoya.com/2012/12/blog-post_8905.html,1,お弁当|こども|食事
1316,irasutoya,https://blogger.googleusercontent.com/img/b/R29vZ2xl/AVvXsEj3HLo5KFtkMzQsa9dG3xFPTsU1kl29NPxhZP_S-HtCS5M2kbJyQAeXLfI1gCnfIkqVNFli5861Swdk9vlcaEHuwl_wIuMD4BQ6Fqsb0iEYacXdVwvpkcGDwTAc-G1uq_tvc6vtslB0P7U/s800/mask_woman.png,569,674,2012-12-13,花粉症のイラスト「マスクと鼻水の女性」,マスクをつけている花粉症の女性のイラストです。,https://www.irasutoya.com/2012/12/blog-post_8156.html,花粉症のイラスト「マスクと鼻水の女性」,マスクをつけている花粉症の女性のイラストです。,https://www.irasutoya.com/2012/12/blog-post_8156.html,1,病気
1315,irasutoya,https://blogger.googleusercontent.com/img/b/R29vZ2xl/AVvXsEj-vPzKMMPKOdDzVWJ0yc1WscGddOUau_SAYLtj89WT5MpkZq37Cm2S9LDK31e529ypg1Ww2UQGRZSwsrZbhO-bJ8weQJrsPeToFRAguf5BRIgAyA4JyB6wc9bHOFPY-jCGN7uiBdeJDCc/s800/omocha_osyaburi.png,368,494,2012-12-13,■,赤ちゃんの必需品、おしゃぶりのイラストです。,https://www.irasutoya.com/2012/12/blog-post_9600.html,■,赤ちゃんの必需品、おしゃぶりのイラストです。,https://www.irasutoya.com/2012/12/blog-post_9600.html,1,おもちゃ
1314,irasutoya,https://blogger.googleusercontent.com/img/b/R29vZ2xl/AVvXsEiphbQTBjzVjMI0xsgRJmTdqk9EyMU81sGX5Bn8QmLD37BmP7ub-EQsAVZH2567wERdpalFt4bcbPrNpPyLXOOjujkyVn9nnaAlJ-66eveo95rIqy1huM_ATpzJ_HLAN9MvCjYfABjLc-g/s800/senkyo_wairo.png,800,670,2012-12-13,■,悪そうな政治家がこっそり賄賂を受けっとているイラストです。,https://www.irasutoya.com/2012/12/blog-post_1423.html,■,悪そうな政治家がこっそり賄賂を受けっとているイラストです。,https://www.irasutoya.com/2012/12/blog-post_1423.html,1,政治|違反
1313,irasutoya,https://blogger.googleusercontent.com/img/b/R29vZ2xl/AVvXsEg30c-nw_m2SmMo2ZVGq90So0NVrooGRGp3daOw3nGWGAGRk4xEq4NUmmp_quJHFUL2On_uTYp8tB3fsowLV5e-PX2FJ2cqaP7efUmPf3BDthc1VgEGgAX8Ug4LZuLOjIxd54KOuTEVVcXo/s800/baby_ninshin_ninpu.png,729,800,2012-12-13,妊婦・妊娠のイラスト（赤ちゃん）,お腹の赤ちゃんを、嬉しそうに眺めている妊婦さんのイラストです。,https://www.irasutoya.com/2012/12/blog-post_7894.html,妊婦・妊娠のイラスト（赤ちゃん）,お腹の赤ちゃんを、嬉しそうに眺めている妊婦さんのイラストです。,https://www.irasutoya.com/2012/12/blog-post_7894.html,1,あかちゃん|家族
1312,irasutoya,https://blogger.googleusercontent.com/img/b/R29vZ2xl/AVvXsEgeFTOifceN1umHG65eGSwQ-zTKIT7ACz6I3ogKeDLVXcgeMeey743ekARxiokkLRwxk7U4gGeb5Ii6AtejP4zYy5qz_yIQ1hMWdy-8RZQ0jk8ea9c5yWDvk6sqncONeCMdeVKeBKaczt9x/s800/sport_american_football.png,448,454,2012-12-13,■,アメリカンフットボール（アメフト）で使うボールのイラストです。,https://www.irasutoya.com/2012/12/blog-post_13.html,■,アメリカンフットボール（アメフト）で使うボールのイラストです。,https://www.irasutoya.com/2012/12/blog-post_13.html,1,スポーツ|スポーツ用具
1311,irasutoya,https://blogger.googleusercontent.com/img/b/R29vZ2xl/AVvXsEg4-2XB4zuz2p7OnEN-vSVP6f1SnH3AWk6T-i9ft3KivyOSXRJ0dMPpothRCoM3RMzyQ2AJgG36I-Kj1vnuCInutCipcavYzRLFV4Gp__CmnnZ_Ojzgk0rjOJ7Ue-aj_O0N4b1bwmwIHpU/s800/suiei_cap_goggles.png,685,468,2012-12-13,水泳のイラスト「水中眼鏡・キャップ」,水泳で使う、青い水泳キャップと、水中眼鏡のイラストです。,https://www.irasutoya.com/2012/12/blog-post_7975.html,水泳のイラスト「水中眼鏡・キャップ」,水泳で使う、青い水泳キャップと、水中眼鏡のイラストです。,https://www.irasutoya.com/2012/12/blog-post_7975.html,1,スポーツ|スポーツ用具|体育
1246,irasutoya,https://blogger.googleusercontent.com/img/b/R29vZ2xl/AVvXsEiRdHBhkM-HlHh5sT7OryLx6LY5mcwuXX0iNEJLLwBy3UM9ktf0tzZulK9es4Edv3bs_t0otr8K7dRhGpZMr-EgSNnfZMQGET3-4PKkG6AEAVohY30Y6jXD6CA0UWejn03kDkR-FYEYJTtp/s800/goya_bittergourd.png,543,695,2012-12-12,ゴーヤのイラスト（野菜）,沖縄の苦い野菜、ゴーヤ（ゴーヤー）のイラストです。,https://www.irasutoya.com/2012/12/blog-post_2151.html,ゴーヤのイラスト（野菜）,沖縄の苦い野菜、ゴーヤ（ゴーヤー）のイラストです。,https://www.irasutoya.com/2012/12/blog-post_2151.html,1,野菜
1245,irasutoya,https://blogger.googleusercontent.com/img/b/R29vZ2xl/AVvXsEgBmVlZFlKJn-YOAGDD-pUkbK3c8-MavSSrP_gDRWQbSEVufDRrMu1jJvgH8DavgWrZnOSkSBY5nPG4PH0bPZWLXG_JnkLw1iMjYWyZEgfLJUM_pamPVp6hlPD1FcO80EPepbsmGv4jZBk/s800/christmas_tree.png,653,800,2012-12-12,クリスマスツリーのイラスト,豪華なクリスマスツリーのイラストです。,https://www.irasutoya.com/2012/12/blog-post_7623.html,クリスマスツリーのイラスト,豪華なクリスマスツリーのイラストです。,https://www.irasutoya.com/2012/12/blog-post_7623.html,1,クリスマス
1244,irasutoya,https://blogger.googleusercontent.com/img/b/R29vZ2xl/AVvXsEixzPrj43iXeCvQcC6eFZ7Zybj9J4xOu_-w_n5LeU0_3Atum6jaL0hDgzMgfHo47EVxReYgCxMWg6sRms5oMLnpaL2PAk4OJwQURnM-Nh0jAEazYU-LQLH_RD76FlftIRvX3L-iNWgd40-P/s1600/osechiryouri_osyougatsu.png,734,734,2012-12-12,おせち料理のイラスト,お正月に食べる、豪華に彩られたおせち料理のイラストです。,https://www.irasutoya.com/2012/12/blog-post_6459.html,おせち料理のイラスト,お正月に食べる、豪華に彩られたおせち料理のイラストです。,https://www.irasutoya.com/2012/12/blog-post_6459.html,1,お正月|食べ物
1243,irasutoya,https://blogger.googleusercontent.com/img/b/R29vZ2xl/AVvXsEgcEG_kMsaKjb8SPJbDzBys1iD19c5Zh8VrvWBxUIYYfXZ4Qmm_rfwqRXAUo53VhIdIvY9r4EVfFqJuuEBzxTnIlBguYOuqNUqnsozPj0eIQsqk1yV8740kIv8KT_-5f8OldCjSMxQEV3uM/s800/sport_tennis_ball.png,427,422,2012-12-12,■,黄緑色のテニスのボールのイラストです。,https://www.irasutoya.com/2012/12/blog-post_12.html,■,黄緑色のテニスのボールのイラストです。,https://www.irasutoya.com/2012/12/blog-post_12.html,1,スポーツ|スポーツ用具
1242,irasutoya,https://blogger.googleusercontent.com/img/b/R29vZ2xl/AVvXsEgbZNXdV4P5GDrlnpdntNXqOPTMbTVOecYfkiXZ2ClxAULJ9P1GOXmTooYa3_hztFo2p1TKTg51f2FwbH4H91Le99vf51mc2g3_ODDU7owpDQdWV21tliTWz-NUbhN26W8E9IvB4OXZ_ak/s800/ski_woman.png,633,595,2012-12-12,スキーのイラスト「女の子」,女の子が楽しそうにスキーをしているイラストです。,https://www.irasutoya.com/2012/12/blog-post_6643.html,スキーのイラスト「女の子」,女の子が楽しそうにスキーをしているイラストです。,https://www.irasutoya.com/2012/12/blog-post_6643.html,1,スポーツ|冬
1241,irasutoya,https://blogger.googleusercontent.com/img/b/R29vZ2xl/AVvXsEjOljcEK_a9t9cd6gC9PahvaqrpxNkpU_QRDGYN-yAqoI4Q-Ja-EjqcEKpSwd_dTfLoF8CZEGLbxb-CU3fTc-D78zIqbH2wG9ab6YHHDWKiyK1FijeHvCkfAJxXvKUZkozHMug6ucZ60d35/s1600/title_winter_sale.png,732,486,2012-12-12,イラスト文字「Winter Sale!」,「Winter Sale!」と書かれたイラスト文字です。,https://www.irasutoya.com/2012/12/winter-sale.html,イラスト文字「Winter Sale!」,「Winter Sale!」と書かれたイラスト文字です。,https://www.irasutoya.com/2012/12/winter-sale.html,1,POP|冬|文字
1240,irasutoya,https://blogger.googleusercontent.com/img/b/R29vZ2xl/AVvXsEgTpu3ZN2u24Ci_EHkcdHFj6srDoSMPeU1i4CTAWoK7UczvOYAeO98Hy5CsF4PIXrvw0Re7Wuc2AFLnImIa6KzAW3TT6WNpZmoYI_TbLnHKmswy8ftPz6aeBY_U136wedpYnZ5M12jcOJwq/s800/job_syouboushi_man.png,518,800,2012-12-12,消防士のイラスト（職業）,男性の消防士（消防隊員）がホースを抱えて笑っているイラストです。,https://www.irasutoya.com/2012/12/blog-post_2481.html,消防士のイラスト（職業）,男性の消防士（消防隊員）がホースを抱えて笑っているイラストです。,https://www.irasutoya.com/2012/12/blog-post_2481.html,1,災害|職業
1239,irasutoya,https://blogger.googleusercontent.com/img/b/R29vZ2xl/AVvXsEjmklO9HNgIGUgB8dTxnwNPEtHjXVyIo5esXOXYH-DVpWCSN7fJVYWyqNCt2DTsqdhw1qzUh4dSuzNb7xdXNh-hKiqEMUtsALz4HTVTl06AUFo5fM9JzWRnLcdnU9Dpowlg4P4hfx0ySZk/s800/mask_kafun_man.png,613,654,2012-12-12,花粉症のイラスト「マスクと鼻水の男性」,花粉症で鼻水を垂らしてマスクをつけている男性のイラストです。,https://www.irasutoya.com/2012/12/blog-post_199.html,花粉症のイラスト「マスクと鼻水の男性」,花粉症で鼻水を垂らしてマスクをつけている男性のイラストです。,https://www.irasutoya.com/2012/12/blog-post_199.html,1,病気
1238,irasutoya,https://blogger.googleusercontent.com/img/b/R29vZ2xl/AVvXsEjP_8F9H4oxYAix6PaVnsNftE7D-ATfxcpO1yRvfLKiUccEyuZB5iO7Xey3e08yhYIpV1HKFhnwTzlA2U_TyP8bEEC9_Zs4tnRhhhi0Xq2e8kWlmpHCO0EFyPx1ZxeL4uzmUqY1VHdROsQ/s800/omocha_orugooru.png,586,618,2012-12-12,オルゴールのイラスト,木の箱に入った、音楽の流れるオルゴールのイラストです。,https://www.irasutoya.com/2012/12/blog-post_3660.html,オルゴールのイラスト,木の箱に入った、音楽の流れるオルゴールのイラストです。,https://www.irasutoya.com/2012/12/blog-post_3660.html,1,おもちゃ|楽器
1237,irasutoya,https://blogger.googleusercontent.com/img/b/R29vZ2xl/AVvXsEgCgeqUdaN7s0ohleb2t0CLDZofqiVhJuGZ165-X4q-qB_aPZIZhdsaaF9A1QpFVgH_RnbRlkrhyaU9R2oWlNblydNJSPRJa_uerd-e4UzsqncuMYMp02zS6XKGP4zYCvxe8MutGU4QZLA/s800/senkyo_touhyo.png,547,800,2012-12-12,投票のイラスト（選挙）,有権者が投票をしているイラストです。,https://www.irasutoya.com/2012/12/blog-post_9256.html,投票のイラスト（選挙）,有権者が投票をしているイラストです。,https://www.irasutoya.com/2012/12/blog-post_9256.html,1,政治
1236,irasutoya,https://blogger.googleusercontent.com/img/b/R29vZ2xl/AVvXsEiKo43vo0losCMKk0HWgk5Amrhfi9etjd3dfaHHNDADt0Pz4oYo3553HLrtrcd7BxLPsz-A-IgO2UBOKG2Y29mvmAXyntIgMo-LVqcBpVWckpMFZ7sKcRgT2ch4hhGKOdGR7fCgCxQFxqM/s800/akachan_mother.png,598,757,2012-12-12,赤ちゃんとお母さんのイラスト,お母さんに抱っこされている、かわいい赤ちゃんのイラストです。,https://www.irasutoya.com/2012/12/blog-post_6547.html,赤ちゃんとお母さんのイラスト,お母さんに抱っこされている、かわいい赤ちゃんのイラストです。,https://www.irasutoya.com/2012/12/blog-post_6547.html,1,あかちゃん|家族
1235,irasutoya,https://blogger.googleusercontent.com/img/b/R29vZ2xl/AVvXsEjTftKeQaW9T2QN2Y29v7hkVVS41FIYOphEeaUev5cH3WCBHTGzBp7tX104PlRjC7CHMOxfOt1Yi0GGBqT_EzgozZaxkuEw8hWe4ZgNgOqz6736C5ulcVrDOhmNWyjaxRgJRfmY7hHYp1Q/s800/ensoku_title.png,764,532,2012-12-12,遠足のイラスト「タイトル文字」,「遠足」と書かれたイラスト文字です。,https://www.irasutoya.com/2012/12/blog-post_4275.html,遠足のイラスト「タイトル文字」,「遠足」と書かれたイラスト文字です。,https://www.irasutoya.com/2012/12/blog-post_4275.html,1,学校|文字|旅行
1234,irasutoya,https://blogger.googleusercontent.com/img/b/R29vZ2xl/AVvXsEh7qzEQhgCLMHX5hHKqfTXvlkiGrGOuSILrd-7QHN4U6QsnFOZVLAD1JrJBf1-Q_mEgYe6KI574gGDcuR5tP1i2yDk0XFjRCVrDo8_312VoCbx8fWLH1eN-kcqW_lEIT1on2fGfT0_YYpU/s800/senkyo_bako.png,524,800,2012-12-12,投票箱のイラスト（選挙）,選挙に使う投票箱のイラストです。,https://www.irasutoya.com/2012/12/blog-post_1859.html,投票箱のイラスト（選挙）,選挙に使う投票箱のイラストです。,https://www.irasutoya.com/2012/12/blog-post_1859.html,1,政治
1233,irasutoya,https://blogger.googleusercontent.com/img/b/R29vZ2xl/AVvXsEhGTn31V9a1bquwVLsDGpNiYObG3oKImiQb5pzuvbcPygo-QoMZNhyRlmVqrb-AswFgt-RGiD8TJStx_qmvHul9seAA2-Je_jYEux84bejstPjks-Zn1-nl3BEHw-bUDkYnKHasd2dmzgA/s800/senkyo_car.png,656,800,2012-12-12,選挙カー（街宣車）と立候補者のイラスト,選挙カー（街宣車）に乗って街頭演説、選挙運動をしている立候補者のイラストです。,https://www.irasutoya.com/2012/12/blog-post_4653.html,選挙カー（街宣車）と立候補者のイラスト,選挙カー（街宣車）に乗って街頭演説、選挙運動をしている立候補者のイラストです。,https://www.irasutoya.com/2012/12/blog-post_4653.html,1,政治
1232,irasutoya,https://blogger.googleusercontent.com/img/b/R29vZ2xl/AVvXsEiesiBY2qY6CQ17f3OOsgfbUy5D3ro38TvYadAPWtMkotg40vV13EpkqVSggfkeuFowYpEDFC3kEWF-6wiuApgHCH6rXGh-ji3VLHefdm9ub8yxowxqf2KK6cw-M4OKBeypioq7vDybcV6y/s1600/undoukai_tokyousou_usagi.png,442,627,2012-12-12,運動会のイラスト「徒競走・うさぎ」,運動会で徒競走をしている、うさぎのイラストです。,https://www.irasutoya.com/2012/12/blog-post_9569.html,運動会のイラスト「徒競走・うさぎ」,運動会で徒競走をしている、うさぎのイラストです。,https://www.irasutoya.com/2012/12/blog-post_9569.html,1,リクエスト|動物キャラ|運動会
1231,irasutoya,https://blogger.googleusercontent.com/img/b/R29vZ2xl/AVvXsEh0OI9DfCW3VgPhx9gsvMsMmp_id1rgXlMabI7jIwfOkdaFsEknXCTzqMLCKbPBiFl8SvQNP0-qLk89fHvnOn-QA2f2yOKEj_rcE3P3yWoz33u7Ov3Q2v3MFoelHFHUtkyZIcqJCFatH4s/s800/undoukai_tokyousou_usagi.png,562,797,2012-12-12,運動会のイラスト「徒競走・うさぎ」,運動会で徒競走をしている、うさぎのイラストです。,https://www.irasutoya.com/2012/12/blog-post_9569.html,運動会のイラスト「徒競走・うさぎ」,運動会で徒競走をしている、うさぎのイラストです。,https://www.irasutoya.com/2012/12/blog-post_9569.html,1,リクエスト|動物キャラ|運動会
1265,irasutoya,https://blogger.googleusercontent.com/img/b/R29vZ2xl/AVvXsEijJv0-qoD3QCG26w91z-So3npS70qN4fJUROPWpaatRIrEsF_PIGG2GARuMqqJzzAmxy-RXD-FyXVvK0f_D6bxg2vPBHnlW-R34al7IjdRh7GsYnuDgjDcAmEZPEtPjbGUvoPLIgJrDpiQ/s800/edamame.png,487,385,2012-12-11,枝豆のイラスト（野菜）,豆がいくつか飛び出した、枝豆（えだまめ）のイラストです。,https://www.irasutoya.com/2012/12/blog-post_4840.html,枝豆のイラスト（野菜）,豆がいくつか飛び出した、枝豆（えだまめ）のイラストです。,https://www.irasutoya.com/2012/12/blog-post_4840.html,1,野菜
1264,irasutoya,https://blogger.googleusercontent.com/img/b/R29vZ2xl/AVvXsEjF9lELHG4eqDh0Mr341BjA04GI6-opjsYXo5ak5dhGJnwW8nkvsuk22HCseYL-TjBls1XieLC4f8D9f1lhd_kR__qSIr2WdwfQw2JQJz28lkmJHT3FuVOc0bvCEW0jaquXlSa98tTamvI/s800/christmas_title.png,800,309,2012-12-11,クリスマスのイラスト「タイトル文字」,ツリーと雪に埋もれた「クリスマス」という文字が書かれた、イラスト文字です。,https://www.irasutoya.com/2012/12/blog-post_4600.html,クリスマスのイラスト「タイトル文字」,ツリーと雪に埋もれた「クリスマス」という文字が書かれた、イラスト文字です。,https://www.irasutoya.com/2012/12/blog-post_4600.html,1,クリスマス|冬|文字
1263,irasutoya,https://blogger.googleusercontent.com/img/b/R29vZ2xl/AVvXsEiiOZ2-2rBEDvzyoYb6WUQ3KWoCAiiPVXSoM4p1hCRLXzrHnoinVMVf5zuIhkg7sp_TyTZsNk7UIBEtfHJyJdSp23g-YSWF2HURrDq8v-buOvPh6h7-ewFfb0FmBmYk5y-_yCseTAUjwaAF/s1600/christmas_icon_frame3+-+%E3%82%B3%E3%83%94%E3%83%BC.jpg,1005,1487,2012-12-11,クリスマスカードのテンプレート「ツリーと飾り」縦,,https://www.irasutoya.com/2012/11/blog-post_3539.html,クリスマスカードのテンプレート「ツリーと飾り」縦,,https://www.irasutoya.com/2012/11/blog-post_3539.html,1,クリスマス|テンプレート|フレーム|リクエスト
1262,irasutoya,https://blogger.googleusercontent.com/img/b/R29vZ2xl/AVvXsEizFZB9u-q8OFD6-RkY0VldoRxyPuFBsRcaaBZhqJIQu6SdssiEwlrqrNRyQjQm6mXUaXvPLvyRi9CQ-zjsxDHsoPwiQ4M98zC9K2YJUnIggJKHk1Ek_aIdoRs3krJ25e2L4DP8AvUwOESf/s1600/christmas_icon_frame3_yoko.jpg,1487,1005,2012-12-11,クリスマスカードのテンプレート「ツリーと飾り」横,,https://www.irasutoya.com/2012/11/blog-post_3539.html,クリスマスカードのテンプレート「ツリーと飾り」横,,https://www.irasutoya.com/2012/11/blog-post_3539.html,1,クリスマス|テンプレート|フレーム|リクエスト
1261,irasutoya,https://blogger.googleusercontent.com/img/b/R29vZ2xl/AVvXsEhEYnxg2mUySb8lk3wCqmxdWAca8BwFPCl6S3lNY6QqVRnHmtR1DIF3ZLdz0TpFo71OmbXrkbJ27FMCKcB41AKt1E2fTtMRKaanFKOCkTLWJ2OzDidy6S3gZpNKsss6f3lUd2iZgj5rEY8x/s1600/christmas_icon_frame2+-+%E3%82%B3%E3%83%94%E3%83%BC.jpg,1004,1487,2012-12-11,クリスマスカードのテンプレート「お菓子とプレゼント」縦,,https://www.irasutoya.com/2012/11/blog-post_8586.html,クリスマスカードのテンプレート「お菓子とプレゼント」縦,,https://www.irasutoya.com/2012/11/blog-post_8586.html,1,クリスマス|テンプレート|フレーム|リクエスト
1260,irasutoya,https://blogger.googleusercontent.com/img/b/R29vZ2xl/AVvXsEjge2S9FGUl8K0BnWXOMI6zJFwNBrB9Fm3EfL-hXJSOe0pLIzcXBuj9WxW4xht3uWsBfJbWcMdkE-nUpjZNDqtWB1URWamhiLyGZOLKhSKGa4uKP6SBbD6bZ2R_71kaQT1J267wljMhXK6F/s1600/christmas_icon_frame2_yoko.jpg,1487,1004,2012-12-11,クリスマスカードのテンプレート「お菓子とプレゼント」横,,https://www.irasutoya.com/2012/11/blog-post_8586.html,クリスマスカードのテンプレート「お菓子とプレゼント」横,,https://www.irasutoya.com/2012/11/blog-post_8586.html,1,クリスマス|テンプレート|フレーム|リクエスト
1259,irasutoya,https://blogger.googleusercontent.com/img/b/R29vZ2xl/AVvXsEgkAdx3lVwureCdVyFYh_NlQ5-Kr2Lah8CszRaDFpj3IHnzR_vI8RfpAW9sWHcACjAPvC_dkJeYu5lu1dBMHZ0qQvUADUUoS0UcXc7FQ5PjBkkWsIp434Je8iUqYlZwMEqJbnp2mO3iNhoE/s1600/christmas_icon_frame1+-+%E3%82%B3%E3%83%94%E3%83%BC.jpg,1005,1487,2012-12-11,クリスマスカードのテンプレート「サンタとトナカイ」縦,,https://www.irasutoya.com/2012/11/blog-post_1365.html,クリスマスカードのテンプレート「サンタとトナカイ」縦,,https://www.irasutoya.com/2012/11/blog-post_1365.html,1,クリスマス|テンプレート|フレーム|リクエスト
1258,irasutoya,https://blogger.googleusercontent.com/img/b/R29vZ2xl/AVvXsEi0QKRTRzrTvOt4oq5J-ceqkzx9K_-0_9l6pwJbxSPXDNaduhi2mRydKcmU3M1fPk0uJpDTgWWdJYjlU20F9BY_O-xxaSd2CU9hJjDgnNSO_nnknVTR1nSY1yY-Zpuzvd3vhQw0qBqUW4nd/s1600/christmas_icon_frame1_yoko.jpg,1487,1005,2012-12-11,クリスマスカードのテンプレート「サンタとトナカイ」横,,https://www.irasutoya.com/2012/11/blog-post_1365.html,クリスマスカードのテンプレート「サンタとトナカイ」横,,https://www.irasutoya.com/2012/11/blog-post_1365.html,1,クリスマス|テンプレート|フレーム|リクエスト
1257,irasutoya,https://blogger.googleusercontent.com/img/b/R29vZ2xl/AVvXsEiK0Iz6eIxcSdqHb9UZY0qMSqxxO2Kst6cg5LW-ivoFFoWZFijmN9sSLLGPPxbtNHgWdsE5EmbwT8OXKunJBP6ml0D8XAQ1H4Ym2WArHByRvFik91TS_QhQESj-NBhRW7GseBvnMLF_Csov/s1600/kaki.png,706,576,2012-12-11,牡蠣のイラスト,冬の味覚、牡蠣のイラストです。とても美味しいですけれど、食中毒には気をつけたいですね。,https://www.irasutoya.com/2012/12/blog-post_299.html,牡蠣のイラスト,冬の味覚、牡蠣のイラストです。とても美味しいですけれど、食中毒には気をつけたいですね。,https://www.irasutoya.com/2012/12/blog-post_299.html,1,冬|貝|食べ物
1256,irasutoya,https://blogger.googleusercontent.com/img/b/R29vZ2xl/AVvXsEibhIjfizlasTGAwiQ5Rw1ArMFkdgkwLReaomW2CzptnWAW3cYb7LGTQRDEkRtOUA2ZLCL_O-vsaat1bAGX6BtcImnZCB28ScA3p4IYf0NYdmA_lW4dLEnjHhD6zPOVb-77CCNDD4OAm8zD/s1600/undoukai_tokyousou_red.png,381,507,2012-12-11,運動会のイラスト「徒競走・赤組」,徒競走をしている、赤組の生徒のイラストです。,https://www.irasutoya.com/2012/12/blog-post_271.html,運動会のイラスト「徒競走・赤組」,徒競走をしている、赤組の生徒のイラストです。,https://www.irasutoya.com/2012/12/blog-post_271.html,1,運動会
1255,irasutoya,https://blogger.googleusercontent.com/img/b/R29vZ2xl/AVvXsEgPXoVOqcchUIccUMjdqDTGJj70hXjHJVY-Dl5VoZSwkNsPXIHDElmGBKQaiO9HhgxAqtdkXP247tIKrj8TT2RPGLpGteMXMw0dxr0Q3sP3e45-ZW2z11JABT0Qf1GzMfTstdouwE-0rxA/s800/undoukai_tokyousou_red.png,485,645,2012-12-11,運動会のイラスト「徒競走・赤組」,徒競走をしている、赤組の生徒のイラストです。,https://www.irasutoya.com/2012/12/blog-post_271.html,運動会のイラスト「徒競走・赤組」,徒競走をしている、赤組の生徒のイラストです。,https://www.irasutoya.com/2012/12/blog-post_271.html,1,運動会
1254,irasutoya,https://blogger.googleusercontent.com/img/b/R29vZ2xl/AVvXsEjJ96NdVJ2Vzv9OWe1Z46GsSwDBc2QLKDtn2-b0bO1Nd5itvJy7MrSRco8rnlN5qFguh6lHR4mEQ5GjANOA4sdNDhxRmYW7Ppb9C2CcFXqXmveeHoSkF-McGte-BMhsVhNwcaDv2YcoJf0/s800/job_waitress.png,509,800,2012-12-11,ケーキ屋さん・メイドさんのイラスト（職業）,かわいいケーキ屋さん（メイドさん）がトレイに乗ったケーキを持っているイラストです。,https://www.irasutoya.com/2012/12/blog-post_565.html,ケーキ屋さん・メイドさんのイラスト（職業）,かわいいケーキ屋さん（メイドさん）がトレイに乗ったケーキを持っているイラストです。,https://www.irasutoya.com/2012/12/blog-post_565.html,1,スイーツ|職業
1253,irasutoya,https://blogger.googleusercontent.com/img/b/R29vZ2xl/AVvXsEg3aafcYYIaj0gqEkLp0pCBsAIC28a1I2y3bUF1cU6Gh_ygU3dr1oNSNNIBcTSllyAukFADisFLwkNx9Mpr0RBVvNrXjCaKse1FLKPY5iU9CbMMj_227TkudL82lQ8L3Nzwjhn9HPsAZgA/s800/iryou_tenteki.png,447,533,2012-12-11,点滴のイラスト（医療）,点滴用バッグ（袋）に入った点滴のイラストです。,https://www.irasutoya.com/2012/12/blog-post_823.html,点滴のイラスト（医療）,点滴用バッグ（袋）に入った点滴のイラストです。,https://www.irasutoya.com/2012/12/blog-post_823.html,1,医療機器
1252,irasutoya,https://blogger.googleusercontent.com/img/b/R29vZ2xl/AVvXsEgR6DR4sE64G4UcUcZLp_Jsl9kzbtZPXBgSHoFTrHgV88RyyxY0S9LADJFX_UjHH8vlRZTvTczABqSBOS0-u2CR6L6J8fHkOMQlC7dCyq2i-ngFxVWpgPypfyhOfHOO2O4Drs24F9IE3Hw/s800/omocha_ningyou.png,444,622,2012-12-11,お人形のイラスト（おもちゃ）,ピンクの服とリボンの、かわいい女の子のお人形のイラストです。,https://www.irasutoya.com/2012/12/blog-post_653.html,お人形のイラスト（おもちゃ）,ピンクの服とリボンの、かわいい女の子のお人形のイラストです。,https://www.irasutoya.com/2012/12/blog-post_653.html,1,おもちゃ
1251,irasutoya,https://blogger.googleusercontent.com/img/b/R29vZ2xl/AVvXsEiJC9w4IB357K_PAGp52GjOwB06njd8vVqj_L6BatFrYJW9Vo5OQCOcxWDXoa5OB9uV8xuo1BItryJ7T4JcZOZdjMKF2tXcp1Qkly_WS2DCXOnKGJBs6ahA-GpN66SPQFyuLpDYp6Cr9Qdh/s1600/undoukai_tokyousou_neko.png,441,515,2012-12-11,運動会のイラスト「徒競走・猫」,楽しそうに徒競走を走っている猫のイラストです。,https://www.irasutoya.com/2012/12/blog-post_4175.html,運動会のイラスト「徒競走・猫」,楽しそうに徒競走を走っている猫のイラストです。,https://www.irasutoya.com/2012/12/blog-post_4175.html,1,リクエスト|動物キャラ|猫|運動会
1250,irasutoya,https://blogger.googleusercontent.com/img/b/R29vZ2xl/AVvXsEjP-Fn6uPN3gg-4ZA0JZidu46Pw0lR2DNV6EDFUUqsaUFriNBj7eCv_PogQPviHYiSMqfzPPGpOMeBYnBYEPsZPAqWu5MYcEBecLvr5SViXH0hvPcXpKTBcOmXKNnbuko0GIC1dV8ji6ow/s800/undoukai_tokyousou_neko.png,606,708,2012-12-11,運動会のイラスト「徒競走・猫」,楽しそうに徒競走を走っている猫のイラストです。,https://www.irasutoya.com/2012/12/blog-post_4175.html,運動会のイラスト「徒競走・猫」,楽しそうに徒競走を走っている猫のイラストです。,https://www.irasutoya.com/2012/12/blog-post_4175.html,1,リクエスト|動物キャラ|猫|運動会
1249,irasutoya,https://blogger.googleusercontent.com/img/b/R29vZ2xl/AVvXsEhth4vgjiMlHbFdGVn1uGAuo1dvehkRXm6rhfB4M6sWrKr4jDcTEz_kDfve-MJuPaK5o9H5d3cyO28VTOYR9gikxycmCpo56BZSFud1TyVWquaLh3l6SPO6TZz79LnEiSWlGyEw81211DA/s800/ensoku_obentou.png,800,548,2012-12-11,遠足のイラスト「お弁当・男の子・女の子」,男の子と女の子が、笑いながら外でお弁当を食べているイラストです。,https://www.irasutoya.com/2012/12/blog-post_5608.html,遠足のイラスト「お弁当・男の子・女の子」,男の子と女の子が、笑いながら外でお弁当を食べているイラストです。,https://www.irasutoya.com/2012/12/blog-post_5608.html,1,こども|学校|旅行|食事
1248,irasutoya,https://blogger.googleusercontent.com/img/b/R29vZ2xl/AVvXsEjtISf9CQUgB6k-s7u-JNldxPO6hcWBEzOy6cxuUjeuy7RTVPG0iPSp2R7p2h5njYQMcPwQekZmLM4ylPQwZN3c_4zMog3yPnVmB3DOsX-LCfT_9vK_WWI60KM7ei4gO1XsZMdQNIYZE4Q/s800/akachan_kounotori.png,796,582,2012-12-11,赤ちゃんのイラスト「コウノトリ」,コウノトリに運ばれている、可愛い赤ちゃんのイラストです。,https://www.irasutoya.com/2012/12/blog-post_8954.html,赤ちゃんのイラスト「コウノトリ」,コウノトリに運ばれている、可愛い赤ちゃんのイラストです。,https://www.irasutoya.com/2012/12/blog-post_8954.html,1,あかちゃん|鳥
1247,irasutoya,https://blogger.googleusercontent.com/img/b/R29vZ2xl/AVvXsEjmMl6AfwV8gnNxUA5YslNTXHKgB6sEGRz-8W_4pa0tULo9cMF_uWYK4f3iEClVumZd1DLdfg15HisMxdoPtuXCUoBDm9PtA_wG5oWZYZCOXgxwJNGBznT_67t5uETTEih0mEioq-EfNBKd/s800/sport_soccerball.png,432,432,2012-12-11,■,サッカーのボールのイラストです。,https://www.irasutoya.com/2012/12/blog-post_11.html,■,サッカーのボールのイラストです。,https://www.irasutoya.com/2012/12/blog-post_11.html,1,サッカー|体育
1273,irasutoya,https://blogger.googleusercontent.com/img/b/R29vZ2xl/AVvXsEgvCrftvLr8ZfEU_2tO2jPgSy-7lvf5oxJdPL1GjEU83CVgPBIWrKjWtNjTHPD3_DrB6RH6cwlClsmg64ybu1RFwj7_v1Os08ca8nFv3wbH4K1jTvwJlicKbg1wpiSpGbpPQ3zccdsRYUHr/s800/daikon_radish.png,538,599,2012-12-10,大根のイラスト（野菜）,太い大根のイラストです。,https://www.irasutoya.com/2012/12/blog-post_8623.html,大根のイラスト（野菜）,太い大根のイラストです。,https://www.irasutoya.com/2012/12/blog-post_8623.html,1,野菜
1272,irasutoya,https://blogger.googleusercontent.com/img/b/R29vZ2xl/AVvXsEjyVoxBEk8UTIRyKB2kaSLFMZmWK8nVHm9SujXj0m0tXAL0nsw5cR8pwnpptmavnV9tBtI3TwQPpPSsNTzPzOAz5Qgi7YXREOyLSGGsrRH2WCLGinBsq1i8aK1IB4e5RUbhjKCBmSqEImo/s800/christmas_teddy_bear.png,540,690,2012-12-10,クリスマスのイラスト「テディベア」,クリスマス風の、プレゼントを持ったテディベアのイラストです。,https://www.irasutoya.com/2012/12/blog-post_6474.html,クリスマスのイラスト「テディベア」,クリスマス風の、プレゼントを持ったテディベアのイラストです。,https://www.irasutoya.com/2012/12/blog-post_6474.html,1,おもちゃ|クリスマス|動物キャラ
1271,irasutoya,https://blogger.googleusercontent.com/img/b/R29vZ2xl/AVvXsEhdlFS0_d0A9lW7rdIBIiVpEYAjYiudTaxf78mxHuBb4qk6wKu-ZIm0vajZom7BhtypVbFZyGImo-zT-29avZynKX8YVaGCEHKn3_BycRmhZPMP6D5uWLC79kwj7PdYHI5T0Ij5ES_lrP0/s800/undoukai_tsunahiki_white.png,800,582,2012-12-10,運動会のイラスト「綱引き・白組」,一生懸命綱引き（綱取り）をしている白組の生徒のイラストです。,https://www.irasutoya.com/2012/12/blog-post_3365.html,運動会のイラスト「綱引き・白組」,一生懸命綱引き（綱取り）をしている白組の生徒のイラストです。,https://www.irasutoya.com/2012/12/blog-post_3365.html,1,運動会
1270,irasutoya,https://blogger.googleusercontent.com/img/b/R29vZ2xl/AVvXsEhFq0H2OOe9cV4WwHpH1-FK3Hxc0l55TKVgUcrng7f3Hl-TKawAo5d3PCxb3_ElFY1gB2jayyoetXHEC_trpeUsTuZYRSmgQkOyHyiN3pQlqdYDaSJwdpKVZGi_70a5rMDdiueqPypRSic/s800/ensoku_goods.png,714,698,2012-12-10,遠足のイラスト「リュック・お弁当・水筒」,かわいい青いリュックと緑のお弁当袋と黄色い水筒が並んでいるイラストです。,https://www.irasutoya.com/2012/12/blog-post_7329.html,遠足のイラスト「リュック・お弁当・水筒」,かわいい青いリュックと緑のお弁当袋と黄色い水筒が並んでいるイラストです。,https://www.irasutoya.com/2012/12/blog-post_7329.html,1,学校|旅行
1269,irasutoya,https://blogger.googleusercontent.com/img/b/R29vZ2xl/AVvXsEjZEdTVZN5VKwnBUWLKy2pt_eYeHZF8nxuHT6hkVfq9Cls4SSAsTlmVwYtny6KbyMY4nCcy4eVZ7b4pqU6Zxe_JdHmM7i3LmETMFCuJGzL7lA3ZNBBo4-68Cgf646DEfgsSjO2j1dyEbw5r/s1600/shinnenkai.png,900,630,2012-12-10,新年会のイラスト,若い男女が楽しそうに鍋を囲んで新年会をしているイラストです。,https://www.irasutoya.com/2012/12/blog-post_9426.html,新年会のイラスト,若い男女が楽しそうに鍋を囲んで新年会をしているイラストです。,https://www.irasutoya.com/2012/12/blog-post_9426.html,1,お正月|パーティ|冬
1268,irasutoya,https://blogger.googleusercontent.com/img/b/R29vZ2xl/AVvXsEilXmLTL_sLRDjovz49KFheY05VZLj4cXCe-J-enlh4M7tk_7axTZMgsNOdImNx5tQzZmwYmXx2jssrMMlVt4QbS-jouq2vnYCcLsyugQbNpFeKQv1fzMu-RXn7g8OTTxwkUPo1_Z8RRrI/s800/iryou_taionkei.png,393,563,2012-12-10,体温計のイラスト（医療）,シンプルなデジタル表示の体温計のイラストです。,https://www.irasutoya.com/2012/12/blog-post_809.html,体温計のイラスト（医療）,シンプルなデジタル表示の体温計のイラストです。,https://www.irasutoya.com/2012/12/blog-post_809.html,1,医療機器
1267,irasutoya,https://blogger.googleusercontent.com/img/b/R29vZ2xl/AVvXsEhG5jPIPqu9AToMweHpxF63DSoZcyC-7gx3LgN-bkSeARwykuCRW6IQM243x8J1X3UvYsJ2I3wSKyhPboecAWgs7c7jO38YQQuKuME08vM1F7c4MuwlnZXX4HRcNhcbMKPWa9D0AZLsJFo/s800/omocha_mokuba.png,618,496,2012-12-10,木馬のイラスト（おもちゃ）,ゆらゆら揺れるかわいい木馬のイラストです。,https://www.irasutoya.com/2012/12/blog-post_3000.html,木馬のイラスト（おもちゃ）,ゆらゆら揺れるかわいい木馬のイラストです。,https://www.irasutoya.com/2012/12/blog-post_3000.html,1,おもちゃ
1266,irasutoya,https://blogger.googleusercontent.com/img/b/R29vZ2xl/AVvXsEhxCZYFVQyUJTL94Wmmzey8m-l0Vpa3i6c9Z6fCAHyVxuqg9N0G7bT6RSO6Rzr4-bkelTG_0aVCSXIkYRbq-1c8CT5jO0v677oQM05BKT7FVOuhFYxgO-C1SBfQUDz-wz0McGK086EYzkWg/s800/baby_honyubin.png,644,681,2012-12-10,哺乳瓶のイラスト（赤ちゃん）,かわいい哺乳瓶のイラストです。,https://www.irasutoya.com/2012/12/blog-post_4798.html,哺乳瓶のイラスト（赤ちゃん）,かわいい哺乳瓶のイラストです。,https://www.irasutoya.com/2012/12/blog-post_4798.html,1,あかちゃん
1277,irasutoya,https://blogger.googleusercontent.com/img/b/R29vZ2xl/AVvXsEiU2BRVHacJH0vWv3KFH1CzKWzZD5YxBYYbiBYOKSO63M6VqJmIHNSK9RzGYsh_U8ldoyO9RMsoHA2HY_NCl62sS1-1oIWZbPRPlWtW2r1Rt23s4MiQPImTcQQ9jd6CQ0dnfatZvn94WMTe/s1600/undoukai_tokyousou_inu.png,441,515,2012-12-09,運動会のイラスト「徒競走・犬」,体操着を着て徒競走をしている犬のイラストです。,https://www.irasutoya.com/2012/12/blog-post_4372.html,運動会のイラスト「徒競走・犬」,体操着を着て徒競走をしている犬のイラストです。,https://www.irasutoya.com/2012/12/blog-post_4372.html,1,リクエスト|動物キャラ|犬|運動会
1276,irasutoya,https://blogger.googleusercontent.com/img/b/R29vZ2xl/AVvXsEicRXUzRKfaIlUrGk9tMCibo1oIaxC11hZWkNk0EB7mWs9jge8iEhmAnFlpn8EoB90j826v6xoU8qC7KplQTcA_XRCoPmxF8btZjK-LBF2MuUO-6MK6stAjZl2gdjhlOljyE8jfOH5-w6o/s800/undoukai_tokyousou_inu.png,561,708,2012-12-09,運動会のイラスト「徒競走・犬」,体操着を着て徒競走をしている犬のイラストです。,https://www.irasutoya.com/2012/12/blog-post_4372.html,運動会のイラスト「徒競走・犬」,体操着を着て徒競走をしている犬のイラストです。,https://www.irasutoya.com/2012/12/blog-post_4372.html,1,リクエスト|動物キャラ|犬|運動会
1275,irasutoya,https://blogger.googleusercontent.com/img/b/R29vZ2xl/AVvXsEgffTl-girdKKExXmhcBmvpJL272Enen6_s8ZhW7mINWRTrXLJd8e_JyVRoT4qaI8hx9GUVwAXJJ9VMk3_9bq42roRA99FtDyERhtlmaxGKws1vgGwa8gLqps_pOZxH-zRfyVxKv144lZx2/s800/sport_golf_ball.png,434,432,2012-12-09,■,白いゴルフボールのイラストです。,https://www.irasutoya.com/2012/12/blog-post_9.html,■,白いゴルフボールのイラストです。,https://www.irasutoya.com/2012/12/blog-post_9.html,1,スポーツ|スポーツ用具
1274,irasutoya,https://blogger.googleusercontent.com/img/b/R29vZ2xl/AVvXsEhjoASgJj8MOizTqgUyhSyf0jnL8Mx0vGM-dG_4nWK3szeG3Hm3tF1ATfeVodxyYlpBxwhshJsHdtl2Bynw_6CmWa6bTlCcV4WVNuI83SOmO8mNGYjWIjTa8jmV8a6U_P5PIHqyULhdtjI/s800/akachan_haihai_cat.png,800,612,2012-12-09,赤ちゃんのイラスト「猫とハイハイ」,猫と一緒にハイハイをしている、可愛い赤ちゃんのイラストです。,https://www.irasutoya.com/2012/12/blog-post_6736.html,赤ちゃんのイラスト「猫とハイハイ」,猫と一緒にハイハイをしている、可愛い赤ちゃんのイラストです。,https://www.irasutoya.com/2012/12/blog-post_6736.html,1,あかちゃん|ペット|猫
1188,irasutoya,https://blogger.googleusercontent.com/img/b/R29vZ2xl/AVvXsEhSiXAqD21eA2JfCaTm39xaRBaAnVYIzOVleHDxVQjrIhOm4lAIJ_7lPUWTYCbV5TAkXqMPhD2IRwYsMu5SOF_dkfJB-HquwScnP1K3uaC4BnqhScP9RcvXQk2TauM7TfPoTGGcuKHhotg/s800/omocha_mari.png,482,482,2012-12-09,手まりのイラスト（おもちゃ）,昔ながらの、赤い手まり（鞠・まり）のイラストです。,https://www.irasutoya.com/2012/12/blog-post_9884.html,手まりのイラスト（おもちゃ）,昔ながらの、赤い手まり（鞠・まり）のイラストです。,https://www.irasutoya.com/2012/12/blog-post_9884.html,1,おもちゃ
1187,irasutoya,https://blogger.googleusercontent.com/img/b/R29vZ2xl/AVvXsEgoQYQcj9yfyy0q95jzX5UHF6l-oYsurzGDVKH20TbsXsoPAKvIgqWEcK87Vm-Xb2xPtPVlUpdd4kodJmt1_cSY5iLX4x0IO7jckH6PYbGAYmd_GvgYthALoRV4gFs3dS4wHNevawY5IaH5/s800/cauliflower.png,584,554,2012-12-09,カリフラワーのイラスト（野菜）,葉っぱに囲まれた白いカリフラワーのイラストです。,https://www.irasutoya.com/2012/12/blog-post_8579.html,カリフラワーのイラスト（野菜）,葉っぱに囲まれた白いカリフラワーのイラストです。,https://www.irasutoya.com/2012/12/blog-post_8579.html,1,野菜
1186,irasutoya,https://blogger.googleusercontent.com/img/b/R29vZ2xl/AVvXsEjQ6BCf0O3zG3i7hKB-_CVuPSNLPethaYg-RJ_q8MD3ajyjXmuAvl2uua16tBLOg-qznipPNedwsL1DT-IWcaQ8eB7W8M6c_tQ8u9uuq9Omt7OmluMVpjBHyiFuxeEJqfHhGtWJNjNikgo/s800/ensoku_girl.png,554,672,2012-12-09,遠足のイラスト「リュックを背負った女の子」,女の子が嬉しそうにリュックと水筒を背負いながら、遠足に行っているイラストです。,https://www.irasutoya.com/2012/12/blog-post_8277.html,遠足のイラスト「リュックを背負った女の子」,女の子が嬉しそうにリュックと水筒を背負いながら、遠足に行っているイラストです。,https://www.irasutoya.com/2012/12/blog-post_8277.html,1,こども|学校|旅行
1185,irasutoya,https://blogger.googleusercontent.com/img/b/R29vZ2xl/AVvXsEg8Cj731yj8VSX8B1Dybgj93slm_wsO_dEPAV2REXaYP75qSM117TJ-PNcvbrgfLX2IbJ8VSQYb0y_7V2tMDaa9QkLsvMsOqiMKf3j-Yc_wOpAiMwkukWV0-CzZqmQcp9I9MiMPArX-R84/s800/christmas_santa_woman.png,796,795,2012-12-09,女性サンタクロースのイラスト（クリスマス）,かわいい女性のサンタさんがプレゼントを配っているイラストです。,https://www.irasutoya.com/2012/12/blog-post_2823.html,女性サンタクロースのイラスト（クリスマス）,かわいい女性のサンタさんがプレゼントを配っているイラストです。,https://www.irasutoya.com/2012/12/blog-post_2823.html,1,クリスマス
1184,irasutoya,https://blogger.googleusercontent.com/img/b/R29vZ2xl/AVvXsEhynkXAmh2tKXOTLiTuR4ux2GCPBhBjAu9rbu4TJdK75neIc-F28Ts0AW1LY9oVnC4oUe2wfzuCZWJRslxEntgI7Gv5gic1N6Tes5y0ZHLzFTYnfBOGsrPjhV2yXm4CdOBAztAhUnQgWgc/s800/undoukai_tsunahiki.png,800,604,2012-12-09,運動会のイラスト「綱引き・赤組」,赤組の生徒が綱引き（綱取り）をしているイラストです。,https://www.irasutoya.com/2012/12/blog-post_4253.html,運動会のイラスト「綱引き・赤組」,赤組の生徒が綱引き（綱取り）をしているイラストです。,https://www.irasutoya.com/2012/12/blog-post_4253.html,1,運動会
1183,irasutoya,https://blogger.googleusercontent.com/img/b/R29vZ2xl/AVvXsEjHnXlKr0Nz_pY2P895T6sYfPNrFStJEivlWBCtHIzyVu1BWtBEBmoThtWYq3bnshE9bYBvBut-q23gjIq_nR7fH_wGhnXkqW-3vsWgJ8LxadPT6FjU3f2odPts_pfSWpPpmINLyPtdUceO/s1600/shinnenkai_danjo.png,750,750,2012-12-09,新年会のイラスト「合コン」,めでたい正月を背景に、新年会でビールで乾杯しているイラストです。,https://www.irasutoya.com/2012/12/blog-post_2652.html,新年会のイラスト「合コン」,めでたい正月を背景に、新年会でビールで乾杯しているイラストです。,https://www.irasutoya.com/2012/12/blog-post_2652.html,1,お正月|パーティ|冬
1182,irasutoya,https://blogger.googleusercontent.com/img/b/R29vZ2xl/AVvXsEh2GgiijQW6afjKY2LwY4GzmmNYHf04QBQxB_MQlDt-ntLpsepp4EutxrfL_L14-MhmCc9r0MmHxqnaCD1UUvAHglAaupJBkyBZTPQ8Nv3mdJ7DuAJBa797vLgpyYPrS81xf5Ky3-m0y08/s800/iryou_nyuin.png,800,648,2012-12-09,入院のイラスト「ベッドと点滴」,病院のベッドで点滴を受けている男性のイラストです。,https://www.irasutoya.com/2012/12/blog-post_6335.html,入院のイラスト「ベッドと点滴」,病院のベッドで点滴を受けている男性のイラストです。,https://www.irasutoya.com/2012/12/blog-post_6335.html,1,医療|病気|睡眠
1181,irasutoya,https://blogger.googleusercontent.com/img/b/R29vZ2xl/AVvXsEh_Q_yFKt82iBdvqvD_Rr20DhwgMBr_mhTYwBRrvYwkEe3ONt9apcWRjim3BQnA-a_h3HrikJ1K-RtRhGyz2Sh5oE4kB8zGx1Fp7tMnw0Qxb31DTpBt7oiJaQT6qZFiLD_Q5q5BXxi-hQkl/s1600/tomato_nabe.png,640,540,2012-12-09,トマト鍋のイラスト,美味しそうなトマト鍋のイラストです。,https://www.irasutoya.com/2012/12/blog-post_6167.html,トマト鍋のイラスト,美味しそうなトマト鍋のイラストです。,https://www.irasutoya.com/2012/12/blog-post_6167.html,1,リクエスト|冬|食べ物
1201,irasutoya,https://blogger.googleusercontent.com/img/b/R29vZ2xl/AVvXsEjnXsySOKpXusyZIv2-6ic9ZmeawgBcZqydWE3_Imu73tLTo_TdGuBwffFEB4IWjBhERBDp89CTOJdbDmW_YrfbGGL1rDOvFn5kWGC9PGS489q-Tfu6P14b2Ec7QdegMUmThTJ6g13Nbbc/s800/omocha_kureyon.png,594,521,2012-12-08,クレヨンのイラスト,カラフルなクレヨンのセットイラストです。,https://www.irasutoya.com/2012/12/blog-post_4752.html,クレヨンのイラスト,カラフルなクレヨンのセットイラストです。,https://www.irasutoya.com/2012/12/blog-post_4752.html,1,おもちゃ|文房具|美術
1200,irasutoya,https://blogger.googleusercontent.com/img/b/R29vZ2xl/AVvXsEixP_ejWoiVUEMhaCuG3yxHFRAUycY6BWiDtIMsxE-WTfrc_riFXVwwAL7QHvG23wYb0t4t9Lz04LbR2udIOPXKA19X6rahVZtHFw8aJ3_tR_rGW9dMWEZURI-uTleISSKvy0900eobVVMb/s800/broccoli.png,515,533,2012-12-08,ブロッコリーのイラスト（野菜）,もりもりのブロッコリーのイラストです。,https://www.irasutoya.com/2012/12/blog-post_8991.html,ブロッコリーのイラスト（野菜）,もりもりのブロッコリーのイラストです。,https://www.irasutoya.com/2012/12/blog-post_8991.html,1,野菜
1199,irasutoya,https://blogger.googleusercontent.com/img/b/R29vZ2xl/AVvXsEiP7DOW5-SCOvfWzA3dbk9A6stCvQ8QN1nahARuDEZEZS6m8ICbljMWLpe2BvSB4HiF0mHQjs5PNkg89V6Prclm5rlgRWnERLPYb5qu7sWCubtFQw6tbmKb0qp-XncCNo3OAoTYBYN2-Gyh/s800/sport_tennis_set.png,372,636,2012-12-08,■,赤いテニスのラケットと、テニスボールのイラストです。,https://www.irasutoya.com/2012/12/blog-post_8.html,■,赤いテニスのラケットと、テニスボールのイラストです。,https://www.irasutoya.com/2012/12/blog-post_8.html,1,スポーツ|スポーツ用具
1198,irasutoya,https://blogger.googleusercontent.com/img/b/R29vZ2xl/AVvXsEhsFIt2RpYPma3d9750Uw42PuUp0SgWjYADjvUYSDUmQSNNpt1OaidDdN3b6dbTNTdsjHmOl-3gk0jhIxmrMJeNCMbXnUxFZCQDJb5brg-M42ie3bAp9GK-QC6JI3CG1_t11e0THL4ueFZu/s1600/undoukai_relay_red.png,385,520,2012-12-08,運動会のイラスト「リレーの選手・赤組」,赤組のリレーの選手が走っているイラストです。,https://www.irasutoya.com/2012/12/blog-post_1118.html,運動会のイラスト「リレーの選手・赤組」,赤組のリレーの選手が走っているイラストです。,https://www.irasutoya.com/2012/12/blog-post_1118.html,1,運動会
1197,irasutoya,https://blogger.googleusercontent.com/img/b/R29vZ2xl/AVvXsEiyk91Q8AQwkpG0DGzB9X75ZJzl4KCbcOIKRZU3ZpTGZWRv04E2ljS6lSBOJmwk1cWnp3ktKFCHvDRUdSKpzjYkBV6zTKDQ6mWuN6cc68vA-IQ8m86RBUWbbgpgw5lamEU9r3bQaLlZtyU/s800/undoukai_relay_red.png,489,661,2012-12-08,運動会のイラスト「リレーの選手・赤組」,赤組のリレーの選手が走っているイラストです。,https://www.irasutoya.com/2012/12/blog-post_1118.html,運動会のイラスト「リレーの選手・赤組」,赤組のリレーの選手が走っているイラストです。,https://www.irasutoya.com/2012/12/blog-post_1118.html,1,運動会
1196,irasutoya,https://blogger.googleusercontent.com/img/b/R29vZ2xl/AVvXsEg-oVKhU3kNZ5cUUHIHfUJKEzipL3cZTFryRIxS6ZK-85tb8Rl2ChS5o9xSOB309vz7kV0hyphenhyphenB_r5hgUyvCuCv_KcU8s8LcZPBNsTlaa6B9c4HVDDL0scJL_yWnhKS0cyk9LmCQlhnKouwg/s800/christmas_santa_present.png,626,702,2012-12-08,サンタクロースとプレゼントのイラスト（クリスマス）,かわいいサンタさんが、プレゼントを渡しているイラストです。,https://www.irasutoya.com/2012/12/blog-post_9404.html,サンタクロースとプレゼントのイラスト（クリスマス）,かわいいサンタさんが、プレゼントを渡しているイラストです。,https://www.irasutoya.com/2012/12/blog-post_9404.html,1,クリスマス
1195,irasutoya,https://blogger.googleusercontent.com/img/b/R29vZ2xl/AVvXsEjz4OTZ8WgoOeZtU3tpCyy3MQlNvPfe0LIHZHy-0xG692GoY2lb1KbBMmLz_MvZERg4ChYptzt5g5OtuNO4Zb3T9fXVMHMysy25-jib25Uwcc2Y9KTwmGhp8ElcdKCsyadYZOrRW3UOLMQ/s800/ensoku_boy.png,522,672,2012-12-08,遠足のイラスト「リュックを背負った男の子」,楽しそうにリュックを背負って、遠足に出かけている男の子のイラストです。,https://www.irasutoya.com/2012/12/blog-post_5207.html,遠足のイラスト「リュックを背負った男の子」,楽しそうにリュックを背負って、遠足に出かけている男の子のイラストです。,https://www.irasutoya.com/2012/12/blog-post_5207.html,1,こども|学校|旅行
1194,irasutoya,https://blogger.googleusercontent.com/img/b/R29vZ2xl/AVvXsEgRJztFClmqyOJnESQizf7Zg61eYeC8H5ZjnL8Q4OGWkAcb_bncywN_l0uxzsruP-GmA6kmxbJ8MdUd0oLga3iEhROt4rnM7S6N03X4IZ8urR1XqwWNToG9ztRCh2cQKnkKJ8giksPjXwQ/s800/nurse_nurse.png,344,703,2012-12-08,ウサギの看護婦のイラスト,かわいいウサギの看護婦のイラストです。,https://www.irasutoya.com/2012/12/blog-post_5423.html,ウサギの看護婦のイラスト,かわいいウサギの看護婦のイラストです。,https://www.irasutoya.com/2012/12/blog-post_5423.html,1,キャラクター|医療
1193,irasutoya,https://blogger.googleusercontent.com/img/b/R29vZ2xl/AVvXsEgVhJJ4gT2A3g5FqjBwpD9lEB39YyhSVKhiQjt37MGBxOC8BuE4yt2OSLOa32374E4OB_R2Kv6W4qWMGddzFMsdAAdsBJuraoyuM_ZvtEkhAiONjkn9njVowvvkNmOYJMDcYBP11e12NC_c/s1600/shinnenkai_joshikai.png,750,750,2012-12-08,新年会のイラスト「女子会」,女子達だけで新年会を開いているイラストです。,https://www.irasutoya.com/2012/12/blog-post_5963.html,新年会のイラスト「女子会」,女子達だけで新年会を開いているイラストです。,https://www.irasutoya.com/2012/12/blog-post_5963.html,1,お正月|パーティ|冬
1192,irasutoya,https://blogger.googleusercontent.com/img/b/R29vZ2xl/AVvXsEgLVLs7fUn4riqJ51yFPZkzhWY1Vj-jqMpgQ8AgB2qwLHtt_dsGDr5-4T4RQjQpEpBHBz0tc5NjIRrygEkdtE-sVbTwLppVtWt8Ohy5XrdhdRpiPFzbNf48_HX_I0z3W-MNtTS-PC11U70/s800/house_2f.png,694,675,2012-12-08,家・建物のイラスト「２階建て一軒家」,二階建ての、かわいい青い屋根の家のイラストです。,https://www.irasutoya.com/2012/12/blog-post_7890.html,家・建物のイラスト「２階建て一軒家」,二階建ての、かわいい青い屋根の家のイラストです。,https://www.irasutoya.com/2012/12/blog-post_7890.html,1,リクエスト|建物
1191,irasutoya,https://blogger.googleusercontent.com/img/b/R29vZ2xl/AVvXsEh7uBhIM_KcHnwdbrXCEgkSr1xDm2mfYhKWj0L9gw3ttaCfEGabCEQXjxWrzycxgUWq_GkU00dV_PmOv7equM4vQv-NJAK686-G7KaWWy4t3kBIothmIEWBg-gHyMRmKW28xv8SE_4C9QBO/s1600/undoukai_tokyousou_buta.png,441,515,2012-12-08,運動会のイラスト「徒競走・ブタ」,運動会で走る豚さんのイラストです。,https://www.irasutoya.com/2012/12/blog-post_5157.html,運動会のイラスト「徒競走・ブタ」,運動会で走る豚さんのイラストです。,https://www.irasutoya.com/2012/12/blog-post_5157.html,1,リクエスト|動物キャラ|運動会
1190,irasutoya,https://blogger.googleusercontent.com/img/b/R29vZ2xl/AVvXsEiiwAapKif-XbW7H3wVTady0pVwp2sNg9IXuuR4mS70dwV5KbVrRRa7TNkzVcAfLh30UxAmJGyHTPyNZu1fWZDqPAdx9a7Fb58iDia0dqTxNPWFK7G2oxpC-VDhwtMMsHFE9TPkYvBsq0g/s800/undoukai_tokyousou_buta.png,591,708,2012-12-08,運動会のイラスト「徒競走・ブタ」,運動会で走る豚さんのイラストです。,https://www.irasutoya.com/2012/12/blog-post_5157.html,運動会のイラスト「徒競走・ブタ」,運動会で走る豚さんのイラストです。,https://www.irasutoya.com/2012/12/blog-post_5157.html,1,リクエスト|動物キャラ|運動会
1189,irasutoya,https://blogger.googleusercontent.com/img/b/R29vZ2xl/AVvXsEjYeYrHOVqXEQOjZbBaptkzdJv-G0rQCflOpsiXmxAmVK9ENRQSwXwnH9fyBGmfgkZtSlOJgkMShyphenhyphene3dNKDtFG-Pz3CGYE4UCMRtDk_IYFRy-hBjc01AicFuDRpJKBEeFR7UI-_j6pzoKo/s800/akachan_haihai.png,739,573,2012-12-08,赤ちゃんのイラスト「ハイハイ」,ハイハイをしているかわいい赤ちゃんのイラストです。,https://www.irasutoya.com/2012/12/blog-post_9815.html,赤ちゃんのイラスト「ハイハイ」,ハイハイをしているかわいい赤ちゃんのイラストです。,https://www.irasutoya.com/2012/12/blog-post_9815.html,1,あかちゃん
1212,irasutoya,https://blogger.googleusercontent.com/img/b/R29vZ2xl/AVvXsEiLoUOjOvogWkD6BG35ciXWmkoaqfCuaC6OWbVUSm5SpbPuh1szFrs0dF7ZZ3m5owgVw2-lUsq29k4VD8WEvR-ZBpALDEt6WXi_Ar5nNAAbQ5UuW816GhADCEQyJVugs7I3JnC2YPGNaJ8/s800/omocha_koma.png,590,512,2012-12-07,コマのイラスト（おもちゃ）,赤いコマと紐のイラストです。,https://www.irasutoya.com/2012/12/blog-post_9333.html,コマのイラスト（おもちゃ）,赤いコマと紐のイラストです。,https://www.irasutoya.com/2012/12/blog-post_9333.html,1,おもちゃ
1211,irasutoya,https://blogger.googleusercontent.com/img/b/R29vZ2xl/AVvXsEgvtiuyAzBqzJe89Zr5L5XpVvCX-ESFF2o3FNk3T-N5qrRa-D8Me2oB_itLnOX_DNQdPT_XipOdgB10V67BPbRHt_823kBjqwpVRTU3ENCsmC-sbuHBSGucA22JLZtyNefmvMjJ7QGaYlaj/s800/asparagus.png,528,692,2012-12-07,アスパラガスのイラスト（野菜）,二本並んだアスパラガスのイラストです。,https://www.irasutoya.com/2012/12/blog-post_8783.html,アスパラガスのイラスト（野菜）,二本並んだアスパラガスのイラストです。,https://www.irasutoya.com/2012/12/blog-post_8783.html,1,野菜
1210,irasutoya,https://blogger.googleusercontent.com/img/b/R29vZ2xl/AVvXsEiC0xCb5sGfZufzmZnRiMeAksn8jvA-DJ-7BToL2Yyy5VEX0jScAgHc1Hep9i-iYm7jW2u4AS5b1-xrFTN68RvD3VoaFCfrJ3Rt47rYdFWgGI0RFHbUEivzRFCfJbFCsz_r8mxOJPuCmQg/s800/christmas_cake.png,656,531,2012-12-07,クリスマスケーキのイラスト「苺のケーキ」,苺とクリームでデコレーションされた、豪華なクリスマスケーキのイラストです。,https://www.irasutoya.com/2012/12/blog-post_1148.html,クリスマスケーキのイラスト「苺のケーキ」,苺とクリームでデコレーションされた、豪華なクリスマスケーキのイラストです。,https://www.irasutoya.com/2012/12/blog-post_1148.html,1,クリスマス|スイーツ
1209,irasutoya,https://blogger.googleusercontent.com/img/b/R29vZ2xl/AVvXsEh2PLO81qAmc9Ba8R9aZSNk91bBgwtocQKUWPqRdE4dl9P_kIEd5aXE3XO0O7R8uq-cKihEDMrXkPW_w16BH1y10WOXp1vYyWpWAZoTRqyQ9_XbtSCn5s83uQ4_7C35UcCUgJj3Mg7cilU5/s1600/undoukai_relay_animal.png,775,609,2012-12-07,運動会のイラスト「徒競走・動物」,うさぎとクマが徒競走をしてゴールをしているイラストです。,https://www.irasutoya.com/2012/12/blog-post_8143.html,運動会のイラスト「徒競走・動物」,うさぎとクマが徒競走をしてゴールをしているイラストです。,https://www.irasutoya.com/2012/12/blog-post_8143.html,1,リクエスト|動物キャラ|運動会
1208,irasutoya,https://blogger.googleusercontent.com/img/b/R29vZ2xl/AVvXsEjdLlhuJjwsvlQTvrcE5TzcJ1WOgsCeRXnac4PjMcm2wWcMvcUh_iAKB-lwWAylKV9eHpyl4gUT4RPElDhHXqXGw4Mbvn9ahd2EWBj0lCKahDbVOu0O-27MAy0SahDY5X1aeoecqpJRRKA/s800/undoukai_relay_animal.png,800,629,2012-12-07,運動会のイラスト「徒競走・動物」,うさぎとクマが徒競走をしてゴールをしているイラストです。,https://www.irasutoya.com/2012/12/blog-post_8143.html,運動会のイラスト「徒競走・動物」,うさぎとクマが徒競走をしてゴールをしているイラストです。,https://www.irasutoya.com/2012/12/blog-post_8143.html,1,リクエスト|動物キャラ|運動会
1207,irasutoya,https://blogger.googleusercontent.com/img/b/R29vZ2xl/AVvXsEgI_hR_xa_HSLuUst3XQp0lKzU9Xm6VqxtXgoxFyO74o8YpqFyvWF9sfEPkUk-DfWt10uCCERiCMhIcctPs2dIHucjRM4rEymk8TCo7oHDfNOpx4b_SVpM4psqQv1mk3xVQWqYibdtFr3k/s800/camp_hangou_suisan.png,742,688,2012-12-07,キャンプのイラスト「飯盒炊爨・男の子」,キャンプ場などで、焚き火に一生懸命息を吹きかけて飯ごうでご飯を炊いている男の子のイラストです。,https://www.irasutoya.com/2012/12/blog-post_5656.html,キャンプのイラスト「飯盒炊爨・男の子」,キャンプ場などで、焚き火に一生懸命息を吹きかけて飯ごうでご飯を炊いている男の子のイラストです。,https://www.irasutoya.com/2012/12/blog-post_5656.html,1,こども|夏|学校|旅行
1206,irasutoya,https://blogger.googleusercontent.com/img/b/R29vZ2xl/AVvXsEihP7Iz5dY5SuWqmzUmlSSwq2CyFFzPPE9gpuzNWjOuZBBFnuT2i_5zpuyM9-w3CXyCRTA1pDkv1y2i5wEWXQFsFXwXHqc3gIuWB4HAskgUwtOGOFuZElCYtnkfhzdcg1nndB9zmldMeURY/s800/sport_tennis_racket.png,362,612,2012-12-07,■,赤いテニスのラケットのイラストです。,https://www.irasutoya.com/2012/12/blog-post_7.html,■,赤いテニスのラケットのイラストです。,https://www.irasutoya.com/2012/12/blog-post_7.html,1,スポーツ|スポーツ用具
1205,irasutoya,https://blogger.googleusercontent.com/img/b/R29vZ2xl/AVvXsEj3Bzjc-jvXUIgSn-Q6n3zHrB-7EevIwIFZx8YywD7AKa8UPUjZzKzTdkdx4duXXha0OXKRX-Ib4OGfzEs18kXjXq7CeVDSYLkh5fx-JtvBo598lgfhalHlymvj2DVFeMyJHcNciB0dx5uU/s800/nurse_cap.png,704,800,2012-12-07,看護師・看護婦・ナースのイラスト,かわいい女性の看護師さんが、優しく笑っているイラストです。,https://www.irasutoya.com/2012/12/blog-post_2117.html,看護師・看護婦・ナースのイラスト,かわいい女性の看護師さんが、優しく笑っているイラストです。,https://www.irasutoya.com/2012/12/blog-post_2117.html,1,医療
1204,irasutoya,https://blogger.googleusercontent.com/img/b/R29vZ2xl/AVvXsEgmlNSokAKZw871ID0nhrINoucKUKZ1InlNffCnNvKrgtmBBwJCDf6hQb3N-iTVH92-NEbu14X3F7oTWqImZnIcJJkxtenmg3KghGqu0ow3vyf2ivQdMS3I6yjAJ8wGjFCazmXw5XmQGiMC/s1600/shinnenkai_salaryman.png,750,750,2012-12-07,新年会のイラスト「サラリーマン」,ビールを持ったサラリーマンが、新年会で乾杯をしているイラストです。,https://www.irasutoya.com/2012/12/blog-post_9598.html,新年会のイラスト「サラリーマン」,ビールを持ったサラリーマンが、新年会で乾杯をしているイラストです。,https://www.irasutoya.com/2012/12/blog-post_9598.html,1,お正月|パーティ|冬
1203,irasutoya,https://blogger.googleusercontent.com/img/b/R29vZ2xl/AVvXsEhSS7oVSFeAUeFNcfsgQ5Kb_POz6IM2PocD0OaY_f_VZOuiUjBNBsnsb29L_jHriGcvsvkWUL8cMzWsZhb9ylkSiG2eNGhkG1JVREdCUv8-pXKslcDfcNFL60MbFxKc2nl5mWvAyP97XW0/s800/house_1f.png,699,554,2012-12-07,家・建物のイラスト「１階建て一軒家」,かわいい赤い屋根の一階建ての家イラストです。,https://www.irasutoya.com/2012/12/blog-post_6568.html,家・建物のイラスト「１階建て一軒家」,かわいい赤い屋根の一階建ての家イラストです。,https://www.irasutoya.com/2012/12/blog-post_6568.html,1,リクエスト|建物
1202,irasutoya,https://blogger.googleusercontent.com/img/b/R29vZ2xl/AVvXsEi_ED-KsYbXDAXfBYcSSy_pxf4uHhZTjBte1nWTOy8eQ86H3mw23ZHAdJFQbpW_fmWGb80ivvQ-J0tkQgciMSrYks_pCeYp8rIaU4uUtI09gXTV_p3V7iU6zCD8ns1EYyFlB6kGFq5ET10/s800/akachan_father.png,597,773,2012-12-07,赤ちゃんとお父さんのイラスト,お父さんに抱っこされている、笑っている赤ちゃんのイラストです。,https://www.irasutoya.com/2012/12/blog-post_1328.html,赤ちゃんとお父さんのイラスト,お父さんに抱っこされている、笑っている赤ちゃんのイラストです。,https://www.irasutoya.com/2012/12/blog-post_1328.html,1,あかちゃん|家族
1222,irasutoya,https://blogger.googleusercontent.com/img/b/R29vZ2xl/AVvXsEiprn3tEo9h7h6ODGcyO7XVSNDarIhdERwLhYLUL9TjG_DUdXMBQ-1HPYfVkPQFa3h-ncSc9qvXGrrE8nTMzakaC-VFU4VYxnKJSIosdMJkecLA8aCGVuLIOQ1AOIviquA_F2g9YUBDEEE/s800/omocha_kisya.png,800,428,2012-12-06,おもちゃの汽車のイラスト（おもちゃ）,積み木のようなカラフルな色でできた、おもちゃの機関車のイラストです。,https://www.irasutoya.com/2012/12/blog-post_5733.html,おもちゃの汽車のイラスト（おもちゃ）,積み木のようなカラフルな色でできた、おもちゃの機関車のイラストです。,https://www.irasutoya.com/2012/12/blog-post_5733.html,1,おもちゃ|電車
1221,irasutoya,https://blogger.googleusercontent.com/img/b/R29vZ2xl/AVvXsEjJ2UFkw3XEVlZLt1vLVogG_AZs9K4mGE0Wc3VZnc78eeuZC-Yc6SB3Gum_yqbcOUUb6WSVzi-6Ts5Z3ru92421Mb27qqkcERTYENhyphenhyphen4V0itsvYyKZ73UBJm911_litAx8R-qO-V62vDAxV/s800/sweets_waffle.png,582,565,2012-12-06,■,かわいいベルギーワッフルのイラストです。,https://www.irasutoya.com/2012/12/blog-post_6.html,■,かわいいベルギーワッフルのイラストです。,https://www.irasutoya.com/2012/12/blog-post_6.html,1,スイーツ
1220,irasutoya,https://blogger.googleusercontent.com/img/b/R29vZ2xl/AVvXsEgavrIvWLk5MolXOhpSpzddexb4tj4iRNrz6WNBSNO019C6S-SXUixTPOM2mhc3uAkPFt6uxV_RXtrLjDkrJX6W_mG4u1Z4JwiMMVCnc2GskTLoS9qOHSnzS5KA8HT8u9aEbetXz490l_w/s800/christmas_stollen.png,742,484,2012-12-06,クリスマスケーキのイラスト「シュトーレン」,クリスマスに食べるドイツの菓子パン、シュトーレン（シュトレン）のイラストです。,https://www.irasutoya.com/2012/12/blog-post_3322.html,クリスマスケーキのイラスト「シュトーレン」,クリスマスに食べるドイツの菓子パン、シュトーレン（シュトレン）のイラストです。,https://www.irasutoya.com/2012/12/blog-post_3322.html,1,クリスマス|スイーツ
1219,irasutoya,https://blogger.googleusercontent.com/img/b/R29vZ2xl/AVvXsEiV36G2VZZLZZ5XgQHBq3NYXsZiV5JXVyDm76_2VaToi41ScPJqtKL817cVAk1LhkAkSKBpQ5PK-zF2wQAc2h_Ul5JPxs8rsc6I8juEmkdCjEUEH5TLAZx93c3AlsZFolJ2Zpiva4wCqMnO/s1600/undoukai_relay.png,826,576,2012-12-06,運動会のイラスト「リレー」,白組と赤組の生徒が、リレーの競争をしているイラストです。,https://www.irasutoya.com/2012/12/blog-post_9700.html,運動会のイラスト「リレー」,白組と赤組の生徒が、リレーの競争をしているイラストです。,https://www.irasutoya.com/2012/12/blog-post_9700.html,1,リクエスト|運動会
1218,irasutoya,https://blogger.googleusercontent.com/img/b/R29vZ2xl/AVvXsEjM1D0Lmc6yEDl0Ib8v23Xz9lt75rbECtvYyG4TB4LwH8lnBtfDySN1-8AttqtB4jsEvrQT2W45I58MemlIhR3hMGQUVZGZFx1GkhsI13QgIsevfHcyWoXpiSnIi3w_Hh3qognAY2xPELs/s800/undoukai_relay.png,800,558,2012-12-06,運動会のイラスト「リレー」,白組と赤組の生徒が、リレーの競争をしているイラストです。,https://www.irasutoya.com/2012/12/blog-post_9700.html,運動会のイラスト「リレー」,白組と赤組の生徒が、リレーの競争をしているイラストです。,https://www.irasutoya.com/2012/12/blog-post_9700.html,1,リクエスト|運動会
1217,irasutoya,https://blogger.googleusercontent.com/img/b/R29vZ2xl/AVvXsEjFnxRSRGzEVmbSV9eE0sTcm52sK4-es7wBr0u70V1iW3fky-i1ufKvFASN9_I-k2tL06vu5xCQJ9YS4kzeH3D-EYJik6eEW8saLxBkNWcHK3E9J2BNbXcrtleQ9RtBtIZE7v8dVZN_Kbs/s800/camp_friends.png,800,679,2012-12-06,キャンプのイラスト「テントと友達」,仲良くテントに入って空を眺めている、男の子達のイラストです。,https://www.irasutoya.com/2012/12/blog-post_2608.html,キャンプのイラスト「テントと友達」,仲良くテントに入って空を眺めている、男の子達のイラストです。,https://www.irasutoya.com/2012/12/blog-post_2608.html,1,こども|友達|夏|夏休み|学校|旅行
1216,irasutoya,https://blogger.googleusercontent.com/img/b/R29vZ2xl/AVvXsEgCm18Lg7PE1GRu3UCcR39AIt0LOWZIxHrHTEBaJv3G5agi52l9SHr9p9zMgse2cuKt5Q9qM04CMnsOS8pCKcz8QSPVjAc6tlmmXoz5J8BJOl8BDNCV-nPb3LkjYGn2-T5zPndgMt8v0Ox9/s800/sport_volleyball.png,434,439,2012-12-06,バレーボールのイラスト,バレーで使われる、真っ白いバレーボールのイラストです。,https://www.irasutoya.com/2012/12/blog-post_5622.html,バレーボールのイラスト,バレーで使われる、真っ白いバレーボールのイラストです。,https://www.irasutoya.com/2012/12/blog-post_5622.html,1,スポーツ|スポーツ用具|体育
1215,irasutoya,https://blogger.googleusercontent.com/img/b/R29vZ2xl/AVvXsEjl3h_WGozW5ioHEFLNdYbyLBz48JzhNC4c1FGzTMPsOYJAsCzQHsD-LLabG6Xu_Mxt_W3xC5aeUNi6_wLuhwlV6OrmGeZh6LgW6BPvzFZy4v2jjsOjPZ1QhQ3-rFSW-lMgpKsg7BDM-Rs/s800/doctor_monshin2.png,800,800,2012-12-06,お医者さんのイラスト「問診」,医師が患者さんに病状を説明しているイラストです。,https://www.irasutoya.com/2012/12/blog-post_3418.html,お医者さんのイラスト「問診」,医師が患者さんに病状を説明しているイラストです。,https://www.irasutoya.com/2012/12/blog-post_3418.html,1,医療
1214,irasutoya,https://blogger.googleusercontent.com/img/b/R29vZ2xl/AVvXsEhRgTurbKMANUqJYMBeXzezAgp4EFc5f6VpMQ1g6XCX304_HxByXyXPmt8NB9dd0vuBkFGaYoVkCqfPWGwWAqnaZsQn92Y5Pgwq9BvOWqiOmyhTjKxou5fVvqONbebhFmI43xRK4vIfDLav/s1600/shinnenkai_title.png,852,456,2012-12-06,新年会のイラスト「タイトル文字」,お正月のモチーフと「新年会」と書かれたイラスト文字です。,https://www.irasutoya.com/2012/12/blog-post_9009.html,新年会のイラスト「タイトル文字」,お正月のモチーフと「新年会」と書かれたイラスト文字です。,https://www.irasutoya.com/2012/12/blog-post_9009.html,1,お正月|パーティ|冬|文字
1213,irasutoya,https://blogger.googleusercontent.com/img/b/R29vZ2xl/AVvXsEhYQfKTPSQWK0P591Td5w55LiodkELUN0MKgcCdi-GGAtF-1z7cMP6Au9-YZljRUf6ANQIEYdVXHJ0C8YIO_LQ8zin5ZKEkSibetV7okJM-zle6dBLdTROZzrf8mu0utUOPsV6sIWK8mpY/s800/akachan_family.png,776,720,2012-12-06,赤ちゃんと家族のイラスト,お父さんとお母さんに囲まれて、笑っているかわいい赤ちゃんのイラストです。,https://www.irasutoya.com/2012/12/blog-post_259.html,赤ちゃんと家族のイラスト,お父さんとお母さんに囲まれて、笑っているかわいい赤ちゃんのイラストです。,https://www.irasutoya.com/2012/12/blog-post_259.html,1,あかちゃん|家族
1229,irasutoya,https://blogger.googleusercontent.com/img/b/R29vZ2xl/AVvXsEilGUIR6NaKKA6EcLCebIbaHS0jLBv-E7hwIZMBYmmDmVa9n3kNyJ5yXZMA8qEOmgKL8mlcaARms_Bzd43HK2pMhg8heaCijZYMffl7MbRv5qZIqiBCzaO47wpYoZ1ReyQ1EOvSFhAifv8/s800/omocha_kendama.png,514,534,2012-12-05,けん玉のイラスト（おもちゃ）,昔ながらのおもちゃ、けん玉のイラストです。,https://www.irasutoya.com/2012/12/blog-post_2818.html,けん玉のイラスト（おもちゃ）,昔ながらのおもちゃ、けん玉のイラストです。,https://www.irasutoya.com/2012/12/blog-post_2818.html,1,おもちゃ
1228,irasutoya,https://blogger.googleusercontent.com/img/b/R29vZ2xl/AVvXsEgOpkchJhqC0uI-M8BlcjLcLs1m_7A8_7D3HQ_KlduTUTamrh8lGZHJI8qAQ72hoq37njj97FLkNv1Qo-M3ziYvW5Bd1F6iA4HQSDveGBgGpPYLeDfclfLGTz3aPRI3wicyrMZE3YdE8U89/s800/sweets_taiyaki.png,723,527,2012-12-05,■,かわいいたい焼きのイラストです。,https://www.irasutoya.com/2012/12/blog-post_5.html,■,かわいいたい焼きのイラストです。,https://www.irasutoya.com/2012/12/blog-post_5.html,1,スイーツ
1227,irasutoya,https://blogger.googleusercontent.com/img/b/R29vZ2xl/AVvXsEjobWYGv4kT8xtzrah12LhMFTHmf76dux9Nu9jfmEa4z_QVQZlFdYBR8W4V3oghadMx3PMAxnW7kdgwVW6ZyEaOXHbQKuxsNCeLfiuuBx2U4i5AUL6D14Fv81W3i1o3YOmkhFeRoX-EgDc/s800/christmas_bush_de_noel.png,685,546,2012-12-05,クリスマスケーキのイラスト「ブッシュドノエル」,クリスマスケーキの定番、木のようなデザインのブッシュドノエルのイラストです。,https://www.irasutoya.com/2012/12/blog-post_622.html,クリスマスケーキのイラスト「ブッシュドノエル」,クリスマスケーキの定番、木のようなデザインのブッシュドノエルのイラストです。,https://www.irasutoya.com/2012/12/blog-post_622.html,1,クリスマス|スイーツ
1226,irasutoya,https://blogger.googleusercontent.com/img/b/R29vZ2xl/AVvXsEinRDOPn9jBwd1T7wYyjmbf3ybtkbbi-jlYz95HpPYZFIPs49mLs0Ilh0qRX_wEvrXIwsoJmuLA6UdxZzSzOSqwoU5jq5XiH5th8ae9Qt0Jok38781bNLiYtFCOwel0wr50Ssh_kVvwhP0/s800/undoukai_ouen_girl_white.png,800,701,2012-12-05,運動会のイラスト「応援・チアリーダー・白組」,白組の生徒（チアガール）が、踊って応援しているイラストです。,https://www.irasutoya.com/2012/12/blog-post_9128.html,運動会のイラスト「応援・チアリーダー・白組」,白組の生徒（チアガール）が、踊って応援しているイラストです。,https://www.irasutoya.com/2012/12/blog-post_9128.html,1,運動会
1225,irasutoya,https://blogger.googleusercontent.com/img/b/R29vZ2xl/AVvXsEg6qewTggCkyVSnIljfGqU87Ysn5EDEyr0Vz2GWbHmGx40fbCuzI2bSaDgGBAPZ5pGU3B0xDvw6eGRG4B4GbqQdMeZG5uHdpc6NfI6iuSiyHXkiCnothc3siUhPXerC6cI0XmDLNpZ0XxM/s800/camp_campfire_boy_girls.png,800,503,2012-12-05,キャンプのイラスト「キャンプファイヤー・男の子・女の子」,キャンプファイヤーを囲んでいる、男の子と女の子のイラストです。,https://www.irasutoya.com/2012/12/blog-post_5119.html,キャンプのイラスト「キャンプファイヤー・男の子・女の子」,キャンプファイヤーを囲んでいる、男の子と女の子のイラストです。,https://www.irasutoya.com/2012/12/blog-post_5119.html,1,こども|友達|夏|学校|旅行
1224,irasutoya,https://blogger.googleusercontent.com/img/b/R29vZ2xl/AVvXsEhLp89mMUUP50Fhh8JNfgPZFmctgvmNs-hE__wf47k2DCbHz8mEzOv_YCabIM896ZcpOrj-OC4maiSmlU68CqvtOtyBQeybnqn4-SPd4HAM-VHJ5qCf4HoBo-9BpyQaXfOMVDEFWJ2Dakw/s800/mask_kafun_woman.png,468,633,2012-12-05,風邪・インフルエンザのイラスト「マスクと鼻水の女性」,鼻水を垂らしながらマスクをつけている女の子のイラストです。,https://www.irasutoya.com/2012/12/blog-post_4033.html,風邪・インフルエンザのイラスト「マスクと鼻水の女性」,鼻水を垂らしながらマスクをつけている女の子のイラストです。,https://www.irasutoya.com/2012/12/blog-post_4033.html,1,病気
1223,irasutoya,https://blogger.googleusercontent.com/img/b/R29vZ2xl/AVvXsEiWPlXv5M5Ojl5f10i_JFVF04RM2Uyt2hqdeXUCJ7UT4VAcPGDBmzs-o8IBxQmytFZc1y9VamO3PJXINwOZTtIFe0q2y2lMl5w5f6o0j8see9uqs94_ZfsccOUGvlMog6mcMH0ln7jJdSQ/s800/akachan_cry.png,661,639,2012-12-05,泣いている赤ちゃんのイラスト,えんえん泣いている、かわいい赤ちゃんのイラストです。,https://www.irasutoya.com/2012/12/blog-post_2728.html,泣いている赤ちゃんのイラスト,えんえん泣いている、かわいい赤ちゃんのイラストです。,https://www.irasutoya.com/2012/12/blog-post_2728.html,1,あかちゃん
1230,irasutoya,https://blogger.googleusercontent.com/img/b/R29vZ2xl/AVvXsEjvwXcHsrfl3wyz1zeNjL1MlE2x6qJVqv-dCV2Ubmcd3Xhbei_ol3BWEf1UTuYY8xSNGAmSVSJknCDmdEwttoqhD8QmU0cdssEHXb956fM-pWupuNHg0_YYL9vkmdYxhHKyXv2Z6Hqj9Qg/s800/undoukai_ouen_girl_red.png,800,701,2012-12-04,運動会のイラスト「応援・チアリーダー・赤組」,ボンボンをもって応援している、赤組の女子生徒（チアガール）のイラストです。,https://www.irasutoya.com/2012/12/blog-post_2094.html,運動会のイラスト「応援・チアリーダー・赤組」,ボンボンをもって応援している、赤組の女子生徒（チアガール）のイラストです。,https://www.irasutoya.com/2012/12/blog-post_2094.html,1,運動会
1137,irasutoya,https://blogger.googleusercontent.com/img/b/R29vZ2xl/AVvXsEj0gDIVoqxV_mPEi70CTVDcMAL9NQQb4eTAN3DlTG9_IHuQHTWG8wla__IB7FbVj-nHkF-x5Rp63bqjQGOurTNDK55E52Zlb5TB6C6k32JTxc1SMwJjtzDiE75tH1_9uRiwJ8wSp04Ewlo/s800/omocha_kazaguruma.png,446,560,2012-12-04,風車のイラスト（おもちゃ）,赤い折り紙で作った、風車（かざぐるま）のイラストです。,https://www.irasutoya.com/2012/12/blog-post_2161.html,風車のイラスト（おもちゃ）,赤い折り紙で作った、風車（かざぐるま）のイラストです。,https://www.irasutoya.com/2012/12/blog-post_2161.html,1,おもちゃ
1136,irasutoya,https://blogger.googleusercontent.com/img/b/R29vZ2xl/AVvXsEjNXU57yjYCpUt3_gRlGJUyLUqegJhk6puWXE6kb4E8Y14GNrAh8DGkfDAGaOZnm8wmqs95OLxwXYTj1WPddiP2TCk0dUjUS-FySSj4tMWoGgifU4EjO2fAzoN8OpD4CzYkMoNdXPblIzIQ/s800/sweets_shortcake.png,675,577,2012-12-04,■,カットされた、かわいいショートケーキのイラストです。,https://www.irasutoya.com/2012/12/blog-post_4.html,■,カットされた、かわいいショートケーキのイラストです。,https://www.irasutoya.com/2012/12/blog-post_4.html,1,スイーツ
1135,irasutoya,https://blogger.googleusercontent.com/img/b/R29vZ2xl/AVvXsEiFy92_45nVM_5zq7ZnmDe7I3Rcy8sUh9m03pnFFhUS-tDKcBPTD8nbRZAJfB3oLAFPd2eCKEVHP9M-FvAMYpnFFKyOw0yik6SyFagklicTMLfPHoLyBFYwFYVJm2dqR0cPPeoq8x0pnWs/s800/camp_campfire.png,631,787,2012-12-04,キャンプのイラスト「キャンプファイヤー」,煙を出して燃えている、キャンプファイヤーのイラストです。,https://www.irasutoya.com/2012/12/blog-post_3896.html,キャンプのイラスト「キャンプファイヤー」,煙を出して燃えている、キャンプファイヤーのイラストです。,https://www.irasutoya.com/2012/12/blog-post_3896.html,1,夏|学校|旅行
1134,irasutoya,https://blogger.googleusercontent.com/img/b/R29vZ2xl/AVvXsEj7HofxSia9gvF9fFwWupTHlwKCDg6vTyKHisAbWXNblyv1q3_08lzNvgiB0clz9hPVB91_IqEm9P6zGpTVf6_b_7rYmQqNbYDs0Pr5zaOe5AlU8mwEc5ODtH_Io42K4sHBmy0jLCdoxQs/s800/mask_man.png,580,654,2012-12-04,風邪・インフルエンザのイラスト「マスクと鼻水の男性」,風邪（インフルエンザ）をひいて、マスクをつけた男の子のイラストです。,https://www.irasutoya.com/2012/12/blog-post_4095.html,風邪・インフルエンザのイラスト「マスクと鼻水の男性」,風邪（インフルエンザ）をひいて、マスクをつけた男の子のイラストです。,https://www.irasutoya.com/2012/12/blog-post_4095.html,1,病気
1133,irasutoya,https://blogger.googleusercontent.com/img/b/R29vZ2xl/AVvXsEjQ85UFWHwQmH-94X7nIKUfU6uT0Sga49wvNqOwPW9aKyUQDaQKRK7FkhrV7bAHCKPOVenslxxk7Dlsy3VNYsXDRocSzawrdNpowlGIdh207TzVDoxhGPU2LUXiQURls61hQV2vN3IDZgR7/s1600/hatsuyume.png,802,871,2012-12-04,初夢のイラスト「一富士二鷹三茄子」,女の子が、一富士二鷹三茄子の初夢を見ているイラストです。富士山と鷹はともかく、ナスの夢って・・・。,https://www.irasutoya.com/2012/12/blog-post_6098.html,初夢のイラスト「一富士二鷹三茄子」,女の子が、一富士二鷹三茄子の初夢を見ているイラストです。富士山と鷹はともかく、ナスの夢って・・・。,https://www.irasutoya.com/2012/12/blog-post_6098.html,1,お年賀状|お正月
1132,irasutoya,https://blogger.googleusercontent.com/img/b/R29vZ2xl/AVvXsEjpN2YrnN2-0kMfETA8otOoYbefLcu4qfN3_Y2Qu7obLkA2jHZcf-OYvVv6Y0YxrutqBFV4WvC-npHOk3zf81VS7u5ddj6JHB9Y5hbBWh4oMdm-QTnB9MTKd8OUVUxJDzxNDTV-9wLudaY/s800/christmas_star.png,535,544,2012-12-04,クリスマスのイラスト「星飾り」,ツリーの上に飾るための、金色の星の飾りのイラストです。,https://www.irasutoya.com/2012/12/blog-post_6924.html,クリスマスのイラスト「星飾り」,ツリーの上に飾るための、金色の星の飾りのイラストです。,https://www.irasutoya.com/2012/12/blog-post_6924.html,1,クリスマス|飾り
1131,irasutoya,https://blogger.googleusercontent.com/img/b/R29vZ2xl/AVvXsEje-w4cOeTHwkpk7L2wyfP8fGn2ZqIcVh37PEHiH3TAXlZx1X7MtIgvpbKxCzi8sqtxrh7g2cYA6pnQcp1VrtXrrXtZi3zxxV1NN6FaycFlISfoWywfHww35hkfcwejjrz6w5fxNA7SXTI/s800/akachan_bed.png,800,766,2012-12-04,赤ちゃんのイラスト「ベビーベッド」,ベビーベッドで寝ている、かわいい赤ちゃんのイラストです。,https://www.irasutoya.com/2012/12/blog-post_8152.html,赤ちゃんのイラスト「ベビーベッド」,ベビーベッドで寝ている、かわいい赤ちゃんのイラストです。,https://www.irasutoya.com/2012/12/blog-post_8152.html,1,あかちゃん|家具|睡眠
1145,irasutoya,https://blogger.googleusercontent.com/img/b/R29vZ2xl/AVvXsEgVZhrUjLheKfBCKWLoUvl7rP9_IKZfWeE5EDQ-_2oCeeKxPUWXqiEtXFVGCuNUd3vurdh_Z54qUwJinHTcFyawJ62nOEIF-6i_h6xiMR6pC7o3mGwziiru0mX3m7TTbs8jhZyrcssKcI8/s800/omocha_kamifuusen.png,494,464,2012-12-03,紙風船のイラスト（おもちゃ）,赤青黄色の、かわいい紙風船のイラストです。,https://www.irasutoya.com/2012/12/blog-post_1167.html,紙風船のイラスト（おもちゃ）,赤青黄色の、かわいい紙風船のイラストです。,https://www.irasutoya.com/2012/12/blog-post_1167.html,1,おもちゃ
1144,irasutoya,https://blogger.googleusercontent.com/img/b/R29vZ2xl/AVvXsEhQWg41jbeJ6KWUv_RhkdKPQSszgon3BNGcoKlGuE_5TBo-2a0SN7Uu-H5JpCXmOZ88OaAl16WOobuj0rMUBYFinvRZ2EuzytFWElLL_u8C9TCztgmzKMFHaMXjyKQjLM_3QMdeb4fh6WQK/s800/sweets_senbei.png,480,480,2012-12-03,お煎餅のイラスト,海苔が巻かれたお煎餅のイラストです。,https://www.irasutoya.com/2012/12/blog-post_3.html,お煎餅のイラスト,海苔が巻かれたお煎餅のイラストです。,https://www.irasutoya.com/2012/12/blog-post_3.html,1,スイーツ
1143,irasutoya,https://blogger.googleusercontent.com/img/b/R29vZ2xl/AVvXsEjKerwRx1wwitwRIJr_V9Mna0hcflNUq0ZMP2rcRjwmn2K6KO8gH2uF7gg4pSfXofFpCCcZZIKqV_SGJpXjgfCBydwNUOIfHQ_nJPhqPRsAwAhwiZQWFG-cJ1C2KRvpuvguSl_AugMIUOE/s800/tatemono_hospital2.png,676,800,2012-12-03,病院・医院の建物イラスト（医療）,シンプルな十字マークの描かれた病院（医院）の建物のイラストです。,https://www.irasutoya.com/2012/12/blog-post_4261.html,病院・医院の建物イラスト（医療）,シンプルな十字マークの描かれた病院（医院）の建物のイラストです。,https://www.irasutoya.com/2012/12/blog-post_4261.html,1,医療|建物
1142,irasutoya,https://blogger.googleusercontent.com/img/b/R29vZ2xl/AVvXsEjVPCXEw-Dobp0ZnDDR26mgJGLXkcVv3SYP9e5PchskE5jMX1d92Qvs9hdS8LwU2Q8JeJaVjraXy-CX8AOEy84dlyqfPYN3PNMNvYeg6FT7B48JtF7SmHZ6HbJCml2phC7K73jj1SaU10iP/s1600/undoukai_ouen_boy_white.png,423,562,2012-12-03,運動会のイラスト「応援団・白組」,応援をしている、白組の応援団のイラストです。,https://www.irasutoya.com/2012/12/blog-post_3831.html,運動会のイラスト「応援団・白組」,応援をしている、白組の応援団のイラストです。,https://www.irasutoya.com/2012/12/blog-post_3831.html,1,運動会
1141,irasutoya,https://blogger.googleusercontent.com/img/b/R29vZ2xl/AVvXsEiUsX9nMseQfIbwoCZB-It84DpYvuCllWPF1CkzSpC9o3Mr0KgzNhMQ8GcyUtulFLG1I1rfdNvBXxQ3i7hnaH6fEqeTHQdwUFc4SdkhAobCb0FbfsLIrkWBCqGY8y5HqIqD3V-rMSfgWl4/s800/undoukai_ouen_boy_white.png,538,714,2012-12-03,運動会のイラスト「応援団・白組」,応援をしている、白組の応援団のイラストです。,https://www.irasutoya.com/2012/12/blog-post_3831.html,運動会のイラスト「応援団・白組」,応援をしている、白組の応援団のイラストです。,https://www.irasutoya.com/2012/12/blog-post_3831.html,1,運動会
1140,irasutoya,https://blogger.googleusercontent.com/img/b/R29vZ2xl/AVvXsEjTVFFlLgsEe-bE_C8HxxOP0cKY6G1i2wdXGtUzF01rWDU4EGRHc26Kp5IfgvAUBqIawsBbCFqFIzzJ3T91BX8TU7ezLfAXG0XSbvJgUriBIWKF6gDVhxxcMj_aXDSIkMcPE_te40SO7QY/s800/christmas_presents.png,569,729,2012-12-03,山積みのプレゼントのイラスト,山積みにされたプレゼントのイラストです。クリスマスや誕生日や記念日には、このくらい貰いたいものですね。,https://www.irasutoya.com/2012/12/blog-post_9465.html,山積みのプレゼントのイラスト,山積みにされたプレゼントのイラストです。クリスマスや誕生日や記念日には、このくらい貰いたいものですね。,https://www.irasutoya.com/2012/12/blog-post_9465.html,1,お誕生日|クリスマス
1139,irasutoya,https://blogger.googleusercontent.com/img/b/R29vZ2xl/AVvXsEjNCF4CrI_-sn8yHsFfrZetejxuSFnU114k9pVY90G6RvmxH-e6vrGvZh5KVPERd0ZiwFFX4mBOtVm9MsgChtttALONFvjx5D6kLxUreYoqcm6gIfTe9AEDnxAe8OhqtFcCHSnSr0vE2nrk/s1600/ichifuji_nitaka_sannasubi.png,878,777,2012-12-03,一富士二鷹三茄子のイラスト,富士山を背景にした、鷹と茄子のイラストです。お正月この夢をみると縁起がいいそうです。,https://www.irasutoya.com/2012/12/blog-post_4397.html,一富士二鷹三茄子のイラスト,富士山を背景にした、鷹と茄子のイラストです。お正月この夢をみると縁起がいいそうです。,https://www.irasutoya.com/2012/12/blog-post_4397.html,1,お年賀状|お正月
1138,irasutoya,https://blogger.googleusercontent.com/img/b/R29vZ2xl/AVvXsEgH5BMLmXSuJ0hd8BTWZ6OwTS8-VjarSg-HAxWVtpwyRhD9IeI1IgOjCshLBUR3WQqtKvfFFKBDlCjb7YQQjMr5DzkdXQ8cLnvRq5botO5G79yGWLzjbfVkVVKAYW-cyfeMdaDahOh2I_g/s800/school_test_seifuku_girl.png,800,768,2012-12-03,テスト・受験のイラスト「試験中の女子学生」,真剣な顔をして教室の机に向かう、テスト中の女の子（中学・高校）のイラストです。,https://www.irasutoya.com/2012/12/blog-post_8912.html,テスト・受験のイラスト「試験中の女子学生」,真剣な顔をして教室の机に向かう、テスト中の女の子（中学・高校）のイラストです。,https://www.irasutoya.com/2012/12/blog-post_8912.html,1,受験|学校
1152,irasutoya,https://blogger.googleusercontent.com/img/b/R29vZ2xl/AVvXsEj2DZmzs7PGO_DyvDvdu5Zqoos8SWHJhh21o4_FAER1l6scQy1UE1C-Tq5pid01YX3kNVIN9Z-tD_umRPrXU8aFInpBXxh64LjZl-GOt_7uab5KLjk875D4P0x-P8_Lc0pL-ykVKi1mXiQ/s800/omocha_heitai.png,346,731,2012-12-02,おもちゃの兵隊のイラスト,かわいいおもちゃの兵隊のイラストです。,https://www.irasutoya.com/2012/12/blog-post_7990.html,おもちゃの兵隊のイラスト,かわいいおもちゃの兵隊のイラストです。,https://www.irasutoya.com/2012/12/blog-post_7990.html,1,おもちゃ|キャラクター
1151,irasutoya,https://blogger.googleusercontent.com/img/b/R29vZ2xl/AVvXsEjO1T0zT6QlceQMZnYwHu_MXA0vWQeyv91KJZs0gT9evOmTRP88OGktlhdoSCvh8ctTCl9R2I2nGUDXrj6Q67bhxqAANkqS5kcZxcjXusiA5Sp9T9CKeeMmzt10FT121rfphhrCu0HlRhR2/s800/sweets_purin.png,638,456,2012-12-02,プリンのイラスト,お皿に盛られた、かわいいプリンのイラストです。,https://www.irasutoya.com/2012/12/blog-post_2.html,プリンのイラスト,お皿に盛られた、かわいいプリンのイラストです。,https://www.irasutoya.com/2012/12/blog-post_2.html,1,スイーツ
1150,irasutoya,https://blogger.googleusercontent.com/img/b/R29vZ2xl/AVvXsEj8dbnWimF8a6l5JvqdKV_a65UeToXiJm-tcMJX8amQXO1k8DNksF7gZImZMCMMEwZyv53UIztYsHtC5J32QBN2wOyHDpKusZPbxbIl7RyG33HyVBa1JG4zooUwJ-kg8c3xEyD9a-TmxvQ/s800/doctor_gekai.png,544,669,2012-12-02,外科医のイラスト（医療）,青い服を着て手袋をつけた、外科医のイラストです。,https://www.irasutoya.com/2012/12/blog-post_5147.html,外科医のイラスト（医療）,青い服を着て手袋をつけた、外科医のイラストです。,https://www.irasutoya.com/2012/12/blog-post_5147.html,1,医療
1149,irasutoya,https://blogger.googleusercontent.com/img/b/R29vZ2xl/AVvXsEgUq945baSIWoj46Qgk2W8crU9xqEei1I3nxBKlw_pasXWWS6rOICt514aWIdIgIGPuVtBNaQ49jNAYHjqBW075oMtfTAQUYEQJlu2TVCdo271QK0k0UIzo3p9vzg_BIQlVXLVV8_1mYo8m/s1600/undoukai_ouen_boy_red.png,423,562,2012-12-02,運動会のイラスト「応援団・赤組」,赤組の応援団員が手を振っているイラストです。,https://www.irasutoya.com/2012/12/blog-post_7091.html,運動会のイラスト「応援団・赤組」,赤組の応援団員が手を振っているイラストです。,https://www.irasutoya.com/2012/12/blog-post_7091.html,1,運動会
1148,irasutoya,https://blogger.googleusercontent.com/img/b/R29vZ2xl/AVvXsEh1DoAAmhiYkdrqj_-SuZt0JpJA9S4-H2qqFJ7ZNAs2-jMPnxZTAErfKpilljU_SyrQxlaqjdnij4vDoz-aNUhxPz7kl0vNLwMyyaogRKuFMIbggfqNLNQubXemG8MZRDDeBTxnqE66t5E/s800/undoukai_ouen_boy_red.png,538,714,2012-12-02,運動会のイラスト「応援団・赤組」,赤組の応援団員が手を振っているイラストです。,https://www.irasutoya.com/2012/12/blog-post_7091.html,運動会のイラスト「応援団・赤組」,赤組の応援団員が手を振っているイラストです。,https://www.irasutoya.com/2012/12/blog-post_7091.html,1,運動会
1147,irasutoya,https://blogger.googleusercontent.com/img/b/R29vZ2xl/AVvXsEifEFrpubm3fJhRzG4bbQ-zoA7SjDMErUyIWsTP0SU_yJITfk8mRS7_fBqjtwclJNR0JL7wzwsf5BsXq0nVWlM8OkNIXPHL34hlvcXO1rimSLmiGFXfjGDKSMjHGnqdGv0L8sO3sYrj0A0/s800/christmas_present.png,738,640,2012-12-02,クリスマスのイラスト「プレゼント」,「Merry Christmas」と書かれた、赤いプレゼントの箱のイラストです。,https://www.irasutoya.com/2012/12/blog-post_1967.html,クリスマスのイラスト「プレゼント」,「Merry Christmas」と書かれた、赤いプレゼントの箱のイラストです。,https://www.irasutoya.com/2012/12/blog-post_1967.html,1,クリスマス
1146,irasutoya,https://blogger.googleusercontent.com/img/b/R29vZ2xl/AVvXsEhs8FdXHTlqvUahM9k-Sxzu__AKsZGKzUGKnW30_zf0C0ISEnNmyXOrfAaozOdz-hHyZNruDudK-D_Y4lk89IYJnFMhBZKJX4smFBCuRczqXfX3jpXGpNoF0Ka-HsJZdlhCh1jaB4JCHiI/s800/school_test_seifuku_boy.png,800,768,2012-12-02,テスト・受験のイラスト「試験中の男子学生」,集中してテストを受けている、真剣な顔の男の子（中学・高校）イラストです。,https://www.irasutoya.com/2012/12/blog-post_7370.html,テスト・受験のイラスト「試験中の男子学生」,集中してテストを受けている、真剣な顔の男の子（中学・高校）イラストです。,https://www.irasutoya.com/2012/12/blog-post_7370.html,1,受験|学校
1159,irasutoya,https://blogger.googleusercontent.com/img/b/R29vZ2xl/AVvXsEg4U7m7Y4do8zzOrxvYmiUelrfQuZoTE_5LbQIjD7x-bULqxFBN93pSSyT6r_bGpmebsQZl_bgorDdK6Kc_rCQ5cEZd5-Tv-fjv0INURGZDAm8Ygz3cmw_IBYGsQh883jFmV-9ry7ZmuA0N/s800/omocha_game.png,752,377,2012-12-01,TVゲームのイラスト（おもちゃ）,据置型のゲーム機とコントローラーのイラストです。,https://www.irasutoya.com/2012/12/tv.html,TVゲームのイラスト（おもちゃ）,据置型のゲーム機とコントローラーのイラストです。,https://www.irasutoya.com/2012/12/tv.html,1,おもちゃ
1158,irasutoya,https://blogger.googleusercontent.com/img/b/R29vZ2xl/AVvXsEg-TWzgrDWyf_BGeMkS4GylxTbAv_ycilhuLmOYZbx_o4Or07Deo_JXjOgpCkE7VYnYKXlbvD7ehlqnGs954llLzR9zLvFKM9H40vgmBcJciZku9yf5fVJKaMK8NN1PPBFYzlsAUI67pfFM/s800/sweets_manjyu.png,636,485,2012-12-01,おまんじゅうのイラスト,丸ごとと半分にきった、おまんじゅうのイラストです。,https://www.irasutoya.com/2012/12/blog-post.html,おまんじゅうのイラスト,丸ごとと半分にきった、おまんじゅうのイラストです。,https://www.irasutoya.com/2012/12/blog-post.html,1,スイーツ
1157,irasutoya,https://blogger.googleusercontent.com/img/b/R29vZ2xl/AVvXsEisKRQ3rr6OoG-Ku8dPxndy1P-So6JrMCuSYRfUMbMY7_Se3XAvI0x9XWf-sGyC6hypGaY3YnFZrKkv3X2-wHOEw08uXXIxWKf7cScq6yqnyI1QPY9nB7zLj51vTLwYDonHpJS-KIVjnlXu/s1600/undoukai_oodama_white.png,786,519,2012-12-01,運動会のイラスト「大玉ころがし・白組」,大玉を転がしている、白組の生徒のイラストです。,https://www.irasutoya.com/2012/12/blog-post_1.html,運動会のイラスト「大玉ころがし・白組」,大玉を転がしている、白組の生徒のイラストです。,https://www.irasutoya.com/2012/12/blog-post_1.html,1,運動会
1156,irasutoya,https://blogger.googleusercontent.com/img/b/R29vZ2xl/AVvXsEjnfe8YtHqJCrMaPGYeid7l1DxE9bQK8aCCjzOhiprj02QFpjY6ei6kQT-bwuxbBM9zZIa7w4XsNL4Izf0f_afcJEp4A2Jbtoy4OQyeqwIsXjayvtIZh_dv66okzJyNV1Mg1v49vqbpdyE/s800/undoukai_oodama_white.png,800,529,2012-12-01,運動会のイラスト「大玉ころがし・白組」,大玉を転がしている、白組の生徒のイラストです。,https://www.irasutoya.com/2012/12/blog-post_1.html,運動会のイラスト「大玉ころがし・白組」,大玉を転がしている、白組の生徒のイラストです。,https://www.irasutoya.com/2012/12/blog-post_1.html,1,運動会
1155,irasutoya,https://blogger.googleusercontent.com/img/b/R29vZ2xl/AVvXsEiRJAd63JIhuFud7ClgGuBSVTLODvJvzbVW6vA17PqdHAGoeTtgA6o2w5fkIoHQsuE6ZDn0uLlUCeHBgLSraGQ3GZCZcukElN6wiIyKkFMyKmbsTCL_BEhVYFGLnPhK-NrhLZqwlsHNLtA/s800/doctor_dog.png,500,710,2012-12-01,犬のお医者さんのイラスト,かわいい犬が、お医者さんの格好をしているイラストです。,https://www.irasutoya.com/2012/12/blog-post_5797.html,犬のお医者さんのイラスト,かわいい犬が、お医者さんの格好をしているイラストです。,https://www.irasutoya.com/2012/12/blog-post_5797.html,1,キャラクター|医療|犬
1154,irasutoya,https://blogger.googleusercontent.com/img/b/R29vZ2xl/AVvXsEgu5lqqBOXQx1bCrtf77tkkQf-yUGQDzMa02LcIliNrHDPX3uKooWBSZbS4N3cqECaTmT1hdLboQYgEHNobo0FMckIyZ8sj2pn8D77PwRczHF5VkMGgG0Jn6thFCFoae-v5U_WSVcpXYDY/s800/christmas_merry_christmas.png,800,402,2012-12-01,クリスマスのイラスト「Merry Christmas! タイトル文字」,ヒイラギと「Merry Christmas!」と書かれた、かわいいイラスト文字です。,https://www.irasutoya.com/2012/12/merry-christmas.html,クリスマスのイラスト「Merry Christmas! タイトル文字」,ヒイラギと「Merry Christmas!」と書かれた、かわいいイラスト文字です。,https://www.irasutoya.com/2012/12/merry-christmas.html,1,クリスマス|メッセージ
1153,irasutoya,https://blogger.googleusercontent.com/img/b/R29vZ2xl/AVvXsEjIrMz-waT_nN7YOpjWuGv7L0CY7P9bTJHWSPDSepFfmKv1R5wH7f48WjxWY6kRmw85hM0fb4Wqp-xLVQO6B0r4OlgyHSFxtkOC7Gwtj_dZ1djegEerAh_eIOJ5puCGYXPAy8eetr8hUq8/s800/study_night_girl.png,735,794,2012-12-01,勉強のイラスト「テスト勉強・女の子」,夜遅くまで机に向かって勉強を頑張っている女の子のイラストです。,https://www.irasutoya.com/2012/12/blog-post_8670.html,勉強のイラスト「テスト勉強・女の子」,夜遅くまで机に向かって勉強を頑張っている女の子のイラストです。,https://www.irasutoya.com/2012/12/blog-post_8670.html,1,受験|学校
1166,irasutoya,https://blogger.googleusercontent.com/img/b/R29vZ2xl/AVvXsEgEsCRT65hiACc2WAFJgdeW4WdAfS3kBYAZn00sOGWGYVc1Ni0vfbY-VmqhfS_xUcK0OX32WejTqjEvY2wLwt4-auNf09pww2YcSz_MNugh78Aq5B8ejCz7o804481F7GPN5gZWKyXnqQg/s800/omocha_minicar.png,586,366,2012-11-30,ミニカーのイラスト（おもちゃ）,可愛い赤いミニカーのイラストです。,https://www.irasutoya.com/2012/11/blog-post_3744.html,ミニカーのイラスト（おもちゃ）,可愛い赤いミニカーのイラストです。,https://www.irasutoya.com/2012/11/blog-post_3744.html,1,おもちゃ|車
1165,irasutoya,https://blogger.googleusercontent.com/img/b/R29vZ2xl/AVvXsEhgNtjUoPS1OnOND9jZZZVSvLsakts3pL5u-FdpE31eWGbgTvAGLbsvNDpApHgJgnSrfwCAljqMyKBzVX6O6gQry0xGzY7jyJBO8Hq0j8ZtlaFvTXLAHqJwcUpAYhfrma-bz7M-WHdaIc1_/s800/sweets_macaroon.png,671,573,2012-11-30,マカロンのイラスト,ピンク・緑・オレンジとカラフルな、かわいいマカロンのイラストです。,https://www.irasutoya.com/2012/11/blog-post_30.html,マカロンのイラスト,ピンク・緑・オレンジとカラフルな、かわいいマカロンのイラストです。,https://www.irasutoya.com/2012/11/blog-post_30.html,1,スイーツ
1164,irasutoya,https://blogger.googleusercontent.com/img/b/R29vZ2xl/AVvXsEh872GgLq6us4IHi_jNxt8lWIFXV2TVJRYV34iAymMDnmCXHYfVRxzD6a4D_4w9ud71XiW0ClcVQlUIt_aeg0njVdKky8cGTT_i03BxoZKuifAOItUc4uJGVjDGftG8dtxEky0eVcYzfcEJ/s1600/undoukai_oodama_red.png,786,519,2012-11-30,運動会のイラスト「大玉ころがし・赤組」,大玉を転がしている生徒の赤組の生徒のイラストです。,https://www.irasutoya.com/2012/11/blog-post_6467.html,運動会のイラスト「大玉ころがし・赤組」,大玉を転がしている生徒の赤組の生徒のイラストです。,https://www.irasutoya.com/2012/11/blog-post_6467.html,1,運動会
1163,irasutoya,https://blogger.googleusercontent.com/img/b/R29vZ2xl/AVvXsEhBrNIGqTQ4f2NGhoYu9kv4a16wz9VOlqfwoFK8v7y99fyRoi_YIhwF8hz4ctLSPodQgvSRQYFS7r18w-Qf_0_n5vGwkC-ayOWpRONaAc4CmV1vOD2do5U0Q7EZ0pNljokGHg4y4naE_vw/s800/undoukai_oodama_red.png,800,529,2012-11-30,運動会のイラスト「大玉ころがし・赤組」,大玉を転がしている生徒の赤組の生徒のイラストです。,https://www.irasutoya.com/2012/11/blog-post_6467.html,運動会のイラスト「大玉ころがし・赤組」,大玉を転がしている生徒の赤組の生徒のイラストです。,https://www.irasutoya.com/2012/11/blog-post_6467.html,1,運動会
1162,irasutoya,https://blogger.googleusercontent.com/img/b/R29vZ2xl/AVvXsEgszVFXj1by6imrlEJWe7dD25jENqe253lEH4IVjLtuqbW6cwDmTxtPa1CYF3J4-VkaCMne2PPM3wLGObqQWSOr9-eAL7ixpZ4fHerMCMfyxGV93kBJQpE7khdKSI3jxJ2yWSM8RgTXV6o/s800/oosouji_zoukin.png,623,517,2012-11-30,掃除用具のイラスト「ぞうきん」,かわいい雑巾のイラストです。,https://www.irasutoya.com/2012/11/blog-post_7968.html,掃除用具のイラスト「ぞうきん」,かわいい雑巾のイラストです。,https://www.irasutoya.com/2012/11/blog-post_7968.html,1,年の瀬|掃除
1161,irasutoya,https://blogger.googleusercontent.com/img/b/R29vZ2xl/AVvXsEjkRI-l17wNGPBJnqGDkc__krbVHcPmxmPlYePohQzpfxD-E2NHOtt2byRfWPMu1wgL8qAyz-9rionxI9fp8YauFb2yLiVvuYnWzTpNAD8LQUy3bbQf9cVeWL9r2AjRFWAw-fC1Xw5AXVY/s800/doctor.png,502,646,2012-11-30,お医者さんのイラスト（医療）,優しそうに笑っているお医者さんのイラストです。,https://www.irasutoya.com/2012/11/blog-post_6904.html,お医者さんのイラスト（医療）,優しそうに笑っているお医者さんのイラストです。,https://www.irasutoya.com/2012/11/blog-post_6904.html,1,医療|職業
1160,irasutoya,https://blogger.googleusercontent.com/img/b/R29vZ2xl/AVvXsEhPwGoIL1bAcqwunBR5RYMtucFd06B2fUelM5ih29bduC4sbEmVOMLgjkQN98I5FFWkfXXdzYeJYuuUnDr47knMUT-8zr5Zrbrk_Ayg5TgKbkhkdR33So-ZRYsa_6IHinQv6GY5Rg1-BT8/s800/studynight_boy.png,735,794,2012-11-30,勉強のイラスト「テスト勉強・男の子」,男の子が鉢巻を巻いて、夜にテスト勉強をしているイラストです。,https://www.irasutoya.com/2012/11/blog-post_2743.html,勉強のイラスト「テスト勉強・男の子」,男の子が鉢巻を巻いて、夜にテスト勉強をしているイラストです。,https://www.irasutoya.com/2012/11/blog-post_2743.html,1,受験|学校
1173,irasutoya,https://blogger.googleusercontent.com/img/b/R29vZ2xl/AVvXsEiMa4JGYpvQ12Wiq8X3hJv-xYaAgsk2ncs15fzcqqshoWasw6lSMiqgd5HWLVCI71EC2O-A73Vz5Kb9N2-G4bGExesr3ghgjlt_SeXdE00N61of9MyCGV1iPelQyuM8NiXWJ4ChHfxa92w/s800/iroenpitsu.png,589,502,2012-11-29,色鉛筆のイラスト,セットになっている色鉛筆のイラストです。,https://www.irasutoya.com/2012/11/blog-post_3952.html,色鉛筆のイラスト,セットになっている色鉛筆のイラストです。,https://www.irasutoya.com/2012/11/blog-post_3952.html,1,おもちゃ|文房具|美術
1172,irasutoya,https://blogger.googleusercontent.com/img/b/R29vZ2xl/AVvXsEhHC9M1XrEYy9xlFWqT6vBHQtRT25Bc2UVXbH7YT9UO3v_r06ZCSFHGamToTHM4JNP4l_CzgskubxcyMWQzR5Nfq-54Zfk4Sq2lMdemsyKvjVUpIZHGC1ntvk4XjOMDQeSc3joDRikgpRBI/s800/sweets_kasutera.png,574,488,2012-11-29,カステラのイラスト,２つに並んだ、カステラのイラストです。,https://www.irasutoya.com/2012/11/blog-post_29.html,カステラのイラスト,２つに並んだ、カステラのイラストです。,https://www.irasutoya.com/2012/11/blog-post_29.html,1,スイーツ
1171,irasutoya,https://blogger.googleusercontent.com/img/b/R29vZ2xl/AVvXsEirAtrYBavRo47B3THpM3SaiCNYVcPTCDJAodEWtCYGtFBlslkOMvqGY_nqtsImlRgyhv44xzEyKOkhlyiZQgVZycBqG6xOHCjzpxUtJcM75XdR3Z1qrSicLRbEgsW0hHCc5HMeCKw04vU/s800/oosouji_soujiki.png,638,575,2012-11-29,掃除用具のイラスト「掃除機」,かわいい赤い掃除機のイラストです。,https://www.irasutoya.com/2012/11/blog-post_4708.html,掃除用具のイラスト「掃除機」,かわいい赤い掃除機のイラストです。,https://www.irasutoya.com/2012/11/blog-post_4708.html,1,家電|年の瀬|掃除
1170,irasutoya,https://blogger.googleusercontent.com/img/b/R29vZ2xl/AVvXsEhZcNM-2C4W5GvmwgJlYZEdPvfn0vCoZbE2X5gh6BDbY3n8R4M1m3ZpHWfBPEl_6IvBCTB24_tCU7e82_XNu1kxTTjWxIJz0feUwabBZ8b-eywXpxq844CxhOh5VWNfI1BZwaSo-GUVBJA/s800/iryou_chusyaki.png,356,544,2012-11-29,注射器のイラスト（医療）,かわいい注射器のイラストです。,https://www.irasutoya.com/2012/11/blog-post_7325.html,注射器のイラスト（医療）,かわいい注射器のイラストです。,https://www.irasutoya.com/2012/11/blog-post_7325.html,1,医療機器
1169,irasutoya,https://blogger.googleusercontent.com/img/b/R29vZ2xl/AVvXsEhVOKGXvTS5U_VtrU8fUi7h-1TUN5aMKj9Ddn5f6cNu79yJ7PV5wAv3GKoEUhjidtxtqaoUrRD1UZglGlUOrOPYBrOdfDcDhMV5h3t5z6w4IwGuu8oXAE7YaRj59ADQgdoyc0fAErGcT8Io/s1600/undoukai_kumitaisou_white.png,554,600,2012-11-29,運動会のイラスト「組体操・白組」,白組の生徒達が組体操をしているイラストです。,https://www.irasutoya.com/2012/11/blog-post_209.html,運動会のイラスト「組体操・白組」,白組の生徒達が組体操をしているイラストです。,https://www.irasutoya.com/2012/11/blog-post_209.html,1,運動会
1168,irasutoya,https://blogger.googleusercontent.com/img/b/R29vZ2xl/AVvXsEjOJZV50erVaJH4cReo25AouqjwvEDMTXAXP7zFe-8VUND22fy5LAqi9A8LRjpxPlix7w1UBv4tqQDpcP4qGLcAaN9WqR-7E-YxbmGrHr3T3ohKffi8SoDWa1uzV2GLyBzL5BtxbgMU2mM/s800/undoukai_kumitaisou_white.png,704,762,2012-11-29,運動会のイラスト「組体操・白組」,白組の生徒達が組体操をしているイラストです。,https://www.irasutoya.com/2012/11/blog-post_209.html,運動会のイラスト「組体操・白組」,白組の生徒達が組体操をしているイラストです。,https://www.irasutoya.com/2012/11/blog-post_209.html,1,運動会
1167,irasutoya,https://blogger.googleusercontent.com/img/b/R29vZ2xl/AVvXsEgnOQfLfhILjCYNS7aPxa-M65p2n1XhRty5dj6HiBIw5OudpVmgP93sgu_mYvTjeZpQzzBrx166lnB09hUmcZMuXMCG9F40jxAVhBzTWtfleUhfkR_JX1wv68QyzKn5ltkIksupr7_rIpo/s800/test100.png,670,610,2012-11-29,テストのイラスト「100点の答案」,輝く100点の答案用紙のイラストです。,https://www.irasutoya.com/2012/11/100.html,テストのイラスト「100点の答案」,輝く100点の答案用紙のイラストです。,https://www.irasutoya.com/2012/11/100.html,1,受験|学校
1179,irasutoya,https://blogger.googleusercontent.com/img/b/R29vZ2xl/AVvXsEg05hizv_XriYfsNbHJOgsSD7efSZs-0tU7aoe3-iavfM9KaTTSe6LNMD4gsPrdIT8vnD1kx_AFVM12GkeJgnHXHudvwRQn-a_p3GHGXcvWqqWK3nr-DbJT905w3pZIIYSXhcWv0l4l804/s800/fusen_takusan.png,800,550,2012-11-28,沢山の風船のイラスト,沢山の風船が飛んでいるイラストです。,https://www.irasutoya.com/2012/11/blog-post_6017.html,沢山の風船のイラスト,沢山の風船が飛んでいるイラストです。,https://www.irasutoya.com/2012/11/blog-post_6017.html,1,おもちゃ
1178,irasutoya,https://blogger.googleusercontent.com/img/b/R29vZ2xl/AVvXsEgHA4xVJooObZFl3IxWO0I0G4x2kNXEg9-w010cm9_L7LziJ0z1o1Jd5cgJrhr4TEWVpUMC7wIPXcWvLCtbig9Kho0Gqyv1D2n-MxeHwVWVS9cMzm6RpdVnfXdoX3CNnfnDWAb7KmDHxvMk/s800/sweets_creampuff.png,495,477,2012-11-28,シュークリームのイラスト,クリームがはみ出た、かわいいシュークリームのイラストです。,https://www.irasutoya.com/2012/11/blog-post_28.html,シュークリームのイラスト,クリームがはみ出た、かわいいシュークリームのイラストです。,https://www.irasutoya.com/2012/11/blog-post_28.html,1,スイーツ
1177,irasutoya,https://blogger.googleusercontent.com/img/b/R29vZ2xl/AVvXsEjrmSto4g_0pVbiDBeIm_d6mIGvCREntrg8xhN-ZHxUNRjwl2BDP8BobSt-rGr0B6CG4vxqeTG8tqzV9HwJXPMbIrfym9eX4q9UooUuxb-pOTYf1MXGs3b_ivjzAYJVH8-Shm_Ray_caco/s800/iryou_choushinki.png,330,528,2012-11-28,聴診器のイラスト（医療）,お医者さんが心音を聞くときに使う聴診器のイラストです。,https://www.irasutoya.com/2012/11/blog-post_167.html,聴診器のイラスト（医療）,お医者さんが心音を聞くときに使う聴診器のイラストです。,https://www.irasutoya.com/2012/11/blog-post_167.html,1,医療機器
1176,irasutoya,https://blogger.googleusercontent.com/img/b/R29vZ2xl/AVvXsEhnIr5YbigcxiRnQ277W8KtWaBpCsbhghgihnNsw70_MAb63LQ4nXPbECchI9l9wVxNmXgQnAc6asCq0o6czsnZYiatvc3N7zXyw9OplXPZd81k5IcEFqIphn40Yy_enKPzI6e3mPR1_V39/s1600/undoukai_kumitaisou_red.png,554,600,2012-11-28,運動会のイラスト「組体操・赤組」,3人で組体操をしている、赤組の生徒のイラストです。,https://www.irasutoya.com/2012/11/blog-post_5909.html,運動会のイラスト「組体操・赤組」,3人で組体操をしている、赤組の生徒のイラストです。,https://www.irasutoya.com/2012/11/blog-post_5909.html,1,運動会
1175,irasutoya,https://blogger.googleusercontent.com/img/b/R29vZ2xl/AVvXsEhFI1vOtuYIpURRpS1A2Hnh-XrPDVJxSBYAVulE3mRCwr6_Oj5IURygnCDx2sbdQR4JCaRJKB2GplXvxpHG3lLDQMzMijP-Dc0bhUnB_ILBCAVXaCtj5w6RqGLRn_53Q0yym1a4wTP1O2k/s800/undoukai_kumitaisou_red.png,704,762,2012-11-28,運動会のイラスト「組体操・赤組」,3人で組体操をしている、赤組の生徒のイラストです。,https://www.irasutoya.com/2012/11/blog-post_5909.html,運動会のイラスト「組体操・赤組」,3人で組体操をしている、赤組の生徒のイラストです。,https://www.irasutoya.com/2012/11/blog-post_5909.html,1,運動会
1174,irasutoya,https://blogger.googleusercontent.com/img/b/R29vZ2xl/AVvXsEgfjPNhxUmod2ZhM-2rtmVeukt_00oTN7_ZW2ja7mRZYmcn-VgvD3ZgGjAhYCScWDSY1yshoc5pgcIpwqUuRZKAmdSc5Eg0rj5bhrIyJa6SfGmMpEsqK-I3CZ36OAXD3bG2N9fIoq2LR9A/s800/test0.png,662,714,2012-11-28,テストのイラスト「0点の答案」,0点の答案用紙です。,https://www.irasutoya.com/2012/11/0.html,テストのイラスト「0点の答案」,0点の答案用紙です。,https://www.irasutoya.com/2012/11/0.html,1,受験|学校
1180,irasutoya,https://blogger.googleusercontent.com/img/b/R29vZ2xl/AVvXsEiPWrTlxPoLbJvpo-smHSRXBy6ikjykUXogBXaOHE7bys6UYrx6wyfQUjVrLg1m3UxdSYKrHOnr-8rJlbtvOehdhYUh4UxUwpVXTpXACRvxXZIyVwPhPbZnZeEu1zoCcCp5YSniEtkLRQc/s800/nomikai_14.png,800,462,2012-11-27,乾杯のイラスト「タイトル文字」,「乾杯」と書かれたイラスト文字です。,https://www.irasutoya.com/2012/11/blog-post_8037.html,乾杯のイラスト「タイトル文字」,「乾杯」と書かれたイラスト文字です。,https://www.irasutoya.com/2012/11/blog-post_8037.html,1,パーティ|冬|忘年会
1087,irasutoya,https://blogger.googleusercontent.com/img/b/R29vZ2xl/AVvXsEhGOuS5_knTLdA_j9qmZvN7Ha4tTicc2Xlyxn4hpVhSj8D4IzR9p4EQOP9ismgpsn27QrxKwUe8F58LxafG3yN97mbLCf-RBojKryJss7FJI1wu16qZwbC7VKtoeKkwds1D6BC62kxquv8/s800/fusen_set.png,565,800,2012-11-27,風船の束のイラスト,赤青緑とカラフルな束になっている風船イラストです。,https://www.irasutoya.com/2012/11/blog-post_9214.html,風船の束のイラスト,赤青緑とカラフルな束になっている風船イラストです。,https://www.irasutoya.com/2012/11/blog-post_9214.html,1,おもちゃ
1086,irasutoya,https://blogger.googleusercontent.com/img/b/R29vZ2xl/AVvXsEga2MR-l2GyTnkgGAMRVWlw68d2NR_Ou8pPaJebb4WUiSX77ZQ_HPTZkH7PIbL8XVbjvzZq3PgmGlKUaWCBoiwEwY2HRMw9Dqna3pdVT2OK8rwSOvp7C6F6Hiuk04IjD5ALot_jFw_skO0w/s800/sweets_cookie.png,638,580,2012-11-27,クッキーのイラスト,チョコチップなど、かわいいクッキーのイラストです。,https://www.irasutoya.com/2012/11/blog-post_27.html,クッキーのイラスト,チョコチップなど、かわいいクッキーのイラストです。,https://www.irasutoya.com/2012/11/blog-post_27.html,1,スイーツ
1085,irasutoya,https://blogger.googleusercontent.com/img/b/R29vZ2xl/AVvXsEi6wCMRhYwf-Fc_bxNy6EC6eJ9EdqKFxMfzAf0_x9Z3XTVGDprDwmEyk2wzxrmniRD5f-c2UhoVNqBcKacH8qoCvjKinkAA6fDJSb7HMWV2zwV7R9tVV4cebs-YZ6MTj4IWCEzE0mvEzMiw/s1600/undoukai_ittouwhite.png,609,595,2012-11-27,運動会のイラスト「一等賞・白組」,徒競走を1位でゴールした生徒が順位が書かれた旗を持って笑っている生徒のイラストです。,https://www.irasutoya.com/2012/11/blog-post_3201.html,運動会のイラスト「一等賞・白組」,徒競走を1位でゴールした生徒が順位が書かれた旗を持って笑っている生徒のイラストです。,https://www.irasutoya.com/2012/11/blog-post_3201.html,1,運動会
1084,irasutoya,https://blogger.googleusercontent.com/img/b/R29vZ2xl/AVvXsEg9HnNCV3qbcAchiasJjtr_NeD4xGjB3Ow-Q2mqo6usVWcnkka-ATCqd5f8pzuCUgzyxj2YJ94JqC_DOXUQ5Nw8AueM3XUG0FEwkMzsuc6NN0MBfCEPxMw1uUSa4WrgQYs3yDS88fj_d5I/s800/undoukai_ittouwhite.png,775,756,2012-11-27,運動会のイラスト「一等賞・白組」,徒競走を1位でゴールした生徒が順位が書かれた旗を持って笑っている生徒のイラストです。,https://www.irasutoya.com/2012/11/blog-post_3201.html,運動会のイラスト「一等賞・白組」,徒競走を1位でゴールした生徒が順位が書かれた旗を持って笑っている生徒のイラストです。,https://www.irasutoya.com/2012/11/blog-post_3201.html,1,運動会
1083,irasutoya,https://blogger.googleusercontent.com/img/b/R29vZ2xl/AVvXsEiqKgOnjpOdi79tsAPWeIl3H7_SRYfm6_W5Vl4ArrqJshxawnfTxnAhHaEEAuuCVp4UYXcSQw1Hc5cNTAJTsWkg2m8ob3N1G5dx1qNoEf7hh8QS-g9rjiP3cV-jycFdEVbW_OvuDvm-cIA/s800/christmas_hiiragi.png,622,481,2012-11-27,クリスマスのイラスト「ヒイラギ」,ヒイラギの葉と実のイラストです。,https://www.irasutoya.com/2012/11/blog-post_7934.html,クリスマスのイラスト「ヒイラギ」,ヒイラギの葉と実のイラストです。,https://www.irasutoya.com/2012/11/blog-post_7934.html,1,クリスマス|植物
1082,irasutoya,https://blogger.googleusercontent.com/img/b/R29vZ2xl/AVvXsEhShXin0WCfbKIH6ByqHX3m2knmP4dzwdIkiRK-EwMsMEEns3zOkwhZ78Rk6G7MdWID_0Ih8FdEGGn1wkhWNo4xHpr4rsSBM5JD4NfuZfSJim9-QYH9KokeK_vCHHeFeRViH7cBtWXYtBg/s800/juken_goukaku_ema.png,719,594,2012-11-27,受験のイラスト「合格絵馬」,「合格」と書かれた合格祈願の絵馬のイラストです。,https://www.irasutoya.com/2012/11/blog-post_8630.html,受験のイラスト「合格絵馬」,「合格」と書かれた合格祈願の絵馬のイラストです。,https://www.irasutoya.com/2012/11/blog-post_8630.html,1,受験
1094,irasutoya,https://blogger.googleusercontent.com/img/b/R29vZ2xl/AVvXsEjMN-d-IA6uuHNJU0zOd_lVz4yhiN7U-4732PG5GL0Tnm3NQDOrbpIctMDl3z1MnZeUVKfebDHkDGyrqHf-2NOBsxtQGVL_Y9RNZ2UdGJr77ARBDjL0YgriL-KH0rLQeR0rA4g1bQCCOj0/s800/fusen.png,312,600,2012-11-26,風船のイラスト,ふわふわ飛んでいる、赤い風船のイラストです。,https://www.irasutoya.com/2012/11/blog-post_52.html,風船のイラスト,ふわふわ飛んでいる、赤い風船のイラストです。,https://www.irasutoya.com/2012/11/blog-post_52.html,1,おもちゃ
1093,irasutoya,https://blogger.googleusercontent.com/img/b/R29vZ2xl/AVvXsEjYD1zqgTitbbH85GRdSfcYk9TyxuIdiwPDXQcSd7ontWsjhOpDg1HIVDC50Mreuj0csuofsgQQCsX7ubXvG10mH1DvWgQtZk1DGdXD7RlT4JTyURh8SmS7hWb7eiWcRYcSkZCFNygFFeVi/s800/sweets_candy.png,504,631,2012-11-26,キャンディーのイラスト「ペロペロキャンディ」,棒に刺さってくるくるまかれた、ペロペロキャンディーのイラストです。,https://www.irasutoya.com/2012/11/blog-post_26.html,キャンディーのイラスト「ペロペロキャンディ」,棒に刺さってくるくるまかれた、ペロペロキャンディーのイラストです。,https://www.irasutoya.com/2012/11/blog-post_26.html,1,スイーツ
1092,irasutoya,https://blogger.googleusercontent.com/img/b/R29vZ2xl/AVvXsEgmpPzVsAY5zEBGnYGsY62n6uVQiR1KfSFppifm0vlBtGgiRgrYffiY8wawBZbPSID3WvqYIlNAM5q8M41YGK-aKqM59E4mZ-hcEDqK1t95jMxi2eMtbDlCu0zWzZU53wb6-yGS91lHXjMz/s1600/undoukai_ittou_red.png,613,597,2012-11-26,運動会のイラスト「一等賞・赤組」,徒競走1位でゴールした赤組の男の子が順位の書かれた旗を持って嬉しそうに立っているイラストです。,https://www.irasutoya.com/2012/11/blog-post_6715.html,運動会のイラスト「一等賞・赤組」,徒競走1位でゴールした赤組の男の子が順位の書かれた旗を持って嬉しそうに立っているイラストです。,https://www.irasutoya.com/2012/11/blog-post_6715.html,1,運動会
1091,irasutoya,https://blogger.googleusercontent.com/img/b/R29vZ2xl/AVvXsEijk_BYoJdViYj_tl4FybopXjABxSY6R2p8EyiQxQ8t1UyzQpv8sUZMLEaqB_pvQzMiltPHTMmtJ-DmhwHtnEhfVRr7SlyF_TBdV4sznX7ZG_ujdI94zY_eaVEbrBW7TTjM3BYKPbSNSMg/s800/undoukai_ittou_red.png,779,759,2012-11-26,運動会のイラスト「一等賞・赤組」,徒競走1位でゴールした赤組の男の子が順位の書かれた旗を持って嬉しそうに立っているイラストです。,https://www.irasutoya.com/2012/11/blog-post_6715.html,運動会のイラスト「一等賞・赤組」,徒競走1位でゴールした赤組の男の子が順位の書かれた旗を持って嬉しそうに立っているイラストです。,https://www.irasutoya.com/2012/11/blog-post_6715.html,1,運動会
1090,irasutoya,https://blogger.googleusercontent.com/img/b/R29vZ2xl/AVvXsEjG1zopz29PQWsrAniVWe5smLb2sTOgIZxlhY_KLM6UAmoLtZ_6F1YZf6Q4FLRpWfFHN6FpqvZzsAKGFhYqS78PraBtdS8GTefllL1r3xGe40P6yPNcPda-CzEhIanTXa3XjS0rEZ54-Z8/s800/christmas_gingerbread.png,527,601,2012-11-26,クリスマスのイラスト「ジンジャーブレッド」,クリスマスのお菓子、かわいいジンジャーブレッドのイラストです。,https://www.irasutoya.com/2012/11/blog-post_972.html,クリスマスのイラスト「ジンジャーブレッド」,クリスマスのお菓子、かわいいジンジャーブレッドのイラストです。,https://www.irasutoya.com/2012/11/blog-post_972.html,1,クリスマス|スイーツ
1089,irasutoya,https://blogger.googleusercontent.com/img/b/R29vZ2xl/AVvXsEhG9wljSLHiHeUbUrPlmuSqjZg9FHpBois2Z5g-kLZoFIBkRaog_k4ykkbYd94NPiKdQPT-U-vs40VjgU-m190eNRggBasaJUTV_BERoaVzynV1FkeMZZtXmXrKNtKDH6lUCSH4FEmTlAY/s800/juken_goukaku_daruma.png,530,548,2012-11-26,受験のイラスト「合格だるま」,「合格」と書かれた、かわいい赤いだるまのイラストです。,https://www.irasutoya.com/2012/11/blog-post_519.html,受験のイラスト「合格だるま」,「合格」と書かれた、かわいい赤いだるまのイラストです。,https://www.irasutoya.com/2012/11/blog-post_519.html,1,受験
1088,irasutoya,https://blogger.googleusercontent.com/img/b/R29vZ2xl/AVvXsEhIuWhwHtXVHyExbS9rtQghA59O5OT_8MgpklcyoJW3yXvf1__qLSZHr83fFWzb0iT6Uq1BZXC-nslm6WriYI0P8ePSev4yqQs6Uq6M5k60WZQ6_9znHmV80bkw28o2pWfZ5mwTO4rCWtE/s800/nomikai_joshikai.png,800,658,2012-11-26,女子会のイラスト「鍋で忘年会」,女の子たちが居酒屋などに集まって、女子会の飲み会を開いているイラストです。,https://www.irasutoya.com/2012/11/blog-post_6781.html,女子会のイラスト「鍋で忘年会」,女の子たちが居酒屋などに集まって、女子会の飲み会を開いているイラストです。,https://www.irasutoya.com/2012/11/blog-post_6781.html,1,パーティ|冬|忘年会
1100,irasutoya,https://blogger.googleusercontent.com/img/b/R29vZ2xl/AVvXsEhGnbxYCYyRVVRZXc1_4LOQ0WZq41ChRCoNmTVk3jG6Jj037fz1Ln2drsHPsXj9JeKUC1SoJEYbZlCB4OtilRUi4o1a5qw3Z3r74c2LPrcGZcLea0lOaSC6924RPHFinhWyxYaq0t4bXz1-/s800/sweets_biscuit.png,546,552,2012-11-25,ビスケットのイラスト,かわいいビスケットのイラストです。,https://www.irasutoya.com/2012/11/blog-post_25.html,ビスケットのイラスト,かわいいビスケットのイラストです。,https://www.irasutoya.com/2012/11/blog-post_25.html,1,スイーツ
1099,irasutoya,https://blogger.googleusercontent.com/img/b/R29vZ2xl/AVvXsEiozFKuGyWCW4-yyJHxLE8a-j2fxkGEV4t-M8njonN9calyikspIcFOhufjtGiDSQgq_ISqflVxCS8dOH6rLAkScWdrqmMfoR7lI7vNh4ax9tuSjwvuLnI5t39309w2ZuGUA6wTA9wBz9Sh/s1600/undoukai_tokyousou_kuma.png,388,522,2012-11-25,運動会のイラスト「徒競走・クマ」,徒競走をしているクマのイラストです。,https://www.irasutoya.com/2012/11/blog-post_6214.html,運動会のイラスト「徒競走・クマ」,徒競走をしているクマのイラストです。,https://www.irasutoya.com/2012/11/blog-post_6214.html,1,リクエスト|動物キャラ|運動会
1098,irasutoya,https://blogger.googleusercontent.com/img/b/R29vZ2xl/AVvXsEif4j8lP4P5VJ29G_roatLhYX9drqWVX78vS8DoaFyCnuLHDHKzNyN0FJBFj1JmqO92TazJecr4QWt0rg2_N8YpPIUwXdFI94YSYqhP-wIRC5HxyQQRtfkKOXfzzCJOY70jFWLkjqCAJU4/s800/undoukai_tokyousou_kuma.png,494,664,2012-11-25,運動会のイラスト「徒競走・クマ」,徒競走をしているクマのイラストです。,https://www.irasutoya.com/2012/11/blog-post_6214.html,運動会のイラスト「徒競走・クマ」,徒競走をしているクマのイラストです。,https://www.irasutoya.com/2012/11/blog-post_6214.html,1,リクエスト|動物キャラ|運動会
1097,irasutoya,https://blogger.googleusercontent.com/img/b/R29vZ2xl/AVvXsEi9PUH01uydNbsxvIdYW_H55vC-7Pn908qJHehkuWjgNDqmtAx34EYxnlWsMFXkFDhbUuCMWn0EueONoLCDzEweIIr-1xFXDeO9a1Ga-AoBwUwoqOtQgyQPKVqRMME_nBUpEbJElhhBQj4/s800/christmas_danro_present.png,771,778,2012-11-25,クリスマスのイラスト「暖炉」,暖炉の上に、プレゼントとクリスマスツリーが飾られたイラストです。,https://www.irasutoya.com/2012/11/blog-post_8425.html,クリスマスのイラスト「暖炉」,暖炉の上に、プレゼントとクリスマスツリーが飾られたイラストです。,https://www.irasutoya.com/2012/11/blog-post_8425.html,1,クリスマス|冬
1096,irasutoya,https://blogger.googleusercontent.com/img/b/R29vZ2xl/AVvXsEiOWpTeJKg8lZequ2QwDw3_WYjzk4lVoa1m614t_qIDzDtVr1cQRlqnubn4egGGaAL8scxyJnI3vogPUUE4C8uVYJxymiKbHtStTv6iIxal1g-aG3QmeXGrELjDoyUyVI8o9TtbB5GkGuk/s800/goukakuhappyou.png,800,527,2012-11-25,受験のイラスト「合格発表掲示板」,受験の合格者を発表している掲示板のイラストです。,https://www.irasutoya.com/2012/11/blog-post_3260.html,受験のイラスト「合格発表掲示板」,受験の合格者を発表している掲示板のイラストです。,https://www.irasutoya.com/2012/11/blog-post_3260.html,1,受験
1095,irasutoya,https://blogger.googleusercontent.com/img/b/R29vZ2xl/AVvXsEjXKNYo94Kgh1VsxMBlEE10KnjeXfbdUjlX-Ops34_XCI0bxbZNUYGZ3SAFVuYXEDKC5GWfvKTlFSUpVh1wYev8VdXiUhBFvF5sj63mco3IEzPW5dokTBzTtOS56xcvebTKAYvsNmPP0C0/s800/nomikai_goukon.png,800,658,2012-11-25,合コンのイラスト「ビールで乾杯」,鍋を囲んだ合コンの飲み会で、乾杯をしているイラストです。,https://www.irasutoya.com/2012/11/blog-post_4766.html,合コンのイラスト「ビールで乾杯」,鍋を囲んだ合コンの飲み会で、乾杯をしているイラストです。,https://www.irasutoya.com/2012/11/blog-post_4766.html,1,パーティ|冬|忘年会
1106,irasutoya,https://blogger.googleusercontent.com/img/b/R29vZ2xl/AVvXsEjg5wJoCIFRIyNteC74mElXU4aLyGng1CKsfThrreX5gcFYBOIM2V4gMDEmJ11ekBVwyxHLKYCvDFlr9Ae_tgJjOhzUPDD8sOvbjsSF_UljJbjP-rjPDPlbcpkbIdt0mxXlmsfpt7CnqhDn/s800/sweets_baumkuchen.png,532,457,2012-11-24,バームクーヘンのイラスト,くるくる巻かれたバームクーヘンのイラストです。,https://www.irasutoya.com/2012/11/blog-post_24.html,バームクーヘンのイラスト,くるくる巻かれたバームクーヘンのイラストです。,https://www.irasutoya.com/2012/11/blog-post_24.html,1,スイーツ
1105,irasutoya,https://blogger.googleusercontent.com/img/b/R29vZ2xl/AVvXsEgTRxZpmMkDyDFwJpZIhU-2tNcG7X1VSGq1JCAjINfAOveU2nzMuvZQP4V4l2n6j5yN7GQKd-9yVej7N8LMdPKFfd_4wDHxVYegoEkU9p8PQ-_Pr_8giNqctAX7Y9JIW11z3I2F3cChBFw/s800/syasei_woman_13.png,750,636,2012-11-24,写生のイラスト「絵を描く女性」,女性が野外で写生をしているイラストです。,https://www.irasutoya.com/2012/11/blog-post_1110.html,写生のイラスト「絵を描く女性」,女性が野外で写生をしているイラストです。,https://www.irasutoya.com/2012/11/blog-post_1110.html,1,秋|美術
1104,irasutoya,https://blogger.googleusercontent.com/img/b/R29vZ2xl/AVvXsEhDr1wENs3jI9GHdj52m4MEMjWiwBbxt-F5VaSdfk2RWsBKdKgb3HBDtGEdD9guV1AQIWXCdUQpw0ADd12YgOXwZnRmez-sKhatI-7NBUWL1CWEZQL_0zyEFON7STJxscqrsCyfeSzNXv_o/s1600/undoukai_tokyousou.png,770,459,2012-11-24,運動会のイラスト「徒競走・ゴール」,,https://www.irasutoya.com/2012/11/blog-post_3459.html,運動会のイラスト「徒競走・ゴール」,,https://www.irasutoya.com/2012/11/blog-post_3459.html,1,リクエスト|運動会
1103,irasutoya,https://blogger.googleusercontent.com/img/b/R29vZ2xl/AVvXsEhowGPQ8Uv7IUSboE-9fBJrpW9w9oMex8hocQ85BrPKn4NyMcW7zvjNSLmiUk2K9XM25Z7CwQKMDTdPrc8hGbS2ybygfM7z-TOUksxqJ-D6JAR34zDJO71YABiAVM_ATgdpq8RYX0iL68Y/s800/undoukai_tokyousou.png,800,477,2012-11-24,運動会のイラスト「徒競走・ゴール」,,https://www.irasutoya.com/2012/11/blog-post_3459.html,運動会のイラスト「徒競走・ゴール」,,https://www.irasutoya.com/2012/11/blog-post_3459.html,1,リクエスト|運動会
1102,irasutoya,https://blogger.googleusercontent.com/img/b/R29vZ2xl/AVvXsEgaPIwqUYzSM068kE8U1HPtoj7UcPPSvApCpSw3YyJhlcqI6A3XRe4Z9N-T1gTD2IQHcQQ5ctO-0lYc5GpubedexDio47ZCeXtJzaZ0lgbSYZRVQpeJQestrVZKjxZHY5yY68Iice1zyuM/s800/christmas_candy.png,429,668,2012-11-24,クリスマスのイラスト「杖のキャンディ」,杖の形をした、赤と白の飴（キャンディー）のイラストです。,https://www.irasutoya.com/2012/11/blog-post_5097.html,クリスマスのイラスト「杖のキャンディ」,杖の形をした、赤と白の飴（キャンディー）のイラストです。,https://www.irasutoya.com/2012/11/blog-post_5097.html,1,クリスマス|スイーツ
1101,irasutoya,https://blogger.googleusercontent.com/img/b/R29vZ2xl/AVvXsEiugyL7InFez3urlyBS9bUxihDAXiqaB2Aen0AvR3AQH6S_gZP3TqH3R3AvEwYLz6TlxSgF4cncRcasuAKVzyR_90izHPwgkw3wdoqtFG4drCwmq8PThqm9MCISTccqkgm8JgiwlsQoRho/s800/beer_kanpai.png,722,552,2012-11-24,乾杯のイラスト「生ビール」,ジョッキの生ビールで乾杯をしているイラストです。,https://www.irasutoya.com/2012/11/blog-post_6260.html,乾杯のイラスト「生ビール」,ジョッキの生ビールで乾杯をしているイラストです。,https://www.irasutoya.com/2012/11/blog-post_6260.html,1,パーティ|冬|忘年会|飲み物
1112,irasutoya,https://blogger.googleusercontent.com/img/b/R29vZ2xl/AVvXsEi16xaBrly6jqbVAhvgAWn-JdGhVIRXmatPCrcV8n742YEMOFnD6bq17TlSDPNZ-cSQEqXSrXlGKFkksGW0JL2CuRk1uHaC58YE2MKMfbeEoUDADcIUikvNVZ1LzeHQEG4EX3_eQ30kvoRm/s800/fruit_strawberry.png,413,536,2012-11-23,イチゴのイラスト（フルーツ）,真っ赤なかわいいイチゴのイラストです。,https://www.irasutoya.com/2012/11/blog-post_23.html,イチゴのイラスト（フルーツ）,真っ赤なかわいいイチゴのイラストです。,https://www.irasutoya.com/2012/11/blog-post_23.html,1,フルーツ|野菜
1111,irasutoya,https://blogger.googleusercontent.com/img/b/R29vZ2xl/AVvXsEhDUbL7CTJcpLkSZ1sUr8Snlka9sKXfiFFzQ9dcLvwAFSUsyYZLn5lu9iRSwzaOk4-jZ2xasmAd09ImSHtwz4B0D2ZwQ8sRJbKlfGFOdy1HBDtK9GTvW1BD31wymGunzv3n8uBc2CKyR_Y/s800/syasei_taikai_title.png,800,384,2012-11-23,写生大会のイラスト「タイトル文字」,スケッチブックに「写生大会」と書かれた、イラスト文字です。,https://www.irasutoya.com/2012/11/blog-post_7533.html,写生大会のイラスト「タイトル文字」,スケッチブックに「写生大会」と書かれた、イラスト文字です。,https://www.irasutoya.com/2012/11/blog-post_7533.html,1,文字|美術
1110,irasutoya,https://blogger.googleusercontent.com/img/b/R29vZ2xl/AVvXsEiDEd91T2qBSIBtD_ufWhj5Gbn75YNR4hn3qMMvBPeWGIz6zkZwBJPjicTgesCy-nl2u7y2wXeEuuQma1UWTHblTamBM5804vlcmEOYE-sBUXoslNYFPA1HhTVlIMzBXzQTEq0JtaXdVNQ/s800/undoukai_title.png,800,411,2012-11-23,運動会のイラスト「タイトル文字」,「うんどう会」と描かれたイラスト文字です。,https://www.irasutoya.com/2012/11/blog-post_2350.html,運動会のイラスト「タイトル文字」,「うんどう会」と描かれたイラスト文字です。,https://www.irasutoya.com/2012/11/blog-post_2350.html,1,運動会
1109,irasutoya,https://blogger.googleusercontent.com/img/b/R29vZ2xl/AVvXsEjuC1Jjri7RPmzg1h07978iDG3ifcMxDymYxBrjxbxtvyj9foiiClLC8rcLC0ayZJ7p6zunbMRDijamLDcnkNryftNOWL0wsEuiLq8sDkYHQgultRQD9TyfHIEhm0dy_2dN8YPcSVGvTKQ/s800/nomikai_salaryman.png,800,658,2012-11-23,忘年会のイラスト「サラリーマンの飲み会」,サラリーマンが居酒屋などに集まって、ビールと鍋で乾杯をしているイラストです。忘年会や新年会のシーズンですね。,https://www.irasutoya.com/2012/11/blog-post_460.html,忘年会のイラスト「サラリーマンの飲み会」,サラリーマンが居酒屋などに集まって、ビールと鍋で乾杯をしているイラストです。忘年会や新年会のシーズンですね。,https://www.irasutoya.com/2012/11/blog-post_460.html,1,パーティ|冬|年の瀬|忘年会
1108,irasutoya,https://blogger.googleusercontent.com/img/b/R29vZ2xl/AVvXsEg6OwC4EHILApcpm67ROSqJFi31nG-A72UMyFBDR0Tkt54fVDCCr3bMmTVowz30ACkZFDtKlym9yQcGRACVt6GBXlJKRXRJgQFEvmlxuQSkAenUs4tCBcnKtzt2DP4Z-yQU_wPOtwPLziA/s800/christmas_candle.png,463,477,2012-11-23,クリスマスのイラスト「キャンドル」,クリスマスのミサなどで使われる燭台に置かれた蝋燭（ろうそく）にヒイラギとリボンが飾られたクリスマス・キャンドルのイラストです。,https://www.irasutoya.com/2012/11/blog-post_5115.html,クリスマスのイラスト「キャンドル」,クリスマスのミサなどで使われる燭台に置かれた蝋燭（ろうそく）にヒイラギとリボンが飾られたクリスマス・キャンドルのイラストです。,https://www.irasutoya.com/2012/11/blog-post_5115.html,1,クリスマス
1107,irasutoya,https://blogger.googleusercontent.com/img/b/R29vZ2xl/AVvXsEjCXPVMC_Oxt399FwNiFLlmiMlWdUHkzhksuOBmFhu5OJ5cpUFSxrUCOkcxG-DpAxR3C0u2ZfKbTgLTL9ajunp1ZqTGQ0HSRr8lL6VKaMTnCm595P6fFeD1qQRK6KI4XS8uJ2hJGS41LOs/s800/joshikai.png,800,618,2012-11-23,女子会のイラスト「ケーキと紅茶パーティ」,女の子たちがケーキと紅茶（コーヒー）を囲んで、女子会を開いているイラストです。,https://www.irasutoya.com/2012/11/blog-post_3904.html,女子会のイラスト「ケーキと紅茶パーティ」,女の子たちがケーキと紅茶（コーヒー）を囲んで、女子会を開いているイラストです。,https://www.irasutoya.com/2012/11/blog-post_3904.html,1,パーティ
1117,irasutoya,https://blogger.googleusercontent.com/img/b/R29vZ2xl/AVvXsEgaaUwzdP0LHRtptl4oo6U8pWKzog1t7PtkUTkjKX4E36YrMdL4abwRoozLeFKctq1FVWpWhfnWBJy4DR9vxl19NstMH4zfeVehF262USm9k5jnGXoATrWdLLLTEeDjETviTGvIKuJ9E9nh/s800/fruit_pineapple.png,456,728,2012-11-22,パイナップルのイラスト（フルーツ）,丸ごとの、かわいいパイナップルのイラストです。,https://www.irasutoya.com/2012/11/blog-post_22.html,パイナップルのイラスト（フルーツ）,丸ごとの、かわいいパイナップルのイラストです。,https://www.irasutoya.com/2012/11/blog-post_22.html,1,フルーツ
1116,irasutoya,https://blogger.googleusercontent.com/img/b/R29vZ2xl/AVvXsEgef617n4X5kWQpIbCmTeLWOWRfMdMJx_lZAzpTjctbNjG76-DmCJHRPQeQiG0hTtdkCJhLLajJ0xZZO2VmIbv79W-5rY9TO_q3lg9YY53X__IFZFFmQi5U108NegrzHjCRmM7D5sZ-LIc/s800/syasei_man.png,750,636,2012-11-22,写生のイラスト「絵を描く男性」,野山で絵を描く男性のイラストです。,https://www.irasutoya.com/2012/11/blog-post_8539.html,写生のイラスト「絵を描く男性」,野山で絵を描く男性のイラストです。,https://www.irasutoya.com/2012/11/blog-post_8539.html,1,秋|美術
1115,irasutoya,https://blogger.googleusercontent.com/img/b/R29vZ2xl/AVvXsEi7SsONBgaw28yZPRIXJdgY4mP0u6cNV9NS-wzyTyLESNFTjqFdy_QSa7sNHGom0PCXyTjl9EkbzuWgj9D9g1pyoI5JNCA5Zlo8ErFRl_TfPukiobUAuf9dGAK0w_0pE6Us5PZDZDWLIgs/s800/beer_cup_bin.png,558,698,2012-11-22,ビールのイラスト「瓶ビール」,瓶ビールに入ったビールと、コップに入ったビールのイラストです。,https://www.irasutoya.com/2012/11/blog-post_183.html,ビールのイラスト「瓶ビール」,瓶ビールに入ったビールと、コップに入ったビールのイラストです。,https://www.irasutoya.com/2012/11/blog-post_183.html,1,パーティ|冬|忘年会|飲み物
1114,irasutoya,https://blogger.googleusercontent.com/img/b/R29vZ2xl/AVvXsEhUtZFvMFaNmMrolx-Z8c_8IbBFwDhOrw7kv0m6n9Be4-qYw75QGGB9XAfsAov73L4JgpDmpTpu4I23oHXJGSzaIgS1LgqXYqmrlTcytSqyqDYfyUWb6YIWhK8Htiku_aXaSUZh94pZ75lK/s1600/undoukai_tamaire.png,731,678,2012-11-22,運動会のイラスト「玉入れ」,白組と赤組の生徒が玉入れをしているイラストです。,https://www.irasutoya.com/2012/11/blog-post_1161.html,運動会のイラスト「玉入れ」,白組と赤組の生徒が玉入れをしているイラストです。,https://www.irasutoya.com/2012/11/blog-post_1161.html,1,リクエスト|運動会
1113,irasutoya,https://blogger.googleusercontent.com/img/b/R29vZ2xl/AVvXsEhqk2zsO9JFakI8MauwMOgbRXMhIREZNzyBccOjThn6LLDirAz9ZOZKJDtLRZ1B-TFUhc6w7-wRozNUKIurJDGrNnAz-2T7AoaApUGs4cMg5rfY-ym3DMGa7NDwoeJJaUEVdDjKsKUJ6vU/s800/undoukai_tamaire.png,800,742,2012-11-22,運動会のイラスト「玉入れ」,白組と赤組の生徒が玉入れをしているイラストです。,https://www.irasutoya.com/2012/11/blog-post_1161.html,運動会のイラスト「玉入れ」,白組と赤組の生徒が玉入れをしているイラストです。,https://www.irasutoya.com/2012/11/blog-post_1161.html,1,リクエスト|運動会
1121,irasutoya,https://blogger.googleusercontent.com/img/b/R29vZ2xl/AVvXsEipkbCzoxrxffZK5_RM3Ch8BYAtUAz4zTt4ETx4xTXZZ65LKSTaPVWIi7oewY0NRjwqY-WUmpsNgwu6MBu2zGtAKM9-x_ZWIKUSk2hjUhrOqMMIeT2_bI6trbV_Pja882CW4MmDUK1iaI8-/s800/fruit_peach.png,592,590,2012-11-21,桃・ピーチのイラスト（フルーツ）,丸ごとの、かわいい桃のイラストです。桃太郎が出てきそうですね。,https://www.irasutoya.com/2012/11/blog-post_21.html,桃・ピーチのイラスト（フルーツ）,丸ごとの、かわいい桃のイラストです。桃太郎が出てきそうですね。,https://www.irasutoya.com/2012/11/blog-post_21.html,1,フルーツ
1120,irasutoya,https://blogger.googleusercontent.com/img/b/R29vZ2xl/AVvXsEjnpFS_pZ5IauJzvNwHlFMcj4M00a7PkUfmab8hriIKT2gpDteE665GlRty-LdXb3gq4R0g9RE7cT4Eah-4ociPWPopOVaSrGYWmnJfsOltaTW8EFWHF4eq_zhBTMLKCrrzGLKWclhZN8E/s800/gassyou_title.png,800,385,2012-11-21,合唱コンクールのイラスト「タイトル文字」,カラフルな音符と「合唱コンクール」と書かれたイラスト文字です。,https://www.irasutoya.com/2012/11/blog-post_7598.html,合唱コンクールのイラスト「タイトル文字」,カラフルな音符と「合唱コンクール」と書かれたイラスト文字です。,https://www.irasutoya.com/2012/11/blog-post_7598.html,1,歌
1119,irasutoya,https://blogger.googleusercontent.com/img/b/R29vZ2xl/AVvXsEhUuRyv0Th8ky44R746KyViU_zgfyzE8o0vqfXmyF7gGAuxtUyLI3olukrRBuDk1vRrdNkWOCwv-QnrTz9beTdWstiLPYP7F4pyHSPukmDlAGV4luxS9vtxB5Kgfb20z4Dv9irVkF5bt5nF/s1600/undoukai_relay_white.png,482,516,2012-11-21,運動会のイラスト「リレーの選手・白組」,白いタスキとバトンをもって走る、リレーの選手のイラストです。,https://www.irasutoya.com/2012/11/blog-post_1236.html,運動会のイラスト「リレーの選手・白組」,白いタスキとバトンをもって走る、リレーの選手のイラストです。,https://www.irasutoya.com/2012/11/blog-post_1236.html,1,運動会
1118,irasutoya,https://blogger.googleusercontent.com/img/b/R29vZ2xl/AVvXsEimBaJukH1Cw5G_2dJbe9lwBdoU9ZvZS6ownNb4HhqFAhIq6HS8mFAtah3i5CkW9knvXjYTEEwXgEuGOWRZoqbIMMR0jc-VQKkIippET5tFe4mQ9UXaSSZJmgV5aBo2ShRPD6yZ8dXANIs/s800/undoukai_relay_white.png,613,656,2012-11-21,運動会のイラスト「リレーの選手・白組」,白いタスキとバトンをもって走る、リレーの選手のイラストです。,https://www.irasutoya.com/2012/11/blog-post_1236.html,運動会のイラスト「リレーの選手・白組」,白いタスキとバトンをもって走る、リレーの選手のイラストです。,https://www.irasutoya.com/2012/11/blog-post_1236.html,1,運動会
1129,irasutoya,https://blogger.googleusercontent.com/img/b/R29vZ2xl/AVvXsEj8VNGaQ0JeWpNk-auQ_Nhr7BKdrZrE6W8VA1JjXzEMoDLZgLJW_DbHI85v74PZAUY3bnN_E66-Lz50jFC-G7VWEWwhOBw6hTle0Ai4i4iWP_6KJIEapM84fk1Wwe7On7CUda3RSAwYtm-W/s800/fruit_papaya.png,572,670,2012-11-20,パパイヤのイラスト（フルーツ）,丸ごとと、半分に切ったパパイヤのイラストです。,https://www.irasutoya.com/2012/11/blog-post_20.html,パパイヤのイラスト（フルーツ）,丸ごとと、半分に切ったパパイヤのイラストです。,https://www.irasutoya.com/2012/11/blog-post_20.html,1,フルーツ
1128,irasutoya,https://blogger.googleusercontent.com/img/b/R29vZ2xl/AVvXsEgoWB9p6QziEAMCVWnAzizEFbvyBB7Z0vp6MsAWQihznmiJJFLXT9gkGgb3kfN1OiTmzfSlt8I3MaECyBYxr2YyVmAQmKyXFD4XIizVkZXWQozM9tizFvvnh1OLV17V3VW-DhbdTozlzXs/s800/gassyou_shikisya.png,499,800,2012-11-20,合唱のイラスト「指揮者」,合唱コンクールで、男子学生が指揮者をしているイラストです。,https://www.irasutoya.com/2012/11/blog-post_8179.html,合唱のイラスト「指揮者」,合唱コンクールで、男子学生が指揮者をしているイラストです。,https://www.irasutoya.com/2012/11/blog-post_8179.html,1,歌
1127,irasutoya,https://blogger.googleusercontent.com/img/b/R29vZ2xl/AVvXsEgXDvcZvsfay4u7GkBf8W_xhAaC8vpf2i9StIpGV5KKtTGSpsmLLffACgVIEnWWxADgRfawzv6x5NnzuVqLFs1DW9yUfe4v0V1beX73OP0vvjS68V82FcINEcpu2ZykpoUXnlSHDJu20pl4/s1600/undoukai_flag6.png,255,576,2012-11-20,運動会のイラスト「順位の旗 6位」,順位を表示するための、１～6位までのカラフルな旗のイラストです。,https://www.irasutoya.com/2012/11/16.html,運動会のイラスト「順位の旗 6位」,順位を表示するための、１～6位までのカラフルな旗のイラストです。,https://www.irasutoya.com/2012/11/16.html,1,運動会
1126,irasutoya,https://blogger.googleusercontent.com/img/b/R29vZ2xl/AVvXsEi83xUOH84l8O6YZOqYHSqbwhsdEcnDxVw3LwaDekvk0WZwRy7Bc7K_c6zZiE-M0NqqGK30h05dNxaYcxgGsdtVSkd2bnoBIaX-_81zU6VgA0k1t827tmAFhYNv0rLbppJACjQ7fs7Xh0mv/s1600/undoukai_flag5.png,255,576,2012-11-20,運動会のイラスト「順位の旗 5位」,順位を表示するための、１～6位までのカラフルな旗のイラストです。,https://www.irasutoya.com/2012/11/16.html,運動会のイラスト「順位の旗 5位」,順位を表示するための、１～6位までのカラフルな旗のイラストです。,https://www.irasutoya.com/2012/11/16.html,1,運動会
1125,irasutoya,https://blogger.googleusercontent.com/img/b/R29vZ2xl/AVvXsEgWQLLm1ggUkffh27T3x_S6fxlGgyi9R1a_-xJq2q_1PaoTo2R-Tg20eUZBGWDjQmPdvoj4iOtMBzvRRYQm34R9048Q_RHn2AOfVqAiMtYXGXsxGZ2KndN32X1RfPHNy-AvcyF1IRK005yc/s1600/undoukai_flag4.png,255,576,2012-11-20,運動会のイラスト「順位の旗 4位」,順位を表示するための、１～6位までのカラフルな旗のイラストです。,https://www.irasutoya.com/2012/11/16.html,運動会のイラスト「順位の旗 4位」,順位を表示するための、１～6位までのカラフルな旗のイラストです。,https://www.irasutoya.com/2012/11/16.html,1,運動会
1124,irasutoya,https://blogger.googleusercontent.com/img/b/R29vZ2xl/AVvXsEjdFUzThT6dBbd5llquYLAATZgnZTFppBkmPPDgQMyctMbvufhGUH27NuwHQ-pNFfrjYEalsqru7SXwj-IEVKb1PHP4Ou6sB3LOoQbHWqjKO6IpIQnA9HxpeQbZy5RwqQIHh7Tex-DW3Oi1/s1600/undoukai_flag3.png,255,576,2012-11-20,運動会のイラスト「順位の旗 3位」,順位を表示するための、１～6位までのカラフルな旗のイラストです。,https://www.irasutoya.com/2012/11/16.html,運動会のイラスト「順位の旗 3位」,順位を表示するための、１～6位までのカラフルな旗のイラストです。,https://www.irasutoya.com/2012/11/16.html,1,運動会
1123,irasutoya,https://blogger.googleusercontent.com/img/b/R29vZ2xl/AVvXsEhUvimx5f3jds1UFVnCaomOGJSP0uPAlfsMtWei_tW_dixWTG6AkULSZ9p8GGLbdnogpL_DvRlCqJPInnbfxNWQ-OariA9eZ5jis9cw0CvNz333hyphenhyphenQi5KwPCoVzu1N9RJf2KIsnbPsweFPI/s1600/undoukai_flag2.png,255,576,2012-11-20,運動会のイラスト「順位の旗 2位」,順位を表示するための、１～6位までのカラフルな旗のイラストです。,https://www.irasutoya.com/2012/11/16.html,運動会のイラスト「順位の旗 2位」,順位を表示するための、１～6位までのカラフルな旗のイラストです。,https://www.irasutoya.com/2012/11/16.html,1,運動会
1122,irasutoya,https://blogger.googleusercontent.com/img/b/R29vZ2xl/AVvXsEjkfAfEDHJw7xsmSxXdDCglBB8oQmYjXJw1-ChdChrcO0yX09g0H7RXuoD9FALpsTHeYDC_J8emLYj8a8czhsAOKMgIxpwfJVcTeUZL29VkVlDOv9ZL1J1eE25CIzO20RijrRlNY2ge4p1M/s1600/undoukai_flag1.png,255,576,2012-11-20,運動会のイラスト「順位の旗 1位」,順位を表示するための、１～6位までのカラフルな旗のイラストです。,https://www.irasutoya.com/2012/11/16.html,運動会のイラスト「順位の旗 1位」,順位を表示するための、１～6位までのカラフルな旗のイラストです。,https://www.irasutoya.com/2012/11/16.html,1,運動会
1130,irasutoya,https://blogger.googleusercontent.com/img/b/R29vZ2xl/AVvXsEgZMp15YATfr-7vYJ_WLCP_2e9XVbpyLVbP-KNbKNllDTYJ-tyu87MKqBidZqAnnw0HmFtCFOH34_pOY7Sf2IgI9xuQSA4Fzjf1maprhdXlP5ltJ3z_iILZZXZW2KhquOQwwl9H_rfeuR8/s800/gassyou_piano.png,797,612,2012-11-19,合唱のイラスト「ピアノの伴奏」,ピアノで伴奏を弾く、女子学生のイラストです。,https://www.irasutoya.com/2012/11/blog-post_8883.html,合唱のイラスト「ピアノの伴奏」,ピアノで伴奏を弾く、女子学生のイラストです。,https://www.irasutoya.com/2012/11/blog-post_8883.html,1,楽器|歌
1035,irasutoya,https://blogger.googleusercontent.com/img/b/R29vZ2xl/AVvXsEjYEztThTEEs7a9CGWHKmvt9jIjRK1mfXNTISEjP4TzjPi-Mii11rCOb4q1rxCUoUutU_TLE2QygJn5Q-upA9M-d6t59_Q5NI68KHhc5KtYX6m0Zer3tyabL81aAhFWmngPWnvP15ieVW_Q/s800/fruit_orange2.png,580,632,2012-11-19,みかん・オレンジ 丸ごと＆カットのイラスト（フルーツ）,丸ごとと、カットされたみかん（オレンジ）のイラストです。,https://www.irasutoya.com/2012/11/blog-post_19.html,みかん・オレンジ 丸ごと＆カットのイラスト（フルーツ）,丸ごとと、カットされたみかん（オレンジ）のイラストです。,https://www.irasutoya.com/2012/11/blog-post_19.html,1,フルーツ
1034,irasutoya,https://blogger.googleusercontent.com/img/b/R29vZ2xl/AVvXsEiFVuUYtUxHO2atsEaMLdoq6k_vPS3nGq03U1_aolVNSJqPBx6g_5ob_vZMH1SPiF5FFqIs3daCfGceGmjNt19R6PTppqllCmHcRqj9S_rfVMYH59utl5xrhvuvHaj5U5QDV8B8ex-enysr/s1600/undoukai_baton.png,527,512,2012-11-19,運動会のイラスト「リレーのバトン」,リレーに使う、カラフルなバトンのイラストです。,https://www.irasutoya.com/2012/11/blog-post_6660.html,運動会のイラスト「リレーのバトン」,リレーに使う、カラフルなバトンのイラストです。,https://www.irasutoya.com/2012/11/blog-post_6660.html,1,運動会
1033,irasutoya,https://blogger.googleusercontent.com/img/b/R29vZ2xl/AVvXsEjeBqn88FS_3Vih3WlQiTgB2NulkpXL1CIraL0i7-Cs0Nq7PTJoBzWCvxZq35mZLeuDVw48-rF_vhlm1x7dqPI3_SmR7hvFRnK3GH3Pcs26CwdQXfVoBmWI3_KtbJ2BuENEOISwzd0_mPw/s800/undoukai_baton.png,670,651,2012-11-19,運動会のイラスト「リレーのバトン」,リレーに使う、カラフルなバトンのイラストです。,https://www.irasutoya.com/2012/11/blog-post_6660.html,運動会のイラスト「リレーのバトン」,リレーに使う、カラフルなバトンのイラストです。,https://www.irasutoya.com/2012/11/blog-post_6660.html,1,運動会
1038,irasutoya,https://blogger.googleusercontent.com/img/b/R29vZ2xl/AVvXsEgq_eoN9nP7LgUxh2K-JGh2OYN-FpanztymNDq9RXFEnLZed8LZldlOAVeWjAdaFjd1896aKxGeOScicmN9mym7mEYNd8XGKa7OITkps7vqU0KYu3h9jWSsANDqRGVtGS-qn8jkT_2g-HYl/s800/fruit_orange.png,528,526,2012-11-18,みかん・オレンジのイラスト（フルーツ）,まるごとの、みかん（オレンジ）のイラストです。,https://www.irasutoya.com/2012/11/blog-post_18.html,みかん・オレンジのイラスト（フルーツ）,まるごとの、みかん（オレンジ）のイラストです。,https://www.irasutoya.com/2012/11/blog-post_18.html,1,フルーツ
1037,irasutoya,https://blogger.googleusercontent.com/img/b/R29vZ2xl/AVvXsEgB2a4uw3wEldLX1HzL0TfKGBJpRwkIqYSwyBaKK8hh-jfeSx5loGP_Lf3vDpv3SRH_CK9XoIRPz_Ck8-ysRny0gf4Ap3mFxuQIYit2OJNZVHUdeFcYBO45nArL8CdD1BZqhMXhKUkbZPw/s800/gassyou_onpu.png,797,471,2012-11-18,音楽のイラスト「五線譜と音符」,五線譜乗っている、かわいいカラフルな音符のイラストです。,https://www.irasutoya.com/2012/11/blog-post_6716.html,音楽のイラスト「五線譜と音符」,五線譜乗っている、かわいいカラフルな音符のイラストです。,https://www.irasutoya.com/2012/11/blog-post_6716.html,1,歌
1036,irasutoya,https://blogger.googleusercontent.com/img/b/R29vZ2xl/AVvXsEhiHKqUiYxo6tq-Gy7OjQXJBEYk7o6nbzsfiKaNxgNFgczdQi15mwv37Ld0UN2tzxHSYS3x8LCOpPzKjtiUBOvsWKVf7fAnaUD4ZLV73wH1IS2cujcE9HSrimKEIMNAGCF9oVL2-ka1pbc/s800/kokeshi.png,378,781,2012-11-18,こけしのイラスト,花柄の可愛いこけしのイラストです。,https://www.irasutoya.com/2012/11/blog-post_3373.html,こけしのイラスト,花柄の可愛いこけしのイラストです。,https://www.irasutoya.com/2012/11/blog-post_3373.html,1,おもちゃ|お年賀状|お正月|リクエスト
1042,irasutoya,https://blogger.googleusercontent.com/img/b/R29vZ2xl/AVvXsEjWiIXTiSEujkokCD6v5LTARzA6A-Sej6X1nhY41nxqkFEfL6ua3h7r4gzzoI8nI-KO4uGsf8S_3sqqVfiv1fK9eC6m72dNv0vDbUAnfIcSV5OlLzE7x1J0d-DMwHeu1HQDGljP-c9OZuhs/s800/fruit_melon.png,472,492,2012-11-17,メロンのイラスト（フルーツ）,丸ごとのかわいいメロンのイラストです。,https://www.irasutoya.com/2012/11/blog-post_17.html,メロンのイラスト（フルーツ）,丸ごとのかわいいメロンのイラストです。,https://www.irasutoya.com/2012/11/blog-post_17.html,1,フルーツ|野菜
1041,irasutoya,https://blogger.googleusercontent.com/img/b/R29vZ2xl/AVvXsEiK133DxAaE5XSIf2lXjX1xqmm2OQKDEMKhkukPplIZPHCyJgiI-cc8Jr6R7y8TocRTHacEyD7h2gOF6WLtWu_jE3JbcWuRmmeb2d8tcWlqYupdaghJznunIh2-7B7kdwLBUSLVUdGYZsY/s800/karaage.png,596,358,2012-11-17,からあげのイラスト,おつまみや、お弁当の定番、ジューシー唐揚げのイラストです。,https://www.irasutoya.com/2012/11/blog-post_6538.html,からあげのイラスト,おつまみや、お弁当の定番、ジューシー唐揚げのイラストです。,https://www.irasutoya.com/2012/11/blog-post_6538.html,1,食べ物
1040,irasutoya,https://blogger.googleusercontent.com/img/b/R29vZ2xl/AVvXsEgT20SkytrjUM2fQNikMGsP8u9MAMmG8oZ5rzbWRUjsnFfEn1k3uYI7-_69MdG-bK0E3Q4U8HulROwQeS4YJEL8V_wXnXsIhoqTPATxVQKum5klE7Bde6gPImmB1Qa-9Tug0aSbGbUX5wQ/s800/gassyou_girl.png,484,718,2012-11-17,合唱のイラスト「女子学生」,歌を歌っている女子学生のイラストです。,https://www.irasutoya.com/2012/11/blog-post_4453.html,合唱のイラスト「女子学生」,歌を歌っている女子学生のイラストです。,https://www.irasutoya.com/2012/11/blog-post_4453.html,1,歌
1039,irasutoya,https://blogger.googleusercontent.com/img/b/R29vZ2xl/AVvXsEh3VdRXXNaHheYLa7gHJBsP3YUBhh8Uxfu9KJ63cAVO8XhZswYWnXQTXjI7xrYK_XHhjSvFO3mlXs_RQ6SLG6_mKnO_xeYaoKuEH7uUVMet3C-zRJruXL4stZll2JTriOsII7xXpPxVaCI/s800/karaagekun.png,502,512,2012-11-17,からあげのイラスト「紙袋入り」,コンビニに売っている、紙袋に入った唐揚げのイラストです。,https://www.irasutoya.com/2012/11/blog-post_1593.html,からあげのイラスト「紙袋入り」,コンビニに売っている、紙袋に入った唐揚げのイラストです。,https://www.irasutoya.com/2012/11/blog-post_1593.html,1,リクエスト|食べ物
1045,irasutoya,https://blogger.googleusercontent.com/img/b/R29vZ2xl/AVvXsEgGnE-AOYfjs6NavVPodwJ2jFWS5AG8GkEPRpoFMobN08cS1fLacI74Jo1pQwtMlpNlzRCl32_tOKdmBHExjtVdgd9YvB6QKuDJz4TjaMfcQKvEXTwrSqKbKdXzqR0tmjfm-fHt7Zlm0HU/s800/gassyou_fumendai.png,386,617,2012-11-16,音楽のイラスト「譜面台」,譜面台のイラストです。,https://www.irasutoya.com/2012/11/blog-post_4776.html,音楽のイラスト「譜面台」,譜面台のイラストです。,https://www.irasutoya.com/2012/11/blog-post_4776.html,1,楽器|歌
1044,irasutoya,https://blogger.googleusercontent.com/img/b/R29vZ2xl/AVvXsEjlQsyp3O01XIO6y2ZBotaFVWl2D8NRhARwSbEhOOetQyZyAG5qdUVIlW_jfvqotM812ODOLLhRvncYXOs-sx_KEkEBKvyVm2zbtxrkJMw1zoLyK9p-WS03qRao4WkGrpd6rBLwlNyIfzom/s800/fruit_masukatto.png,468,590,2012-11-16,マスカットのイラスト（フルーツ）,黄緑色のぶどう、マスカットのイラストです。,https://www.irasutoya.com/2012/11/blog-post_16.html,マスカットのイラスト（フルーツ）,黄緑色のぶどう、マスカットのイラストです。,https://www.irasutoya.com/2012/11/blog-post_16.html,1,フルーツ
1043,irasutoya,https://blogger.googleusercontent.com/img/b/R29vZ2xl/AVvXsEicBIuzBtNigT5XJXgPraOF9IQF8kdHEylLOJsOHZrKD8cA_6OHXkitsJTQOUShwgRfckH3Y0BYCN20YBVIKq6wNOkcCSNn16NsrvTTLVbnGJ9x35MY8cd-z6xBaC6AjRdstBJ-FyN5Mok/s800/medicine_fukuro.png,470,520,2012-11-16,薬のイラスト「薬の紙袋」,薬を入れるための紙袋のイラストです。,https://www.irasutoya.com/2012/11/blog-post_7909.html,薬のイラスト「薬の紙袋」,薬を入れるための紙袋のイラストです。,https://www.irasutoya.com/2012/11/blog-post_7909.html,1,リクエスト|医療機器
1049,irasutoya,https://blogger.googleusercontent.com/img/b/R29vZ2xl/AVvXsEi4ja_1utwpdvOSmG0JBzXAumYSHRIv71q2oMNRYA6mFShHJ2KQ9T5z4gOlneHAXYM9W1tqC9ulMCJES0E2536iQAycdt-HCl3Udc0a_mikHH5vtK89X6GzREC7ne0SO1tqOtF78Pljt55C/s1600/medicine_cup_water.png,304,440,2012-11-15,コップと水のイラスト,薬を飲むときに必要な、コップに入った水（お冷や）のイラストです。,https://www.irasutoya.com/2012/11/blog-post_954.html,コップと水のイラスト,薬を飲むときに必要な、コップに入った水（お冷や）のイラストです。,https://www.irasutoya.com/2012/11/blog-post_954.html,1,リクエスト|医療機器|飲み物
1048,irasutoya,https://blogger.googleusercontent.com/img/b/R29vZ2xl/AVvXsEib9SD6DGIBBDq-t4DJraUNwR9Dg97JluABhBdUhpjStSWHJGuPjIqSI4aU4RL9Ji8wHe8yL95ukpi3XIQWVzkCXVmS_L6uJc6c_3MgIRdq5pKQsHkmkkus1xDahrCzQtJlqhQfEvaXisU/s800/gassyou_boy.png,538,736,2012-11-15,合唱のイラスト「男子学生」,歌を歌っている男子学生のイラストです。,https://www.irasutoya.com/2012/11/blog-post_7294.html,合唱のイラスト「男子学生」,歌を歌っている男子学生のイラストです。,https://www.irasutoya.com/2012/11/blog-post_7294.html,1,歌
1047,irasutoya,https://blogger.googleusercontent.com/img/b/R29vZ2xl/AVvXsEiaU72iOsGTnYxGzMpxsYHFXpAG2XZVJngJfUk1ASDJMl0_VNrUq9A2Au-ItUFEXjigAf1JGqOtWDU-fI2NQ4Qrm71RxPkbwbDp4Fxw9wJFUHmPyLI-3X1jAGn-8EPPKenHf-c-BSa9qdNP/s800/spoon.png,661,511,2012-11-15,■,お弁当で使うような、かわいいスプーンのイラストです。,https://www.irasutoya.com/2012/11/blog-post_2502.html,■,お弁当で使うような、かわいいスプーンのイラストです。,https://www.irasutoya.com/2012/11/blog-post_2502.html,1,お弁当|食器
1046,irasutoya,https://blogger.googleusercontent.com/img/b/R29vZ2xl/AVvXsEjy0Y1oRydZ4JTBQbaWfVC_m1cjcPDzzEKjSYex1Hz2HsX6VFT1RYR9I2hO4Nxr7xL_FPXx2NWv0i75fR9RGvqFXljsowCgTJIsuNmhqFEOXpTuq3d1jkfKQwM2kB1YsIC-G1NyyZVHHEY5/s800/fruit_mango.png,599,618,2012-11-15,マンゴーのイラスト（フルーツ）,丸ごとのものと、切って広げたマンゴーのイラストです。,https://www.irasutoya.com/2012/11/blog-post_15.html,マンゴーのイラスト（フルーツ）,丸ごとのものと、切って広げたマンゴーのイラストです。,https://www.irasutoya.com/2012/11/blog-post_15.html,1,フルーツ
1053,irasutoya,https://blogger.googleusercontent.com/img/b/R29vZ2xl/AVvXsEiPBhmkEDmr0Wxjqp0fpoId0ngvliARUhWk4CQsdfvvIgl6Am0OSLbZ32duhhN3o4HPU8LmO4pzk7HIjAxjyO8g3dIiKzv4q8HIRzR3_UClGYOa6rAi_oWbJe4lRGOpPNNaWDFhnOrtHSOg/s800/ohashi_pair.png,734,583,2012-11-14,■,赤と紺の、男女ペアの箸のイラストです。,https://www.irasutoya.com/2012/11/blog-post_2443.html,■,赤と紺の、男女ペアの箸のイラストです。,https://www.irasutoya.com/2012/11/blog-post_2443.html,1,お弁当|食器
1052,irasutoya,https://blogger.googleusercontent.com/img/b/R29vZ2xl/AVvXsEhj-W2JPouLUuompvzEPnAZslgAMj8xjinNbMvvYgFk_JiZJwzS2M0Xl8boObKfy7XP_KocaE8HWBcFF2iH9fKh3gmVgsNfQNap41CfLusjuuwvLL9sCYTrxFCwDLCMgyr9VO5Ksxz2ngs/s800/medicine_capsule_set.png,546,592,2012-11-14,薬のイラスト「カプセル・セット」,セットになった、カプセル状の薬のイラストです。,https://www.irasutoya.com/2012/11/blog-post_4395.html,薬のイラスト「カプセル・セット」,セットになった、カプセル状の薬のイラストです。,https://www.irasutoya.com/2012/11/blog-post_4395.html,1,リクエスト|医療機器
1051,irasutoya,https://blogger.googleusercontent.com/img/b/R29vZ2xl/AVvXsEjTg80EG4aEfGTyIZDzeb7W2WD61-snrn99z8NXPvxEOmagEJMHXqbuiaFOUUGHSmsHxTs_e0vB-5v2h6aqiJrK4QIPi1MTSRHY47x_Fq6ZFUmGDjAQFoLo5EdezUH6Ozy-Q3FARkjoCwc/s800/gassyou_all.png,800,702,2012-11-14,合唱のイラスト「合唱コンクールの学生たち」,合唱をしているかわいい学生たちのイラストです。,https://www.irasutoya.com/2012/11/blog-post_9159.html,合唱のイラスト「合唱コンクールの学生たち」,合唱をしているかわいい学生たちのイラストです。,https://www.irasutoya.com/2012/11/blog-post_9159.html,1,歌
1050,irasutoya,https://blogger.googleusercontent.com/img/b/R29vZ2xl/AVvXsEgp_qXryzcrQY2pk4CWitS_EEhCbyjLpeEvmh5r_NxmaKfU-0hBU1QAxDUqGyZv3dFq-LXW7boRgXjLFXuwTgjvGZU7aJnfngw0n1ksonm4Tf9iwrnmZgDUQ6FkEZuYtO0c85dMZBbH_u6I/s800/fruit_lemon.png,496,438,2012-11-14,レモンのイラスト（フルーツ）,酸っぱい黄色いフルーツ、レモンのイラストです。,https://www.irasutoya.com/2012/11/blog-post_14.html,レモンのイラスト（フルーツ）,酸っぱい黄色いフルーツ、レモンのイラストです。,https://www.irasutoya.com/2012/11/blog-post_14.html,1,フルーツ
1057,irasutoya,https://blogger.googleusercontent.com/img/b/R29vZ2xl/AVvXsEjWl8POs0Q1I_02aOOEQ9fUBVaydZTbAgolpPWHsqxAOIZxzyu4G98n_9MYAro0Jxyq821nlIEMSuDvz1s0Bw0kkVEcenO5FPacRaqZnwqG8gTR79yfDkU5-UZDWvw2ST_0M8SVXA8_aAXW/s800/fruit_kiwi_green.png,596,596,2012-11-13,キウイのイラスト（フルーツ）,半分に切ったキウイフルーツのイラストです。,https://www.irasutoya.com/2012/11/blog-post_13.html,キウイのイラスト（フルーツ）,半分に切ったキウイフルーツのイラストです。,https://www.irasutoya.com/2012/11/blog-post_13.html,1,フルーツ
1056,irasutoya,https://blogger.googleusercontent.com/img/b/R29vZ2xl/AVvXsEg42sAEos6L1zcD-wAb6R9fwb8reFP_KfOriWCsMHtUrKZ8IcAk9I5TeUXE6eG8aHrekLyEi91nYP-_q_gwLB0dTGwvbaYapdC2k8k3wU-wcYI5lbCODUJHIrAxKRKegiclhHPtykGL281Y/s800/school_bunkasai.png,800,717,2012-11-13,文化祭のイラスト,文化祭の日の学校の前に立つ、男子学生と女子学生のイラストです。,https://www.irasutoya.com/2012/11/blog-post_7394.html,文化祭のイラスト,文化祭の日の学校の前に立つ、男子学生と女子学生のイラストです。,https://www.irasutoya.com/2012/11/blog-post_7394.html,1,学校|文化祭|文字
1055,irasutoya,https://blogger.googleusercontent.com/img/b/R29vZ2xl/AVvXsEgrgQ9cM0rzKAp0rtROal6fFRI4P-FTiuWkgP5kToVb3YsbpZ2FgGrhs98Mf0TOvyCA5GbMn3TFcrTaZ-7uoTIv9UutT0RbFD5RO6RGstJFc50LDsVTmYcZIbkRj2IqmumrV_2wSvUPF8A/s800/medicine_capsule.png,417,314,2012-11-13,薬のイラスト「カプセル」,カラフルなカプセル状のお薬のイラストです。,https://www.irasutoya.com/2012/11/blog-post_1225.html,薬のイラスト「カプセル」,カラフルなカプセル状のお薬のイラストです。,https://www.irasutoya.com/2012/11/blog-post_1225.html,1,リクエスト|医療機器
1054,irasutoya,https://blogger.googleusercontent.com/img/b/R29vZ2xl/AVvXsEiqWErvMExXjFRGJkaQgdMllYZ4bl_73EoNlaILQwpM-MxY22jjOyntg2rPgqRj6SLbBb5ixPYM0A1taCp5oIrLZuYGLYM13joEZjAFId5sQuK7vOOyXezRo3pOv7_M_1hMEtN1Xx7ts-fL/s800/ohashi_man.png,668,495,2012-11-13,■,紺色の、男性用の箸のイラストです。,https://www.irasutoya.com/2012/11/blog-post_4080.html,■,紺色の、男性用の箸のイラストです。,https://www.irasutoya.com/2012/11/blog-post_4080.html,1,お弁当|食器
1062,irasutoya,https://blogger.googleusercontent.com/img/b/R29vZ2xl/AVvXsEhL4mhU8HIYGjELfTBNZr0Sij3szqQQEIp2Z0d6HG746A0xSlYHfMCxYCmtWwTv-5Yth3u1bkOn9g2udCr5OHO5RJCMl-sWMw5MPmNN1Ry7YtoBH9pvgkPMx36-I-0YPc7vIA1avsI_xlTd/s800/obentou_yasai.png,708,503,2012-11-12,■,女性に好まれそうな、野菜が盛りだくさんのサラダ弁当のイラストです。,https://www.irasutoya.com/2012/11/blog-post_3160.html,■,女性に好まれそうな、野菜が盛りだくさんのサラダ弁当のイラストです。,https://www.irasutoya.com/2012/11/blog-post_3160.html,1,お弁当
1061,irasutoya,https://blogger.googleusercontent.com/img/b/R29vZ2xl/AVvXsEgTX79YqJRqQoI2tUZLRzdS5MxjhVQJnwRKzvi1MA4N6nbaJ5xPcvV9DRBlIehIuOup7XcTrUUlvpcyv7TQil1_AZvuUVdYE0HjlqacDOBmY9hDDTbKzQNdIFu3jbAMP0I3xhhCYsvXcmXw/s800/school_text_bunkasai.png,399,800,2012-11-12,文化祭の看板のイラスト 縦,花飾りに囲まれた、横向きと縦向きの「文化祭」と書かれた看板のイラストです。,https://www.irasutoya.com/2012/11/blog-post_5164.html,文化祭の看板のイラスト 縦,花飾りに囲まれた、横向きと縦向きの「文化祭」と書かれた看板のイラストです。,https://www.irasutoya.com/2012/11/blog-post_5164.html,1,学校|文化祭|文字
1060,irasutoya,https://blogger.googleusercontent.com/img/b/R29vZ2xl/AVvXsEilRktm8cR07L5JpvFIsWMQUuZogWICmRiJLbgF3fpNI_1eoVb4NG-OTtK1iaX4mZ_QJVum_2LDTmhhMYI9oAvnoQn4DtKSo5ExIBJnWANxA0GnN2M0otBLQrtpm92yu-u4N7xx5i7YlRho/s800/school_text_bunkasai2.png,800,398,2012-11-12,文化祭の看板のイラスト 横,花飾りに囲まれた、横向きと縦向きの「文化祭」と書かれた看板のイラストです。,https://www.irasutoya.com/2012/11/blog-post_5164.html,文化祭の看板のイラスト 横,花飾りに囲まれた、横向きと縦向きの「文化祭」と書かれた看板のイラストです。,https://www.irasutoya.com/2012/11/blog-post_5164.html,1,学校|文化祭|文字
1059,irasutoya,https://blogger.googleusercontent.com/img/b/R29vZ2xl/AVvXsEhZIdQFsRKok8bhB7EuFDwjwkeHG91pyWvGrv2NiJgUcTE9LZS6tKv6-RyutMqI0Dk7sfxyV6BjWcmHVCwzDQ6oo5h-E51PYHbe3Y3Gkvy4iN2-sli358WXhiIB2I-FqV1M_1CIpJb6jEY/s800/medicine_bin.png,343,518,2012-11-12,薬のイラスト「薬ビン」,薬ビンに入った、お薬のイラストです。,https://www.irasutoya.com/2012/11/blog-post_4844.html,薬のイラスト「薬ビン」,薬ビンに入った、お薬のイラストです。,https://www.irasutoya.com/2012/11/blog-post_4844.html,1,リクエスト|医療機器
1058,irasutoya,https://blogger.googleusercontent.com/img/b/R29vZ2xl/AVvXsEiIgqKknJxkN3LhNXQNAhINMryeUxW8_5OSvtttIUYHEGvFuqybxgbvt2A3f3nU2leH3r1V3J07ztKjP8uaAQWQUD7Ks7HtOyyVwmnWcVRHVBSFgai1PzQZKTB3UuRefn2Asy8V55WocefF/s800/fruit_grapefruit2.png,594,612,2012-11-12,グレープフルーツ 丸ごと＆カットのイラスト（フルーツ）,丸ごとのものと、カットされたグレープフルーツのイラストです,https://www.irasutoya.com/2012/11/blog-post_12.html,グレープフルーツ 丸ごと＆カットのイラスト（フルーツ）,丸ごとのものと、カットされたグレープフルーツのイラストです,https://www.irasutoya.com/2012/11/blog-post_12.html,1,フルーツ
1065,irasutoya,https://blogger.googleusercontent.com/img/b/R29vZ2xl/AVvXsEgnZY6WAl46dr-r_p1YJjllcmYDRHkcDh3nnKP7A8z9iVeVRGZr3QFp-qd4oiEqxfDpOgVsOzgzSDRFCFNjZ8nlizObHOa1oa5dVgTPGihdKBi7f4c_bEz8uWzdExoBlheGvPjscqtyhwVp/s800/obentou_woman.png,668,495,2012-11-11,■,女性用の赤い箸のイラストです。,https://www.irasutoya.com/2012/11/blog-post_4662.html,■,女性用の赤い箸のイラストです。,https://www.irasutoya.com/2012/11/blog-post_4662.html,1,お弁当|食器
1064,irasutoya,https://blogger.googleusercontent.com/img/b/R29vZ2xl/AVvXsEgsgA9zgvnBuXon6FyppooBmtYg54l0yiYEbRt9bcX-M7OhJf1wqxVmbIvb4IXOcMearI5CCSyxk2R8g5iFWTZN53V9RZaBXtFa7fgrRiAHvDrKsfgsbIqprAYjvsVNx_dvpwmYI4Nh5fk/s800/medicine_nurigusuri1.png,571,432,2012-11-11,薬のイラスト「塗り薬」,白い入れ物に入った、塗り薬のイラストです。,https://www.irasutoya.com/2012/11/blog-post_6630.html,薬のイラスト「塗り薬」,白い入れ物に入った、塗り薬のイラストです。,https://www.irasutoya.com/2012/11/blog-post_6630.html,1,リクエスト|医療機器
1063,irasutoya,https://blogger.googleusercontent.com/img/b/R29vZ2xl/AVvXsEiuLpF3WAnTeUohfSoVC6YmUZhkaKSTuReSLfC9X6feXUgtZBak8tEa3EkRSZAwhUPHOojA6pPd81QpeRFpRG7wyAtM4ffwW-icnyimUpnDLb-3A7q21xFN09Oa3sucfX6gaAGU8jQ8WOS0/s800/fruit_grapefruit.png,548,524,2012-11-11,フルーツのイラスト「グレープフルーツ」,丸ごとのグレープフルーツのイラストです。,https://www.irasutoya.com/2012/11/blog-post_11.html,フルーツのイラスト「グレープフルーツ」,丸ごとのグレープフルーツのイラストです。,https://www.irasutoya.com/2012/11/blog-post_11.html,1,フルーツ
1068,irasutoya,https://blogger.googleusercontent.com/img/b/R29vZ2xl/AVvXsEhVOhkW2chCV3Wc9LilbYM7sFdvZ7fCIcvRkRVUvxHXxRrMqkl5WCnLiCP4w2dwKvWo7W4-Fc4_cxwFm5xwTno-cWhPDwDeOK0aBMU_nUPC2VyJUZNVsno5y_aVFau1HmkXYPt6_DOnOk-i/s800/obentou_kinchaku_fukuro.png,534,491,2012-11-10,■,お弁当を入れる為の、かわいいお弁当袋のイラストです。,https://www.irasutoya.com/2012/11/blog-post_2803.html,■,お弁当を入れる為の、かわいいお弁当袋のイラストです。,https://www.irasutoya.com/2012/11/blog-post_2803.html,1,お弁当
1067,irasutoya,https://blogger.googleusercontent.com/img/b/R29vZ2xl/AVvXsEgiQ4_tctRxnIEBFv9ts-QNOcENmlviMrFldNYvg72tNYHyh5r5x5xyGGB9Y_J7-08ZXUXNIIHR5CqqPfNOfLOBGlg73iec-gZSMTugfoJKZH9s1jMQsDdPB_2E1TUPJtTPG8RK1Wga-3A/s800/medicine_konagusuri.png,432,430,2012-11-10,薬のイラスト「粉薬」,半透明の袋に入った、粉薬のイラストです。,https://www.irasutoya.com/2012/11/blog-post_4240.html,薬のイラスト「粉薬」,半透明の袋に入った、粉薬のイラストです。,https://www.irasutoya.com/2012/11/blog-post_4240.html,1,リクエスト|医療機器
1066,irasutoya,https://blogger.googleusercontent.com/img/b/R29vZ2xl/AVvXsEjb2jjkxJKabArJ_HUCdJBcK303BB_z5PoDW1_CjDi_ebH6NCAbcUQzYCAFPfwaNFGphnZ-CEpn9mKmCrftpoU0WhsDNXcrqJKIcPUEY1Sm909vZ0wtDqT7bIP_Wro3QkKWNXRob06cMQqd/s800/fruit_grape.png,468,590,2012-11-10,ぶどう・グレープのイラスト（フルーツ）,紫色のつぶつぶが光る、ぶどうのイラストです。,https://www.irasutoya.com/2012/11/blog-post_10.html,ぶどう・グレープのイラスト（フルーツ）,紫色のつぶつぶが光る、ぶどうのイラストです。,https://www.irasutoya.com/2012/11/blog-post_10.html,1,フルーツ
1071,irasutoya,https://blogger.googleusercontent.com/img/b/R29vZ2xl/AVvXsEhRYGYdZLkX2w7StHSRDMerOcYAtf8Ar3Zg1eSXGqoU61_JpTRqfMn2o1IMHpay15sYuFm4XWB3NgEoBFqgjmuFixY851edsTwam3xhjcElajO0Hp13l4oHyGlaF_PVHGVH8wEx28-dTJba/s800/obentou_karaage.png,624,572,2012-11-09,■,ふりかけご飯と、唐揚げが入ったお弁当のイラストです。,https://www.irasutoya.com/2012/11/blog-post_2612.html,■,ふりかけご飯と、唐揚げが入ったお弁当のイラストです。,https://www.irasutoya.com/2012/11/blog-post_2612.html,1,お弁当
1070,irasutoya,https://blogger.googleusercontent.com/img/b/R29vZ2xl/AVvXsEiFiHDFTIVTg5mC6dYJqyGR9drAvT4D4eqV2Y_gMNxgtWzvX5QLlKzUTECGrhtzF8X-aFudA_A9So-KkU4-zyorgGik06Ix0k0q2e0BBt_mEO9pKABDvwp83_YN6Y5Qhw15v3ycoAJciDs/s800/medicine_jozai_set.png,411,604,2012-11-09,薬のイラスト「錠剤・セット」,白い錠剤のセットのイラストです。,https://www.irasutoya.com/2012/11/blog-post_9953.html,薬のイラスト「錠剤・セット」,白い錠剤のセットのイラストです。,https://www.irasutoya.com/2012/11/blog-post_9953.html,1,リクエスト|医療機器
1069,irasutoya,https://blogger.googleusercontent.com/img/b/R29vZ2xl/AVvXsEijwVYZD1nWoIwewzr-RAxsl8JX3OpFmKpz-kgh775fPg9QDY5ZDRONDb5jNwHJSfQqz1HIMUpD9HwERut5fObp0bYdGGu-7DCyWfdeqb1T37rq_xZdi173HAjyUD1czqXrrOPc3C90CsQ1/s800/fruit_cut_orange.png,500,456,2012-11-09,カットみかん・オレンジのイラスト（フルーツ）,半分に切ったみかん（オレンジ）のイラストです。,https://www.irasutoya.com/2012/11/blog-post_9.html,カットみかん・オレンジのイラスト（フルーツ）,半分に切ったみかん（オレンジ）のイラストです。,https://www.irasutoya.com/2012/11/blog-post_9.html,1,フルーツ
1074,irasutoya,https://blogger.googleusercontent.com/img/b/R29vZ2xl/AVvXsEiG2yCzvgu8d8y-xz7FF0BafrSOn2yrvLKEx6MiMHZcG-aVGyfTosv_C1K8eMT1j_uCEd5J0MiEs2yGLYwCjuTTJR5EG24VqY7EFT_3Vcdnamn4U0PpAe0vmPMoIy7Lcgy0VVz5nDWTTC_j/s800/fruit_durian.png,517,620,2012-11-08,ドリアンのイラスト（フルーツ）,臭くて有名なフルーツ、ドリアンのイラストです。,https://www.irasutoya.com/2012/11/blog-post_8.html,ドリアンのイラスト（フルーツ）,臭くて有名なフルーツ、ドリアンのイラストです。,https://www.irasutoya.com/2012/11/blog-post_8.html,1,フルーツ
1073,irasutoya,https://blogger.googleusercontent.com/img/b/R29vZ2xl/AVvXsEie6TR-aq90e00IBvvx5gKgms0LSMVDLNdJW664350Ozd68HgGjTUTB1yZvDFFa8hvIy6eVtNK1E5HL4HAMMpgNl9PqI-7HGnwd_QMmNJK8WTBzLJFX4XfZ0RHVd99zXZyYvQ3ZKJLUSYQJ/s800/obentou_hinomaru.png,720,590,2012-11-08,■,梅干しがご飯の真ん中に入った、日の丸弁当のイラストです。,https://www.irasutoya.com/2012/11/blog-post_1819.html,■,梅干しがご飯の真ん中に入った、日の丸弁当のイラストです。,https://www.irasutoya.com/2012/11/blog-post_1819.html,1,お弁当
1072,irasutoya,https://blogger.googleusercontent.com/img/b/R29vZ2xl/AVvXsEgaT98LWU1TwYI6uxP55AG6o3hvV1Y7sSQuONyO-pWvOIvWB8Kev3xfgvx_wPu7wnOm1XhzWYZToor7ItQ7_d8H6NqEDYHozmYUvYrvsNL4F9UVygCt5tA_qVuA-G7jYnoEVMxVQ3ghetU/s800/medicine_jozai.png,362,246,2012-11-08,薬のイラスト「錠剤」,白い薬の錠剤のイラストです。,https://www.irasutoya.com/2012/11/blog-post_444.html,薬のイラスト「錠剤」,白い薬の錠剤のイラストです。,https://www.irasutoya.com/2012/11/blog-post_444.html,1,リクエスト|医療機器
1078,irasutoya,https://blogger.googleusercontent.com/img/b/R29vZ2xl/AVvXsEiSPAhTELF1WfH0hZHbqonj6ByUtV1uyQYX5bi50KdL01fHqD8uqDBeeoCgS0_3D93NOydZAWFfb_Ff-4XXIDzPqVVTnRLNS8OWbeAxWxFwQKyJHt76DNglQNEl5LREzqyQOdURiD9tgrOA/s800/obentou_hamburg.png,615,599,2012-11-07,■,銀色の男らしいお弁当箱に入った、ハンバーグ弁当のイラストです。,https://www.irasutoya.com/2012/11/blog-post_6820.html,■,銀色の男らしいお弁当箱に入った、ハンバーグ弁当のイラストです。,https://www.irasutoya.com/2012/11/blog-post_6820.html,1,お弁当
1077,irasutoya,https://blogger.googleusercontent.com/img/b/R29vZ2xl/AVvXsEi7MKwEkl1px1pO8KG1UJaopskZbdtcMagtPaDOIa24NyA_9Pwl07NpssXngCTEpU7RmdSj1XLDcN5bWw0xIpqOjYHFyMY9DC8IymKtW5l9apv6MiwnZNUwMmqODAqUi7w8GPPV8vajhIKH/s800/fruit_cut_grapefruit.png,512,468,2012-11-07,カットグレープフルーツのイラスト（フルーツ）,半分に切ったグレープフルーツのイラストです。,https://www.irasutoya.com/2012/11/blog-post_7.html,カットグレープフルーツのイラスト（フルーツ）,半分に切ったグレープフルーツのイラストです。,https://www.irasutoya.com/2012/11/blog-post_7.html,1,フルーツ
1076,irasutoya,https://blogger.googleusercontent.com/img/b/R29vZ2xl/AVvXsEjLIav-nDbbxAEYQPoiLbBlcpfGgCgOQ77Wi-6Hdl7XkGkuwtMO3-4ub14hO7d-skFYUj5Bodh5p_FyCuKuIwdMbnqqIsMPIEoZFFSLbBwE4M9qQms4QgSfr_fS9TUQNz7w9330RA0vh94/s800/joyanokane.png,800,621,2012-11-07,除夜の鐘のイラスト,お寺の鐘、除夜の鐘のイラストです。,https://www.irasutoya.com/2012/11/blog-post_5687.html,除夜の鐘のイラスト,お寺の鐘、除夜の鐘のイラストです。,https://www.irasutoya.com/2012/11/blog-post_5687.html,1,冬|大晦日
1075,irasutoya,https://blogger.googleusercontent.com/img/b/R29vZ2xl/AVvXsEgoYf3SLeanYqG04ygV_Tk6KKc2usEo-ZGLcv-x0sANfkcw9criY1XmnF837FWZakMi3GGblWl0uLsCpM0fQU_Y-PZ4Xhc4puKX-bTan-kjUPe-duSK7TosjpWeGPUH-Si1A2ObP42OpFk/s800/medicine_tsubu.png,396,591,2012-11-07,薬のイラスト「粒状の薬・セット」,緑色の粒上の薬が入った、薬のセットのイラストです。,https://www.irasutoya.com/2012/11/blog-post_2619.html,薬のイラスト「粒状の薬・セット」,緑色の粒上の薬が入った、薬のセットのイラストです。,https://www.irasutoya.com/2012/11/blog-post_2619.html,1,リクエスト|医療機器
1081,irasutoya,https://blogger.googleusercontent.com/img/b/R29vZ2xl/AVvXsEiTxSgKGOIjLCBLPa3iqVsQVkQHfd2qExeXW0ZqXxf2FzbCBivOUyiwofsf8OdaWp3V4HQ2qJlJzZwK6D9VolICkjf_hRYmklYwbb9o3WTGvgXCpEEwTkJc2DCxG9f1kx1zxi7ZG6ha_hc/s800/medicine_nurigusuri2.png,392,464,2012-11-06,薬のイラスト「塗り薬・チューブ」,塗り薬の入ったチューブのイラストです。,https://www.irasutoya.com/2012/11/blog-post_9595.html,薬のイラスト「塗り薬・チューブ」,塗り薬の入ったチューブのイラストです。,https://www.irasutoya.com/2012/11/blog-post_9595.html,1,リクエスト|医療機器
1080,irasutoya,https://blogger.googleusercontent.com/img/b/R29vZ2xl/AVvXsEiqEbBhID-xX67o7-_0fMzXnwaG0DtL62vYBIXr6HAnFixJAk2TN6rc1QSPT8HA-KHrcynsmZN4NNWI22VdCrz1jcy1Q62SCHuW1EruqEPd-QBqqhVhDmug33O6WoQ6Jh8DJoDAe9l5ry3Y/s800/obentou_bentobako.png,671,545,2012-11-06,■,茶色いバンドがされた黄色いお弁当箱のイラストです。,https://www.irasutoya.com/2012/11/blog-post_2949.html,■,茶色いバンドがされた黄色いお弁当箱のイラストです。,https://www.irasutoya.com/2012/11/blog-post_2949.html,1,お弁当
1079,irasutoya,https://blogger.googleusercontent.com/img/b/R29vZ2xl/AVvXsEgFg-JvWQpQPu4pT-fkzOm7K7yzZ9JZXJUcmVI1EJ3jAV3MwWKvAF8GtTwpsG1crYBt82BNikqPoTvgBahE59MPbvJIxuT8rJZXgVFIL1V-Mu2ABWtib3GhvIgDn5BYZ75dC9mmsOIszJU/s800/joyanokane_yuki.png,796,779,2012-11-06,除夜の鐘のイラスト「雪の夜」,雪が降る夜の背景と、除夜の鐘のイラストです。,https://www.irasutoya.com/2012/11/blog-post_2344.html,除夜の鐘のイラスト「雪の夜」,雪が降る夜の背景と、除夜の鐘のイラストです。,https://www.irasutoya.com/2012/11/blog-post_2344.html,1,冬|大晦日
988,irasutoya,https://blogger.googleusercontent.com/img/b/R29vZ2xl/AVvXsEjPnJeVFfDEUh7NowLv4_yT57_VnhQvM4zECVxWdcslhuUoGjV2GGJSBisrIe6OTlj0kL0zxERIamJ0Gi0LI07xeELfWzSz_IVT-wWVrvlJT8LYbouFGoaQRoYG4hstUmPxYn5cE0eM6-F4/s800/fruit_cherry.png,456,546,2012-11-06,さくらんぼ・チェリーのイラスト（フルーツ）,ピカピカに光った、さくらんぼのイラストです。,https://www.irasutoya.com/2012/11/blog-post_6.html,さくらんぼ・チェリーのイラスト（フルーツ）,ピカピカに光った、さくらんぼのイラストです。,https://www.irasutoya.com/2012/11/blog-post_6.html,1,フルーツ
994,irasutoya,https://blogger.googleusercontent.com/img/b/R29vZ2xl/AVvXsEj_myjFEDCoK75l-4pkKT2ygsfkZcPzqQwhcEfrUY6-6YiXqfHSjFrznTvpxhRD5vBLKjxEBIXGK8A3vP1QJSN3mUq44fOfA16Bjs_8QPRoBbHnBx5AyYlMSUpegujl8b7FGPru1P1JEkDQ/s800/fork.png,635,522,2012-11-05,お弁当のイラスト「フォーク」,お弁当で使うような、丸っこいかわいいフォークのイラストです。,https://www.irasutoya.com/2012/11/blog-post_4701.html,お弁当のイラスト「フォーク」,お弁当で使うような、丸っこいかわいいフォークのイラストです。,https://www.irasutoya.com/2012/11/blog-post_4701.html,1,お弁当|食器
993,irasutoya,https://blogger.googleusercontent.com/img/b/R29vZ2xl/AVvXsEhrLYLo1x5RTF-HFkfCOcCKQ-2lep_LM64kukAE2LVk47WnJrwDSH4MOBofB2TDxNiG-Msl-7jI6XTqJyFzl0Pr14KbPif-9_H8SriNuVzLVGbXxNUryyias0TOHrfZm7yzbytgkk7ZkL_9/s800/obentou__03.png,709,578,2012-11-05,お弁当のイラスト「キャラ弁」,猫のキャラクターがデザインされたキャラ弁のイラストです。,https://www.irasutoya.com/2012/11/blog-post_7073.html,お弁当のイラスト「キャラ弁」,猫のキャラクターがデザインされたキャラ弁のイラストです。,https://www.irasutoya.com/2012/11/blog-post_7073.html,1,お弁当|猫
992,irasutoya,https://blogger.googleusercontent.com/img/b/R29vZ2xl/AVvXsEjWVtrLW1tlTRhCzfT9yNO-SS3hgWP9SFsH-D6apFpJS6zOSAYxAehN53hXMF1ES-DaY8ONX8eYzlxnDEtKtnMyjJKPEHpqgHW35u08zIem0i-W8qAPz8Hg7qKrWbnjsymplCBX4hSGg9A/s800/taisou_yuka.png,613,800,2012-11-05,体操競技のイラスト「床運動」,体操選手が床運動（ロンダート）をしているイラストです。,https://www.irasutoya.com/2012/11/blog-post_3624.html,体操競技のイラスト「床運動」,体操選手が床運動（ロンダート）をしているイラストです。,https://www.irasutoya.com/2012/11/blog-post_3624.html,1,オリンピック|スポーツ|リクエスト
991,irasutoya,https://blogger.googleusercontent.com/img/b/R29vZ2xl/AVvXsEgbQhOWyD7PDRwCzBigqbFgHb-hQBUdJTJhGc7P2W-5Akkt3xj43xMcR7zaf4Ea6JIJcEva87CWf7dIHEeJ6sfKhPYTwSQdC-TME2XImo-KjzygL7Lca6wfRlDfZ4uwqicY4pXmlgXDAds/s800/toshikoshisoba_kake.png,791,763,2012-11-05,年越しそばのイラスト,海老天とかまぼこが乗った、温かいお蕎麦のイラストです。天ぷら蕎麦とかけそばがあります。,https://www.irasutoya.com/2012/11/blog-post_2179.html,年越しそばのイラスト,海老天とかまぼこが乗った、温かいお蕎麦のイラストです。天ぷら蕎麦とかけそばがあります。,https://www.irasutoya.com/2012/11/blog-post_2179.html,1,大晦日|食べ物
990,irasutoya,https://blogger.googleusercontent.com/img/b/R29vZ2xl/AVvXsEg36fzD0_RR8LPUE_GHrHtLtjz4cVTbCpo7unuH-A_JzDfRhYx2ZZJbIt8F6vzyLVXsFd4pzbLrU7CcWcl4NAQ_ELNdntJsgP6UQegXny23KTC_edq83_BaK5hLoy7rcHQyxxobie6q7T4/s800/toshikoshisoba.png,552,560,2012-11-05,年越しそばのイラスト「海老の天ぷらそば」,海老天とかまぼこが乗った、温かいお蕎麦のイラストです。天ぷら蕎麦とかけそばがあります。,https://www.irasutoya.com/2012/11/blog-post_2179.html,年越しそばのイラスト「海老の天ぷらそば」,海老天とかまぼこが乗った、温かいお蕎麦のイラストです。天ぷら蕎麦とかけそばがあります。,https://www.irasutoya.com/2012/11/blog-post_2179.html,1,大晦日|食べ物
989,irasutoya,https://blogger.googleusercontent.com/img/b/R29vZ2xl/AVvXsEjDTy81qEYQ7MLvImTaqiWn_8Wu16qPSIVeJP0Aae64gv07aXn1vB7bYczEbPjMqj-CEgAe9DMTD4KkQ2kq83y1tYUcJF3RbF7LJAe0qZLRVwd667uFMHukkjcEC1rzWheoOtGI1eqhCywi/s800/fruit_banana.png,504,520,2012-11-05,バナナのイラスト（フルーツ）,房になったバナナのイラストです。,https://www.irasutoya.com/2012/11/blog-post_5.html,バナナのイラスト（フルーツ）,房になったバナナのイラストです。,https://www.irasutoya.com/2012/11/blog-post_5.html,1,フルーツ
997,irasutoya,https://blogger.googleusercontent.com/img/b/R29vZ2xl/AVvXsEjm8hJMdVX1xsZwbPnQ9AMo9GgzrP-k0pMz-Q9wVjlM3uLJkKr7fJz7too-lOpndDgtzpv-YxxWyOh8mrzzJonhWzZPBjF5EhvY91IbXWUNHKgJSMupK5WJAfFuCdPmk9ecK-32GLtp5E8/s800/taisou_tsuriwa.png,645,693,2012-11-04,体操競技のイラスト「吊り輪」,体操選手とつり輪のイラストです。,https://www.irasutoya.com/2012/11/blog-post_2840.html,体操競技のイラスト「吊り輪」,体操選手とつり輪のイラストです。,https://www.irasutoya.com/2012/11/blog-post_2840.html,1,オリンピック|スポーツ|リクエスト
996,irasutoya,https://blogger.googleusercontent.com/img/b/R29vZ2xl/AVvXsEgxVn66lWk9PnvJnSwvD0oJkrZTI83qMfDas1znveEH2t5dFj0CjlFLOVi5IQYxqWbdsMVK_oTLK6WKxpRobksvWVO79EoR9279a-8sWko8B9JDx19YU7RMWw6CgMII-0GhTlIIf2ckfqs/s800/oomisoka_title.png,800,470,2012-11-04,大晦日のイラスト「タイトル文字」,「大晦日」と書かれた、イラスト文字です。,https://www.irasutoya.com/2012/11/blog-post_9378.html,大晦日のイラスト「タイトル文字」,「大晦日」と書かれた、イラスト文字です。,https://www.irasutoya.com/2012/11/blog-post_9378.html,1,冬|大晦日
995,irasutoya,https://blogger.googleusercontent.com/img/b/R29vZ2xl/AVvXsEgoKZ3Ij4CTbPpLLOtOkiga04gbT7adXrRRoLLr0gke57V4pHUneaIQ2rSmZLoNPGbSvhnl8IIZ3SyDGUL2EGl3Slt4QxaP4AQS5IcbTrSIq9JrMMFH2UsXa9zvGCQEtRtAMtpA6DJnFiuJ/s800/fruit_avocado.png,546,462,2012-11-04,アボカドのイラスト（フルーツ）,森のバターともいわれるアボカドのイラストです。野菜かな？と思ったのですが、一応フルーツのようです。,https://www.irasutoya.com/2012/11/blog-post_4.html,アボカドのイラスト（フルーツ）,森のバターともいわれるアボカドのイラストです。野菜かな？と思ったのですが、一応フルーツのようです。,https://www.irasutoya.com/2012/11/blog-post_4.html,1,フルーツ|野菜
1000,irasutoya,https://blogger.googleusercontent.com/img/b/R29vZ2xl/AVvXsEhv71PYJ1IvFxgvEd4PAe50ak2dahudmgpKoRZvBFshqz9UjzzuohhIJTBue8wVVJtxycGPxBwMBYCPjY-PdCmsQqxTdWC2vVq-bCMnykoiSKYUXFtQAxvYEJ4lChVXam5kJ20Ivy1Upsk/s800/joyanokane_obousan.png,710,800,2012-11-03,除夜の鐘のイラスト「お坊さんと鐘」,除夜の鐘と、かわいいお坊さんのイラストです。,https://www.irasutoya.com/2012/11/blog-post_582.html,除夜の鐘のイラスト「お坊さんと鐘」,除夜の鐘と、かわいいお坊さんのイラストです。,https://www.irasutoya.com/2012/11/blog-post_582.html,1,冬|大晦日
999,irasutoya,https://blogger.googleusercontent.com/img/b/R29vZ2xl/AVvXsEiy9z-nP3Dp1PaFfFv3QcsL-zGwhbeUdjSxFZO8Sn4T3SzKYerZk3H3XoJY6nXOSw7couNlhAp6znPIjDXfyOR_QhasU2g-FQl2gwX6XuALV_2tll2bwbfPbZFEVu6OI71LjAiFGofrov0/s800/taisou_tetsubou.png,479,800,2012-11-03,体操競技のイラスト「鉄棒」,体操選手が鉄棒をやっているイラストです。,https://www.irasutoya.com/2012/11/blog-post_3.html,体操競技のイラスト「鉄棒」,体操選手が鉄棒をやっているイラストです。,https://www.irasutoya.com/2012/11/blog-post_3.html,1,オリンピック|スポーツ|リクエスト
998,irasutoya,https://blogger.googleusercontent.com/img/b/R29vZ2xl/AVvXsEiReo-clW-ie2iyVfoqgamuJqB2FMZt6SDeVg0Eiy9gRIJn7LZjQGdhQt5LgVsuczLIwcTwRVxufw4DIjZ3hNOAU9nGHDfD1RGc4E-SxwBEo3IdqSX2P0trhhbT2cvTjOkh_7zwqiXRh0ec/s800/fruit_apple.png,526,550,2012-11-03,りんごのイラスト（フルーツ）,真っ赤なリンゴのイラストです。,https://www.irasutoya.com/2012/11/blog-post.html,りんごのイラスト（フルーツ）,真っ赤なリンゴのイラストです。,https://www.irasutoya.com/2012/11/blog-post.html,1,フルーツ
1003,irasutoya,https://blogger.googleusercontent.com/img/b/R29vZ2xl/AVvXsEiISM51qXia6w90fDKU-Tg-HAPca54S8Rua9bLyH3td7jUiGVe5eSbyHhQTImKiJk_8hFqVGGVdVHzNXYdn_nNw9syq2SBZujBrnFHmkJm3Hza4_Kn6_11megMDrB43VqS2kRmOUxO9bkI/s800/kotatsu_animal.png,703,538,2012-11-02,年末のイラスト「クマと猫とコタツ」,コタツに入ってのんびりしている、クマと猫のイラストです。,https://www.irasutoya.com/2012/11/blog-post_6680.html,年末のイラスト「クマと猫とコタツ」,コタツに入ってのんびりしている、クマと猫のイラストです。,https://www.irasutoya.com/2012/11/blog-post_6680.html,1,冬|動物キャラ|年の瀬|忘年会|猫
1002,irasutoya,https://blogger.googleusercontent.com/img/b/R29vZ2xl/AVvXsEgC1nuTdYkg_4oMIRD6XjG6JwTdMl94dS-oxyTX9BEkDU36YvLHzZ_RO4NQmU68WJARV4Psm1wJFHjs8-lbgKnvVZSSxZEWC6Y0EiDrUXLUGUqkhwCtu82qov4FzW9b-NyRRH2BLHHump8/s800/taisou_heikoubou.png,800,788,2012-11-02,体操競技のイラスト「平行棒」,体操選手が平行棒を回っているイラストです。,https://www.irasutoya.com/2012/11/blog-post_1543.html,体操競技のイラスト「平行棒」,体操選手が平行棒を回っているイラストです。,https://www.irasutoya.com/2012/11/blog-post_1543.html,1,オリンピック|スポーツ|リクエスト
1001,irasutoya,https://blogger.googleusercontent.com/img/b/R29vZ2xl/AVvXsEiUAHHO-82PblvkcqXh8Ke2OhFz-KyTUC-n0x5w7BH8FDpRZkL5Hg3IGPTOMZMyGbnEUpzynlEq45m6kquPaUjYpLWS9GmLK2wRGSwIJ9FpdHiCjNBozAcmE9e1reyt0KADHFLmS5DOPYg/s800/shizensaigai_typhoon.png,798,601,2012-11-02,台風のイラスト（自然災害）,暴風雨で建物や木が揺れている、台風のイラストです。,https://www.irasutoya.com/2012/11/blog-post_2.html,台風のイラスト（自然災害）,暴風雨で建物や木が揺れている、台風のイラストです。,https://www.irasutoya.com/2012/11/blog-post_2.html,1,災害
1006,irasutoya,https://blogger.googleusercontent.com/img/b/R29vZ2xl/AVvXsEgwyEtKSk2qZijZIR5__qNCtc-_NaTev74MAmkRbJSLRPmMY1PBsJCr3uLdtHJEwIrcKbzjstu1XrdaFH8nuVYgY4dj5r1LhACstTHvt2PkgKo7RfYWM95WwggSVHIwICo8JRcsWYwbIRM/s800/taisou_chouba.png,462,800,2012-11-01,体操競技のイラスト「跳馬」,体操選手が跳馬をしているイラストです。,https://www.irasutoya.com/2012/11/blog-post_7404.html,体操競技のイラスト「跳馬」,体操選手が跳馬をしているイラストです。,https://www.irasutoya.com/2012/11/blog-post_7404.html,1,オリンピック|スポーツ|リクエスト
1005,irasutoya,https://blogger.googleusercontent.com/img/b/R29vZ2xl/AVvXsEhtaZhoOV3S4Y_biS94VsaKLEPUndTCxlUI7C6l2poKQcWDqemp4VmpKGacv2UYeKqWCc5JrKc73lQtPRJ1LcZWrTh1Ab7JzUPNpx2I0IzMwQWhUU52lbEfffGhedY3gQA8PPc94EWLr9U/s800/shizensaigai_kaminari.png,642,520,2012-11-01,雷・雷雲のイラスト（自然災害）,雷雲と、光る雷のイラストです。,https://www.irasutoya.com/2012/11/blog-post_1.html,雷・雷雲のイラスト（自然災害）,雷雲と、光る雷のイラストです。,https://www.irasutoya.com/2012/11/blog-post_1.html,1,天気|災害
1004,irasutoya,https://blogger.googleusercontent.com/img/b/R29vZ2xl/AVvXsEiMlAFuPuywPkudwjeOl9X9YhH_6B5WaRiyUecxLR7yfDokmAJuBbvugPfTlZDukrKsbrn7woUwjoYQ5mtETa4DvvQduG4jgHuS2LcOW8dr9F-zQkPSdAZbfAlXSgOxWD_0i4fAzjTFwM0U/s800/bounenkai.png,800,564,2012-11-01,忘年会のイラスト「飲み会・鍋」,鍋を囲んで忘年会（飲み会）をしている、男女のイラストです。学生の仲良し友達か、合コンっぽい感じです。,https://www.irasutoya.com/2012/11/blog-post_583.html,忘年会のイラスト「飲み会・鍋」,鍋を囲んで忘年会（飲み会）をしている、男女のイラストです。学生の仲良し友達か、合コンっぽい感じです。,https://www.irasutoya.com/2012/11/blog-post_583.html,1,パーティ|冬|年の瀬|忘年会
1010,irasutoya,https://blogger.googleusercontent.com/img/b/R29vZ2xl/AVvXsEgw2MSOkymJrkAK3HPmuNKJrD_Yt8duc2Wdd-QnanZ4G0bib8aHPTasRONc1IDIsZCJo0J3FnJsai_CJJscPFiG507ny3yAXeker9cPT-BrhUg894bVBvDuyIGrl5P7fsNmvQEzhOTQiU8/s800/taisou_anba.png,576,800,2012-10-31,体操競技のイラスト「あん馬」,体操選手とあん馬のイラストです。,https://www.irasutoya.com/2012/10/blog-post_31.html,体操競技のイラスト「あん馬」,体操選手とあん馬のイラストです。,https://www.irasutoya.com/2012/10/blog-post_31.html,1,オリンピック|スポーツ|リクエスト
1009,irasutoya,https://blogger.googleusercontent.com/img/b/R29vZ2xl/AVvXsEhxZLud1uk85YHfqonPVfJHU0pXf11wqtwZLvyv5oroaS6nWhPIaNxFweEfrkHcawyNQImYkJHvVLIRk1qOm32Y6KOVoTO8xUaBjFg00q1y2ZHNeTNmekPXMjQLARH_v4dTz_C0bEHEhLc/s800/kotatsu_couple.png,634,643,2012-10-31,年末のイラスト「コタツのカップル」,こたつに入って年末をのんびり過ごしている、カップルのイラストです。,https://www.irasutoya.com/2012/10/blog-post_6555.html,年末のイラスト「コタツのカップル」,こたつに入って年末をのんびり過ごしている、カップルのイラストです。,https://www.irasutoya.com/2012/10/blog-post_6555.html,1,冬|年の瀬|忘年会
1008,irasutoya,https://blogger.googleusercontent.com/img/b/R29vZ2xl/AVvXsEiUZTVKFj39A3c4ya5hem3h3EPAgXbR5Id8w-jgHQ0Fo3ycgI39accgeVIgSH_dNL17hylmckm6_9RUcAdzmmzX7636kjySlPbXKiDft7PlVi-ftBNrKqbn0INJvgq4gPFKVT7qgnTN2IY/s800/oosouji_senzai.png,411,515,2012-10-31,掃除用具のイラスト「洗剤」,プラスチック容器に入った、洗剤のイラストです。,https://www.irasutoya.com/2012/10/blog-post_162.html,掃除用具のイラスト「洗剤」,プラスチック容器に入った、洗剤のイラストです。,https://www.irasutoya.com/2012/10/blog-post_162.html,1,年の瀬|掃除
1007,irasutoya,https://blogger.googleusercontent.com/img/b/R29vZ2xl/AVvXsEh6WPRTWHhnO54ixljupfHCVFZlD1KDMHKxIBRFpovXc5TD0jEhpdPSUB0EZDB5hqyxlnXFTTxREbqOwZ2d2M8fu_C6Ad5yF5fVL7ZZFrwXJJe88k4JwAsCJb4_eNpd3gaisAO8HwJ02GM/s800/shizensaigai_guerrilla_gouu.png,580,523,2012-10-31,ゲリラ豪雨のイラスト（自然災害）,大きな雲から通り雨（局地的豪雨）が降ってビルが飲み込まれている、ゲリラ豪雨のイラストです。,https://www.irasutoya.com/2012/10/blog-post_634.html,ゲリラ豪雨のイラスト（自然災害）,大きな雲から通り雨（局地的豪雨）が降ってビルが飲み込まれている、ゲリラ豪雨のイラストです。,https://www.irasutoya.com/2012/10/blog-post_634.html,1,天気|梅雨|災害
1015,irasutoya,https://blogger.googleusercontent.com/img/b/R29vZ2xl/AVvXsEiySCrF8IU4NyJib9cmP7F0jDYKF4SowSNx5qEH5VgfvPHCPIwz1ZumRqf89b2LMckzlc3mYdZswNIkEPdQGEsty9UsYER6KyN-4-HgaPjmTtweYM6YT_fQX3eN3pK_uTinmM44wKvKgME/s800/shizensaigai_resukyutai.png,548,586,2012-10-30,レスキュー隊のイラスト（自然災害）,元気いっぱい、レスキュー隊のイラストです。,https://www.irasutoya.com/2012/10/blog-post_30.html,レスキュー隊のイラスト（自然災害）,元気いっぱい、レスキュー隊のイラストです。,https://www.irasutoya.com/2012/10/blog-post_30.html,1,リクエスト|災害|職業
1014,irasutoya,https://blogger.googleusercontent.com/img/b/R29vZ2xl/AVvXsEi6dGacfN_RwYnxpKoprNXbmjYLU_EVb76zyvJQO2YRO8cfWAl4dBUkX_4qIPyBnTy1t_q23c7QlhwIuqOZmwn26xc1jz4UJnjnTc9e0N-QrSowcZ7g_9ah-COc4d2oZhyphenhyphenJZfoQo05yMi8/s800/oosouji_houki.png,554,793,2012-10-30,掃除用具のイラスト「ほうき」,床を掃くための、ほうきのイラストです。,https://www.irasutoya.com/2012/10/blog-post_7710.html,掃除用具のイラスト「ほうき」,床を掃くための、ほうきのイラストです。,https://www.irasutoya.com/2012/10/blog-post_7710.html,1,年の瀬|掃除
1013,irasutoya,https://blogger.googleusercontent.com/img/b/R29vZ2xl/AVvXsEiAehw2pRRvDBsLO8Nou59IPamKa37gAUkCc1i-ZssxhD0wl8rdKGAoUg_OzTQO9gd-zxSfdHAw5hgKuPE2dDx0JiuvBGptPxfgT0VbumGho9Plqyqu4nhSReqalOPc4cyxD-bFiB4Y1Qg/s800/bounenkai_title.png,685,409,2012-10-30,忘年会のイラスト「タイトル文字」,「忘年会」と書かれたイラスト文字です。,https://www.irasutoya.com/2012/10/blog-post_3586.html,忘年会のイラスト「タイトル文字」,「忘年会」と書かれたイラスト文字です。,https://www.irasutoya.com/2012/10/blog-post_3586.html,1,パーティ|冬|年の瀬|忘年会
1012,irasutoya,https://blogger.googleusercontent.com/img/b/R29vZ2xl/AVvXsEiu69nMmYghlM64jb_Zb2d4xB-t7f7SwxXsk2jJU7mNzJPCZCAGBL6zsGS7NzMRPkcKLrRyrtD9wuzYBhBxvlYn2rbcE7REVWYx12DE-DtQjkYCOQqZHqE9amAtuxc95JHEwLxjqfTMeRr8/s1600/nengajo_08.jpg,1006,1488,2012-10-30,年賀状のテンプレート「張り子犬」,かわいい張り子犬のイラストが描かれた、年賀状のテンプレートです。,https://www.irasutoya.com/2012/10/blog-post_3022.html,年賀状のテンプレート「張り子犬」,かわいい張り子犬のイラストが描かれた、年賀状のテンプレートです。,https://www.irasutoya.com/2012/10/blog-post_3022.html,1,お年賀状|テンプレート|犬
1011,irasutoya,https://blogger.googleusercontent.com/img/b/R29vZ2xl/AVvXsEiauzRSSRWrGU9EssVmI5ZGAIGkgaA1jocO5dsP4mgxvcDIzrV5adx6GA2lSdYkwulEpVdMk849zwTgVHhxmxcZls4CBFPBzl28aDfjoZTETWxPg3Tcra0xDrfAhiYK8skyY2u7E71hfIx5/s1600/nengajo_08_notext.jpg,1006,1488,2012-10-30,年賀状のテンプレート「張り子犬」文字なし,かわいい張り子犬のイラストが描かれた、年賀状のテンプレートです。,https://www.irasutoya.com/2012/10/blog-post_3022.html,年賀状のテンプレート「張り子犬」文字なし,かわいい張り子犬のイラストが描かれた、年賀状のテンプレートです。,https://www.irasutoya.com/2012/10/blog-post_3022.html,1,お年賀状|テンプレート|犬
1020,irasutoya,https://blogger.googleusercontent.com/img/b/R29vZ2xl/AVvXsEgK5ww7Y7uhXy5OVnwzbyYfLx7YlnUMwrCqEaZcd4rSI3GkDrbg5RkXlsuZzSN2DT_MdBQv1R2FrEQk4hWoeXERn_h7tsuJhuZ4cJx9oPb0N-V0rah3-RImMyXGV-5fVFoAFEW7R5D8jI8/s800/oosouji_dougu.png,675,718,2012-10-29,大掃除のイラスト「掃除道具」,掃除用具の、掃除機・ホウキ・雑巾・洗剤・はたきのイラストです。,https://www.irasutoya.com/2012/10/blog-post_8116.html,大掃除のイラスト「掃除道具」,掃除用具の、掃除機・ホウキ・雑巾・洗剤・はたきのイラストです。,https://www.irasutoya.com/2012/10/blog-post_8116.html,1,年の瀬|掃除
1019,irasutoya,https://blogger.googleusercontent.com/img/b/R29vZ2xl/AVvXsEiIsoiN0yB6K_AYl49DJ28FVQ5woLxArpgE8iDXa-B0Lt_aUcuQJ64MzrkWe-p1tIjLWoZtGp2CCZB5aDboHW3qRnAtDYaSQJiymSHWF5Pk0-DbVYi1a6VBKspgXAFdcRB8bJa5DQtOyxg/s800/oosouji_hataki.png,533,583,2012-10-29,掃除用具のイラスト「はたき」,ほこりをパタパタはらう、はたきのイラストです。,https://www.irasutoya.com/2012/10/blog-post_5797.html,掃除用具のイラスト「はたき」,ほこりをパタパタはらう、はたきのイラストです。,https://www.irasutoya.com/2012/10/blog-post_5797.html,1,年の瀬|掃除
1018,irasutoya,https://blogger.googleusercontent.com/img/b/R29vZ2xl/AVvXsEh2aErGE5uPOFzjhKSwejX9l3yIVfrk1YnjwT7qFMIDFM4cadFmDSTtEijM9_zqLl0oiES6-6DHZdl9GqKch6DN6i34hSBiRRATHKHWL4wfLQ5-jQdIGpTN3A1KL5QCZqbFEGsF1PpOJH-l/s1600/nengajo_07.jpg,1006,1488,2012-10-29,年賀状のテンプレート「初詣」,袴を着た男の子と、振袖を着た女の子のイラストが描かれた、年賀状のテンプレートです。,https://www.irasutoya.com/2012/10/blog-post_7202.html,年賀状のテンプレート「初詣」,袴を着た男の子と、振袖を着た女の子のイラストが描かれた、年賀状のテンプレートです。,https://www.irasutoya.com/2012/10/blog-post_7202.html,1,お年賀状|テンプレート
1017,irasutoya,https://blogger.googleusercontent.com/img/b/R29vZ2xl/AVvXsEhBTugf4eOz7J8q3LqoVGKzytJ3hyDFN2Hlsus3asla0bW9Mwh1J0Vg7KdX-He_7N7XUDBH6OdYA7ASr9sIbOLmPvYW6Z4cSQkGwfH3AZPtlZmSDeXL_yfDdBAeRav6dHMPE2PPxl6YgvGi/s1600/nengajo_07_notext.jpg,1006,1488,2012-10-29,年賀状のテンプレート「初詣」文字なし,袴を着た男の子と、振袖を着た女の子のイラストが描かれた、年賀状のテンプレートです。,https://www.irasutoya.com/2012/10/blog-post_7202.html,年賀状のテンプレート「初詣」文字なし,袴を着た男の子と、振袖を着た女の子のイラストが描かれた、年賀状のテンプレートです。,https://www.irasutoya.com/2012/10/blog-post_7202.html,1,お年賀状|テンプレート
1016,irasutoya,https://blogger.googleusercontent.com/img/b/R29vZ2xl/AVvXsEiPsSxn_ub6K6vinkyc8UXxE2LxGGY8ZKnVUmFQHzhI7jsU5XTv3p2lCLLIYB9EeaeT8ZtnNRRoWrBa_cOoRleS2PUhqsd1GWRsyOzAweBO9GeI-aWXdEXbLzsEMYM2okbeAmzVEh5E-1o/s800/shizensaigai_jiware.png,756,572,2012-10-29,地割れのイラスト（自然災害）,地面が割れて亀裂が入っている、地割れのイラストです。,https://www.irasutoya.com/2012/10/blog-post_29.html,地割れのイラスト（自然災害）,地面が割れて亀裂が入っている、地割れのイラストです。,https://www.irasutoya.com/2012/10/blog-post_29.html,1,リクエスト|災害
1024,irasutoya,https://blogger.googleusercontent.com/img/b/R29vZ2xl/AVvXsEii67jIZDK0Po3QazzKvrOyJehjrVJfslb0hMSSARUfP7lOoi27bXPkIzW9K0fIVlkQ-4r5KDNOdcHb42oGQ-tQGh03x31XavZRve4wbIdyGRetR9ozAQvANGZ5LUKNneN9bNf1okx7spQ/s800/oosouji_yukafuki.png,585,723,2012-10-28,大掃除のイラスト「床掃除」,お姉さんが、床拭きして掃除しているイラストです。,https://www.irasutoya.com/2012/10/blog-post_8733.html,大掃除のイラスト「床掃除」,お姉さんが、床拭きして掃除しているイラストです。,https://www.irasutoya.com/2012/10/blog-post_8733.html,1,年の瀬|掃除
1023,irasutoya,https://blogger.googleusercontent.com/img/b/R29vZ2xl/AVvXsEgkrI4M1mP1T6-bXl0LFYy2XDhwbroHBGky5h6D0wrzZjQTVhFHJ5FeLZwu__LbVuhkys-_-Bgpbh0J1CcBbjjX_ZhConYUqmHjp1HX0s5-Vvg2yLJtN_lTt-iI2R1WILMUJMjatkOkvNM/s800/shizensaigai_jibanchinka.png,696,560,2012-10-28,地盤沈下のイラスト（自然災害）,地面が沈んで家が傾いている、地盤沈下のイラストです。,https://www.irasutoya.com/2012/10/blog-post_28.html,地盤沈下のイラスト（自然災害）,地面が沈んで家が傾いている、地盤沈下のイラストです。,https://www.irasutoya.com/2012/10/blog-post_28.html,1,リクエスト|災害
1022,irasutoya,https://blogger.googleusercontent.com/img/b/R29vZ2xl/AVvXsEhwKyh_x9Fyhwpfp43MbciWbJprRlbAvxM2BYR9AQqvJIankOt51I69tXATJD5zoGrVQrfzTgUlQw1dkMfW4a3aJKYWJbwiIlc2uJoOAI3BNYCGwwYwx0j2IuSGi_nLC397_eB04pm4wcw/s1488/nengajo_06.jpg,1006,1488,2012-10-28,年賀状のテンプレート「初日の出」,富士山と初日の出のイラストが描かれた、年賀状のテンプレートです。,https://www.irasutoya.com/2012/10/blog-post_7681.html,年賀状のテンプレート「初日の出」,富士山と初日の出のイラストが描かれた、年賀状のテンプレートです。,https://www.irasutoya.com/2012/10/blog-post_7681.html,1,お年賀状|テンプレート
1021,irasutoya,https://blogger.googleusercontent.com/img/b/R29vZ2xl/AVvXsEiwGrxaX-YfGxxSKZU8aV1Y4a2VFPEAjEXt1-BOqWidWc8FHI5u-9h9rPSq-A6H7bObGn4oBGLEYnlA4rT6Qr2MvIqNRxpn1yiFUJIFsG-SMz_NjV8TW0sUwnAPYClmtBCx4yBmGOnU8VU/s1488/nengajo_06_notext.jpg,1006,1488,2012-10-28,年賀状のテンプレート「初日の出」文字なし,富士山と初日の出のイラストが描かれた、年賀状のテンプレートです。,https://www.irasutoya.com/2012/10/blog-post_7681.html,年賀状のテンプレート「初日の出」文字なし,富士山と初日の出のイラストが描かれた、年賀状のテンプレートです。,https://www.irasutoya.com/2012/10/blog-post_7681.html,1,お年賀状|テンプレート
1028,irasutoya,https://blogger.googleusercontent.com/img/b/R29vZ2xl/AVvXsEiktCOLhXfyPc9iUj4Kssos7QUtbOkaoj_f3rOGCSj_ITIloylAD8B4XSHI0f5ZUAWqf1pmOEaRW4-tYaRIVeOyvWMRgCqPCJQNZbogWjk0mOaCFdW16IkTEp9QdV5Umy4QMjQ3zhrbfyM/s800/shizensaigai_rescue_robot.png,726,472,2012-10-27,レスキューロボットのイラスト（自然災害）,被災地で被害者を探索する、レスキューロボットのイラストです。,https://www.irasutoya.com/2012/10/blog-post_27.html,レスキューロボットのイラスト（自然災害）,被災地で被害者を探索する、レスキューロボットのイラストです。,https://www.irasutoya.com/2012/10/blog-post_27.html,1,リクエスト|災害
1027,irasutoya,https://blogger.googleusercontent.com/img/b/R29vZ2xl/AVvXsEjsCS4Jm9slIzDLVpo3rWVMfWqPFXbPR2dquoek2kBtTYqpi1GrP1_4hYbldSAVv6wJZSM9wS9kCU-T-KlarbcxeVf32U6Sz4qUBKvqSd6GS1k1Nj899KvJ3GIUc4miefTekc0epJ1eIj0/s800/oosouji_title.png,800,488,2012-10-27,大掃除のイラスト「タイトル文字」,「大掃除」と掃除機がデザインされたイラスト文字です。,https://www.irasutoya.com/2012/10/blog-post_6058.html,大掃除のイラスト「タイトル文字」,「大掃除」と掃除機がデザインされたイラスト文字です。,https://www.irasutoya.com/2012/10/blog-post_6058.html,1,年の瀬|掃除
1026,irasutoya,https://blogger.googleusercontent.com/img/b/R29vZ2xl/AVvXsEgYRymy-QOa_JIsHeSuptyUa8qah3A3tcUyP7YJE5Oq_McFPGJS1JqXZdXaN0uzjW7Gx0TzMZwON_OnxW0Eu-87-3ZhSenZD0lJviR0LPiMmRonvXJ527j2-RjRaDrBGww99oZ5_0OfG7b1/s1600/nengajo_05.jpg,1006,1488,2012-10-27,年賀状のテンプレート「カラフル蛇フレーム」,カラフルな蛇のイラストで囲まれた、年賀状のテンプレートです。,https://www.irasutoya.com/2012/10/blog-post_3559.html,年賀状のテンプレート「カラフル蛇フレーム」,カラフルな蛇のイラストで囲まれた、年賀状のテンプレートです。,https://www.irasutoya.com/2012/10/blog-post_3559.html,1,お年賀状|テンプレート|フレーム
1025,irasutoya,https://blogger.googleusercontent.com/img/b/R29vZ2xl/AVvXsEjzwguVl6vXors17AqSoSKBN03EIHGEyQG_OnUm5EDkoJfZY2yqrfVSxcveHvzSnXdSBInjPKRrvZyNaWbnOCAZcu11_3Qc50Is-YsJEj-seBVRMZ3LvnFVRvdl0G6j3Vs3pvHjN3tFmSEK/s1600/nengajo_05_notext.jpg,1006,1488,2012-10-27,年賀状のテンプレート「カラフル蛇フレーム」文字なし,カラフルな蛇のイラストで囲まれた、年賀状のテンプレートです。,https://www.irasutoya.com/2012/10/blog-post_3559.html,年賀状のテンプレート「カラフル蛇フレーム」文字なし,カラフルな蛇のイラストで囲まれた、年賀状のテンプレートです。,https://www.irasutoya.com/2012/10/blog-post_3559.html,1,お年賀状|テンプレート|フレーム
1032,irasutoya,https://blogger.googleusercontent.com/img/b/R29vZ2xl/AVvXsEhsFIHgbPZWCEFBnKQsiKEzU6T_yAGycWdGfW5R3FiOBEnMyWZxbTf5ukepW7MKBtr8R5hTUYHvrBCFIZEBx44MNZ0zalA8ebsfb6-JueRt-bV_xIV0YVKKVXxUaix1hqjw8PAKqy9z6f0/s800/shizensaigai_funka.png,688,592,2012-10-26,火山噴火のイラスト（自然災害）,火山から溶岩が飛び出している噴火のイラストです。,https://www.irasutoya.com/2012/10/blog-post_26.html,火山噴火のイラスト（自然災害）,火山から溶岩が飛び出している噴火のイラストです。,https://www.irasutoya.com/2012/10/blog-post_26.html,1,リクエスト|災害
1031,irasutoya,https://blogger.googleusercontent.com/img/b/R29vZ2xl/AVvXsEgR7-313cpDnmbACxRk-qEicrlmuKlFscE295ioc2Pv_A4xQfJAoJygp1xUWpBAcsINhdImUGg6_EcTmwcGdDJ1khDM96rlbNyx5K5JgVOFgaW2k64n_sUN_FfCQVNmxDh5MfnCBqYVuek/s800/oosouji_gomidashi.png,733,591,2012-10-26,大掃除のイラスト「ゴミ出し」,ゴミ袋、粗大ごみ、本が捨てられているイラストです。,https://www.irasutoya.com/2012/10/blog-post_7881.html,大掃除のイラスト「ゴミ出し」,ゴミ袋、粗大ごみ、本が捨てられているイラストです。,https://www.irasutoya.com/2012/10/blog-post_7881.html,1,ゴミ|年の瀬|掃除
1030,irasutoya,https://blogger.googleusercontent.com/img/b/R29vZ2xl/AVvXsEg7JB6s8TmQ6CkpfNNnekljRZNQBOERutIB3F3PwLSeLcCOqIARukCBRJahwjsTzf8YocE0UTOAdph_Uul6MBjdfwLwC-MK-RuOjMRVNghQLDLybf5qYhWOtvvvo3fKpSRtxit-ok2oF43O/s1600/nengajo_04.jpg,1006,1488,2012-10-26,年賀状のテンプレート「白い蛇」,赤い背景に、かわいい白い蛇のイラストが描かれた、年賀状のテンプレートです。,https://www.irasutoya.com/2012/10/blog-post_277.html,年賀状のテンプレート「白い蛇」,赤い背景に、かわいい白い蛇のイラストが描かれた、年賀状のテンプレートです。,https://www.irasutoya.com/2012/10/blog-post_277.html,1,お年賀状|テンプレート
1029,irasutoya,https://blogger.googleusercontent.com/img/b/R29vZ2xl/AVvXsEgH-LdiKCCevnHubxVwZbuFRLBgQy2yM2iMYU3r5IJJR3hVx8_xrzn-J-FtZbDmjWEOQEKW7bHS9h7vN794pQglaP2hBbdwGPnarqYDel0OUeNlp9_ZtbJKOzLwdbEiqY2vhPkIOOAjCxMY/s1600/nengajo_04_notext.jpg,1006,1488,2012-10-26,年賀状のテンプレート「白い蛇」文字なし,赤い背景に、かわいい白い蛇のイラストが描かれた、年賀状のテンプレートです。,https://www.irasutoya.com/2012/10/blog-post_277.html,年賀状のテンプレート「白い蛇」文字なし,赤い背景に、かわいい白い蛇のイラストが描かれた、年賀状のテンプレートです。,https://www.irasutoya.com/2012/10/blog-post_277.html,1,お年賀状|テンプレート
955,irasutoya,https://blogger.googleusercontent.com/img/b/R29vZ2xl/AVvXsEivcPERL9lXQkxfqnrl1xhDQgPP_8RIhTBXJifv646lwsVzVBX29F9mKObyI6pFQ3Iqb9FzH8cQAy7cOvaxPKpWkhhCT6vQTrq6iOKF2hrITfacjRsIbA2gSW1yVGF0hVB1eiOz2PT7wzY/s800/oosouji_mado.png,800,739,2012-10-25,大掃除のイラスト「窓拭き」,お母さんが大きな窓を、雑巾で窓拭きしているイラストです。,https://www.irasutoya.com/2012/10/blog-post_1258.html,大掃除のイラスト「窓拭き」,お母さんが大きな窓を、雑巾で窓拭きしているイラストです。,https://www.irasutoya.com/2012/10/blog-post_1258.html,1,年の瀬|掃除
954,irasutoya,https://blogger.googleusercontent.com/img/b/R29vZ2xl/AVvXsEgSUkXVTFh6TJodc2-NdC9PQQnpNvOeK27nnqIbfVsL8y1kbZCM0s9VEtwvzOjbl6aFBWFneV4bwqhMogrKiD2u9Jzhy5C8hfD2hdTLTv__WS5Os0xFXg1RT9vV0eUTZP0pQEzDKGyPYDY/s800/shizensaigai_dosyakuzure.png,772,458,2012-10-25,土砂崩れのイラスト（自然災害）,山が崩れて土砂で家を巻き込んでいるイラストです。,https://www.irasutoya.com/2012/10/blog-post_25.html,土砂崩れのイラスト（自然災害）,山が崩れて土砂で家を巻き込んでいるイラストです。,https://www.irasutoya.com/2012/10/blog-post_25.html,1,リクエスト|災害
953,irasutoya,https://blogger.googleusercontent.com/img/b/R29vZ2xl/AVvXsEjKEmxciaUKaZ49BFW5Xbuc38gfmbLNPRXR-yJoFP9GtQF77Y3ymPFhe9R5XUrQ9QNScEMHP28poo7XYhS8nhQFsos6lEyc7RVeumu83UZLl3uZ-2pgSEXDEym1KQfbI5vIDvFikDzfRgtL/s1600/nengajo_03.jpg,1005,1488,2012-10-25,年賀状のテンプレート「蛇の家族」,カラフルでかわいい蛇の家族が描かれた、年賀状のテンプレートです。,https://www.irasutoya.com/2012/10/blog-post_6632.html,年賀状のテンプレート「蛇の家族」,カラフルでかわいい蛇の家族が描かれた、年賀状のテンプレートです。,https://www.irasutoya.com/2012/10/blog-post_6632.html,1,お年賀状|テンプレート
952,irasutoya,https://blogger.googleusercontent.com/img/b/R29vZ2xl/AVvXsEi5Yf2_hBPHyXgQgv8ZMLkj9hfoA4q27aYsUtDheJgTTCMAO9qo8ALSz16N5oP0_nVYgYXmRnMf-OeMwZwKkjuzAwxegA3HNOwe2NvGbcQsLQGty4naOxYgUcvNWKjpoUD7QirfPXQ3iC3K/s1600/nengajo_03_notext.jpg,1005,1488,2012-10-25,年賀状のテンプレート「蛇の家族」文字なし,カラフルでかわいい蛇の家族が描かれた、年賀状のテンプレートです。,https://www.irasutoya.com/2012/10/blog-post_6632.html,年賀状のテンプレート「蛇の家族」文字なし,カラフルでかわいい蛇の家族が描かれた、年賀状のテンプレートです。,https://www.irasutoya.com/2012/10/blog-post_6632.html,1,お年賀状|テンプレート
958,irasutoya,https://blogger.googleusercontent.com/img/b/R29vZ2xl/AVvXsEjT4CSYsFIafAj71y2n-VtaHHAznCqbat0IF-8hy_JD5nZMYwYDOi9gk35Fj28UDQ_xPqZUr1TWaXB1Kr4AfZa2_YuQ2JZ3C0gWl2Ap6Nmbo5Weli_Xz80ZLE7UmXAmR6LOEXKsnJl7NBA/s800/christmas_santa_sori.png,800,394,2012-10-24,クリスマスのイラスト「ソリに乗ったサンタとトナカイ」,トナカイに引っ張られ、ソリに乗ったサンタさんがプレゼントを届けているイラストです。,https://www.irasutoya.com/2012/10/blog-post_24.html,クリスマスのイラスト「ソリに乗ったサンタとトナカイ」,トナカイに引っ張られ、ソリに乗ったサンタさんがプレゼントを届けているイラストです。,https://www.irasutoya.com/2012/10/blog-post_24.html,1,クリスマス|冬|動物キャラ
957,irasutoya,https://blogger.googleusercontent.com/img/b/R29vZ2xl/AVvXsEj9LL0HXO9gTtsLg2iAm5foKPZWXZFmcm5wEqjtGrQgpPfBK9P58wWsbFC8fILrBLghM8lEiubHtSLuYf1SdNb6FZxJ8NHf9S22PXQVGLYQ251oNnWzIbGY59YduFqMTWLQ_W79eOoFxkO7/s1600/nengajo_02.jpg,1006,1488,2012-10-24,年賀状のテンプレート「緑の蛇と梅の花」,かわいい緑の蛇と、梅の花のイラストが描かれた、年賀状のテンプレートです。,https://www.irasutoya.com/2012/10/blog-post_5221.html,年賀状のテンプレート「緑の蛇と梅の花」,かわいい緑の蛇と、梅の花のイラストが描かれた、年賀状のテンプレートです。,https://www.irasutoya.com/2012/10/blog-post_5221.html,1,お年賀状|テンプレート
956,irasutoya,https://blogger.googleusercontent.com/img/b/R29vZ2xl/AVvXsEg2ZKBFa67L27OxfjRU90Wp8iZqFXuFO_KMqmd7SkT1dqsJPwfIfXB9x7_wuDV2hdNpdcZvVlC-8mH5o0mEmT0_7DAqAjVdUH7o4igdTTUw_aF2Fce62t-FcWNaGcMjqitKaAk7iDVpB1ni/s1600/nengajo_02_notext.jpg,1006,1488,2012-10-24,年賀状のテンプレート「緑の蛇と梅の花」文字なし,かわいい緑の蛇と、梅の花のイラストが描かれた、年賀状のテンプレートです。,https://www.irasutoya.com/2012/10/blog-post_5221.html,年賀状のテンプレート「緑の蛇と梅の花」文字なし,かわいい緑の蛇と、梅の花のイラストが描かれた、年賀状のテンプレートです。,https://www.irasutoya.com/2012/10/blog-post_5221.html,1,お年賀状|テンプレート
963,irasutoya,https://blogger.googleusercontent.com/img/b/R29vZ2xl/AVvXsEj7vWlAQSwuDk_Iet9hM18TKo27BU-JR9hE00m1sftj586OgAabp5MPDnxh4RQxeSY9Zs-RYVN9BgHvdcs2u6qTDgjjoFRw0ju7zLKXnWjHMR1fraFqjfQD9G-VrmnE7dBHiegFZQqqXByR/s1600/halloween_card03.jpg,1006,1488,2012-10-23,ハロウィンのグリーティングカードのテンプレート「かぼちゃフレーム」,ちいさなカボチャで囲まれた、ハロウィンのグリーティングカードのテンプレートです。,https://www.irasutoya.com/2012/10/blog-post_6666.html,ハロウィンのグリーティングカードのテンプレート「かぼちゃフレーム」,ちいさなカボチャで囲まれた、ハロウィンのグリーティングカードのテンプレートです。,https://www.irasutoya.com/2012/10/blog-post_6666.html,1,テンプレート|ハロウィン
962,irasutoya,https://blogger.googleusercontent.com/img/b/R29vZ2xl/AVvXsEg44HjG0H9PchMmu9zvcEYef26z2PC-BptGIlKCIc2FXJUBrCpfo0CNcnU89pDbzd-cH4-0zoIqB4mt4QPnNM5q_HwjZXKsCovuSHVt-FSkdwmHwjYTjh87JBRdAvgep6L7xfFV1oy1vsE/s800/christmas_socks.png,401,473,2012-10-23,クリスマスのイラスト「靴下とプレゼント」,しましまの靴下のなかにプレゼントが入ったイラストです。,https://www.irasutoya.com/2012/10/blog-post_23.html,クリスマスのイラスト「靴下とプレゼント」,しましまの靴下のなかにプレゼントが入ったイラストです。,https://www.irasutoya.com/2012/10/blog-post_23.html,1,クリスマス
961,irasutoya,https://blogger.googleusercontent.com/img/b/R29vZ2xl/AVvXsEi4ZF9s1V4HZwdjw-jff1ji-hJJVNMjSe0wpoQ5ys1kF2eI_bqcJ-LDVv3MhbDeu7pAg5BKSgCGlLxPUPheirYrPWep75J8sB3XSrQ4DMySAx0SjiEeONt59kWK0J6_RcChj2WlU2afPU_5/s1600/nengajo_01.jpg,1005,1488,2012-10-23,年賀状のテンプレート「ぐるぐる蛇」,くるくるに巻かれたかわいい蛇のイラストが描かれた、年賀状のテンプレートです。,https://www.irasutoya.com/2012/10/blog-post_3407.html,年賀状のテンプレート「ぐるぐる蛇」,くるくるに巻かれたかわいい蛇のイラストが描かれた、年賀状のテンプレートです。,https://www.irasutoya.com/2012/10/blog-post_3407.html,1,お年賀状|テンプレート
960,irasutoya,https://blogger.googleusercontent.com/img/b/R29vZ2xl/AVvXsEgzbqisZ25kOIkfU1CjCrJhDKAewEkLUx8ifNoT8Rw0ravxvbUZHQaZ0TkIVeaxzcoeH1xWZ3JFI_LvAXdOfvou6_zs2o9n5BGBoU_RMBunONUf8TDH4PXeObL3Vukm8SnRPnnpXzvWEhJy/s1600/nengajo_01_notext.jpg,1005,1488,2012-10-23,年賀状のテンプレート「ぐるぐる蛇」文字なし,くるくるに巻かれたかわいい蛇のイラストが描かれた、年賀状のテンプレートです。,https://www.irasutoya.com/2012/10/blog-post_3407.html,年賀状のテンプレート「ぐるぐる蛇」文字なし,くるくるに巻かれたかわいい蛇のイラストが描かれた、年賀状のテンプレートです。,https://www.irasutoya.com/2012/10/blog-post_3407.html,1,お年賀状|テンプレート
959,irasutoya,https://blogger.googleusercontent.com/img/b/R29vZ2xl/AVvXsEjgNeENFGvKQDrXu-Bz9kYSe3vjkDwOberkQANgEacT-JxT4ucC6VGxUht7eHfd5x9eXjpXRWJz5bTmkQ31e5Plw0lZ1lVgq_B1UV9NejAv5VxpcmQjxRcajxVX0uoBEegv4ovAziiZ_YZb/s1600/halloween_card04.jpg,1006,1488,2012-10-23,ハロウィンのグリーティングカードのテンプレート「シルエット」,お化け屋敷とカボチャのシルエットのイラストが描かれた、ハロウィンのグリーティングカードのテンプレートです。,https://www.irasutoya.com/2012/10/blog-post_5750.html,ハロウィンのグリーティングカードのテンプレート「シルエット」,お化け屋敷とカボチャのシルエットのイラストが描かれた、ハロウィンのグリーティングカードのテンプレートです。,https://www.irasutoya.com/2012/10/blog-post_5750.html,1,テンプレート|ハロウィン
967,irasutoya,https://blogger.googleusercontent.com/img/b/R29vZ2xl/AVvXsEg9iXr76vfV_IhRK25mjE_RcPU6wqjsUmMIYGQfh_AF31sz31C-Qmww3QW84FSxd6JlTbE6a76ym-OjnV7iTVm2ccxllF9B25QGMGHxeae4XH3VT9eTYel2OzueGYFCLNLpQS978fl5HNFf/s1600/christmas_card04.jpg,1093,1489,2012-10-22,クリスマスカードのテンプレート「雪だるま」,雪だるまのイラストが描かれた、クリスマスカードのテンプレートです。,https://www.irasutoya.com/2012/10/blog-post_9855.html,クリスマスカードのテンプレート「雪だるま」,雪だるまのイラストが描かれた、クリスマスカードのテンプレートです。,https://www.irasutoya.com/2012/10/blog-post_9855.html,1,クリスマス|テンプレート
966,irasutoya,https://blogger.googleusercontent.com/img/b/R29vZ2xl/AVvXsEg5p7fMIFLzf34rKo28yjYN9Ruc1Nqbgpc1KU2243i4lbUS9OzV6ySdkAqfpOiRETNnDp92us_XiL8Zu2kT3UAjVeMatQUXGp0UhUuFwXDlPlDpm-xga6ezmZ7xGKc4OOWSO7jCQyPlpnY/s800/christmas_snowman.png,578,607,2012-10-22,クリスマスのイラスト「雪だるま」,マフラーとニット帽をかぶった雪だるまのイラストです。,https://www.irasutoya.com/2012/10/blog-post_22.html,クリスマスのイラスト「雪だるま」,マフラーとニット帽をかぶった雪だるまのイラストです。,https://www.irasutoya.com/2012/10/blog-post_22.html,1,キャラクター|クリスマス|冬
965,irasutoya,https://blogger.googleusercontent.com/img/b/R29vZ2xl/AVvXsEi2W0iwVTYddJM7ySE09mGo3hWzhwgianBmhNJCP1i09h55diVW3RbwtkOK0OjHzNlLkPkcsI9mxxWtzrqQeJ9CAb8D9ZiYEHspmLR59_HiBgZRQ5bvc9sI0zMWnZRP9zK2U7hxFC99h7a9/s1600/halloween_card01.jpg,1006,1488,2012-10-22,ハロウィンのグリーティングカードのテンプレート「お化け屋敷」,お屋敷を背景に「Happy Halloween!」と書かれた、ハロウィンのグリーティングカードのテンプレートです。,https://www.irasutoya.com/2012/10/blog-post_9884.html,ハロウィンのグリーティングカードのテンプレート「お化け屋敷」,お屋敷を背景に「Happy Halloween!」と書かれた、ハロウィンのグリーティングカードのテンプレートです。,https://www.irasutoya.com/2012/10/blog-post_9884.html,1,テンプレート|ハロウィン
964,irasutoya,https://blogger.googleusercontent.com/img/b/R29vZ2xl/AVvXsEjz1T9XWfA7eYtrD2PDhPxwy8Ebgpz1kQRLMcaxy4215R60lkWMhiZ65AhCjDkKBfGqZy33LO2-O0odGdhBcmQa2v6v0DGruHk6URWU4BcluZA45gO2KsTBV0XXGnjvu0AEmRV0QWoBFfPK/s1600/halloween_card02.jpg,1006,1488,2012-10-22,ハロウィンのグリーティングカードのテンプレート「かぼちゃ3兄弟」,カボチャの三兄弟のキャラクターイラストが書かれた、ハロウィンのグリーティングカードのテンプレートです。,https://www.irasutoya.com/2012/10/3.html,ハロウィンのグリーティングカードのテンプレート「かぼちゃ3兄弟」,カボチャの三兄弟のキャラクターイラストが書かれた、ハロウィンのグリーティングカードのテンプレートです。,https://www.irasutoya.com/2012/10/3.html,1,テンプレート|ハロウィン
969,irasutoya,https://blogger.googleusercontent.com/img/b/R29vZ2xl/AVvXsEjXpdOLXK-d9d0EYrUxNcWro_G8605UAvzd4ySyb3WfxyqbkMKRFLUuHHke4RnT33nxpqkOad1mNIqIBGbyFjyIVekjfPFBcWd4CRgFrSkIhlQ7eugx0F7Sdhw2fdL1n4VrIbG3b2zbYHg/s800/christmas_tree.png,453,613,2012-10-21,クリスマスのイラスト「クリスマスツリー」,大きな星の飾りと、キラキラのオーナメントが付いたクリスマスツリーのイラストです。,https://www.irasutoya.com/2012/10/blog-post_21.html,クリスマスのイラスト「クリスマスツリー」,大きな星の飾りと、キラキラのオーナメントが付いたクリスマスツリーのイラストです。,https://www.irasutoya.com/2012/10/blog-post_21.html,1,クリスマス|冬|植物
968,irasutoya,https://blogger.googleusercontent.com/img/b/R29vZ2xl/AVvXsEjL5gprcsEaim_DFOFQZbCXN0ULXMhY4z40w7r-w-Ey99yASvlsGGc5fwc7dfJLynlRrvePxZW_jEnX6HY-EYizsjckICvhyphenhyphena9Vby6wVBuZBRQBdmfAtvvseY-gLqVzgjni6gMOzChirl14/s1600/christmas_card03.jpg,1006,1489,2012-10-21,クリスマスカードのテンプレート「サンタとトナカイ」,サンタとトナカイのイラストが描かれた、クリスマスカードのテンプレートです。,https://www.irasutoya.com/2012/10/blog-post_8039.html,クリスマスカードのテンプレート「サンタとトナカイ」,サンタとトナカイのイラストが描かれた、クリスマスカードのテンプレートです。,https://www.irasutoya.com/2012/10/blog-post_8039.html,1,クリスマス|テンプレート
971,irasutoya,https://blogger.googleusercontent.com/img/b/R29vZ2xl/AVvXsEidK8kY62zhDUPcjWGzCLb1cg873JvZWl6IhXChxxgghGeYQ9imr3Jma076iFT7B2uqBfGiMhVfAt9pY0uOGSfOg_19gdNzPndoYU5fuEl6XvXkMr5STv6hKdNKihPF3C9Bso7X1IrvU19C/s1600/christmas_card02.jpg,1053,1488,2012-10-20,クリスマスカードのテンプレート「クリスマスベル」,クリスマスベルと、「Merry Christmas」と描かれた、クリスマスカードのテンプレートです。,https://www.irasutoya.com/2012/10/blog-post_2855.html,クリスマスカードのテンプレート「クリスマスベル」,クリスマスベルと、「Merry Christmas」と描かれた、クリスマスカードのテンプレートです。,https://www.irasutoya.com/2012/10/blog-post_2855.html,1,クリスマス|テンプレート
970,irasutoya,https://blogger.googleusercontent.com/img/b/R29vZ2xl/AVvXsEjiTtR_Kt67OQKcIqzH3qhKYBDi83q_tmsdnGXpT_GJ5hMH-cwUAvsFSomjnbbl26VVkmKVVHRPmkZCYtv3qDncf3-7YbpRvwl5oe9qYI-Wq6LZoW_y-neyE6U-Pa7fPESulcetGXtMQg0/s800/christmas_oranament_red.png,318,463,2012-10-20,クリスマスのイラスト「ツリーの飾り玉・赤」,クリスマスツリーに付けるための、赤い玉飾り（クーゲル）です。,https://www.irasutoya.com/2012/10/blog-post_20.html,クリスマスのイラスト「ツリーの飾り玉・赤」,クリスマスツリーに付けるための、赤い玉飾り（クーゲル）です。,https://www.irasutoya.com/2012/10/blog-post_20.html,1,クリスマス|飾り
976,irasutoya,https://blogger.googleusercontent.com/img/b/R29vZ2xl/AVvXsEgz3dLH8-4fExHkw395oH_ZJ2TF91090C5L4dxU7jDsXCFKzvYD3Amb9s-Wth5LbmjU73wdrzTyOgC4Qmd_tvv1V9Lg5y3nt6JTyK0q4q0RtoyKXo64Ng9cFBj7IrbqUFyrXXhVMZFZwlA/s800/christmas_oranament_orange.png,318,463,2012-10-19,クリスマスのイラスト「ツリーの飾り玉・オレンジ」,クリスマスツリー用のオレンジ色の玉の飾り（クーゲル）です。,https://www.irasutoya.com/2012/10/blog-post_19.html,クリスマスのイラスト「ツリーの飾り玉・オレンジ」,クリスマスツリー用のオレンジ色の玉の飾り（クーゲル）です。,https://www.irasutoya.com/2012/10/blog-post_19.html,1,クリスマス|飾り
975,irasutoya,https://blogger.googleusercontent.com/img/b/R29vZ2xl/AVvXsEg-w95k1Gzrw6Nzi5i1xVlHR_m0WIwVnwZpw__M6QE4-uSRv3pfMlmDOtdhPGqWzP_Pl7O7ONByKL2MBW-IwGhrG2-uJ99_GGkmhZA4QBwozuMV2lp7VLlcYOZ4VTbitPNmBAB9172i_CNI/s800/birthday_rosoku.png,634,642,2012-10-19,誕生日のイラスト「ろうそく消し」,嬉しそうに誕生日ケーキのろうそくの火をけしている、かわいい男の子のイラストです。,https://www.irasutoya.com/2012/04/blog-post_6752.html,誕生日のイラスト「ろうそく消し」,嬉しそうに誕生日ケーキのろうそくの火をけしている、かわいい男の子のイラストです。,https://www.irasutoya.com/2012/04/blog-post_6752.html,1,お誕生日|こども|パーティ
974,irasutoya,https://blogger.googleusercontent.com/img/b/R29vZ2xl/AVvXsEh6Im6pLF4sxlc-uU4PDl1xaDEoZpi6VBUAKLVbt6W86_dkD2N3dHTHa-sWOQsPInGFxN2b3tpNZ7BCv2Ut7MD6BlgEpMTJETUxQo42nl-ozZzddRqCtcejxoZJt5BaPC6OhwCv17i4WIuc/s800/happybirthday.png,800,537,2012-10-19,誕生日のイラスト「HAPPY BIRTHDAY・タイトル文字」,「Happy Birthday」とデザインされた、イラスト文字です。,https://www.irasutoya.com/2012/04/happy-birthday.html,誕生日のイラスト「HAPPY BIRTHDAY・タイトル文字」,「Happy Birthday」とデザインされた、イラスト文字です。,https://www.irasutoya.com/2012/04/happy-birthday.html,1,お誕生日|パーティ|メッセージ
973,irasutoya,https://blogger.googleusercontent.com/img/b/R29vZ2xl/AVvXsEhCmUOaxwAXmqSqk3g0Q2B0te_YLy9cJtBdSZL2q74iZCr1Xba4LSAxIFM4bglJaP5n-SiZLJ8WFHPTyh4wM9cVXTMa6YD07WSTDRnFEb12lEtndG8f5TfRwaMLLgNO5Q6sLmjKPbfQaldX/s800/birthday_animal.png,800,495,2012-10-19,誕生日のイラスト「動物のバースデーパーティー」,誕生日ケーキとプレゼントを前に嬉しそうにしている、動物たちのイラストです。,https://www.irasutoya.com/2012/04/blog-post_4313.html,誕生日のイラスト「動物のバースデーパーティー」,誕生日ケーキとプレゼントを前に嬉しそうにしている、動物たちのイラストです。,https://www.irasutoya.com/2012/04/blog-post_4313.html,1,お誕生日|パーティ|動物キャラ|友達
972,irasutoya,https://blogger.googleusercontent.com/img/b/R29vZ2xl/AVvXsEitoKHSk0yk04iqmiZ6iIgH05jvzC2uTZ9XJUQz-t14uiHeF_LSI9LQEEV5uhL0RNfPQnVmZMNOUqQelp7sq3ZXm-5dCA_eqtRUSiKH_EUUvWOkhqwjQn4Gf94K88SIdXp0fTHHRrInEl5_/s1600/christmas_card01.jpg,1006,1488,2012-10-19,クリスマスカードのテンプレート「クリスマスツリー」,クリスマスツリーのイラストが描かれた、クリスマスカードのテンプレートです。,https://www.irasutoya.com/2012/10/blog-post_4711.html,クリスマスカードのテンプレート「クリスマスツリー」,クリスマスツリーのイラストが描かれた、クリスマスカードのテンプレートです。,https://www.irasutoya.com/2012/10/blog-post_4711.html,1,クリスマス|テンプレート
978,irasutoya,https://blogger.googleusercontent.com/img/b/R29vZ2xl/AVvXsEgwtOsInneuV8M8M0LZp4ioYF66RWzBMYem_vxgdlmgrqrEnDCHS8kVV_N_pDIOef-eDob-dFVYc87xnuwo_3PDX3TstH35RsW-D4ouFuB7DsTBgtPSPmGpqBYgsI79b8D8ZNx1Hq7wogqD/s1600/birthday_card04.jpg,1006,1489,2012-10-18,誕生日カードのテンプレート「バースデーケーキ」,誕生日ケーキのイラストが描かれた、誕生日カードのテンプレートです。,https://www.irasutoya.com/2012/10/blog-post_2632.html,誕生日カードのテンプレート「バースデーケーキ」,誕生日ケーキのイラストが描かれた、誕生日カードのテンプレートです。,https://www.irasutoya.com/2012/10/blog-post_2632.html,1,お誕生日|テンプレート
977,irasutoya,https://blogger.googleusercontent.com/img/b/R29vZ2xl/AVvXsEjQBLkK2c9m-7g0qCuLFoCbqnNG2ddbQQBOX15VIWQPKDxTviXU2YkvAZI2FbTKf9YjWJPurZYqUo2J6FqYqi9xSvV66uyt6mFATBJRIYOP00_MGPe1vaffLR71MQ9AbqfnAlQpTGRJcos/s800/christmas_oranament_green.png,319,463,2012-10-18,クリスマスのイラスト「ツリーの飾り玉・緑」,クリスマスツリーにつける、ピカピカの緑色の飾り玉（クーゲル）です。,https://www.irasutoya.com/2012/10/blog-post_18.html,クリスマスのイラスト「ツリーの飾り玉・緑」,クリスマスツリーにつける、ピカピカの緑色の飾り玉（クーゲル）です。,https://www.irasutoya.com/2012/10/blog-post_18.html,1,クリスマス|飾り
980,irasutoya,https://blogger.googleusercontent.com/img/b/R29vZ2xl/AVvXsEiMCkT1ojMt3hCCu3vpp7J0CUaETP2S4sbDt-7YI7zPKrleMKkgPx4pxG-5-XLZQeEFu-JLAGBdI3G0eBK8RNjfj1btJtXk7yGo7IKDBJv0qVtbbJxq-B7a0iHpsv5kGeFzADl8zvHpQzQ/s800/christmas_oranament_blue.png,319,463,2012-10-17,クリスマスのイラスト「ツリーの飾り玉・青」,クリスマスツリーを飾る青いオーナメント（クーゲル）のイラストです。,https://www.irasutoya.com/2012/10/blog-post_17.html,クリスマスのイラスト「ツリーの飾り玉・青」,クリスマスツリーを飾る青いオーナメント（クーゲル）のイラストです。,https://www.irasutoya.com/2012/10/blog-post_17.html,1,クリスマス|飾り
979,irasutoya,https://blogger.googleusercontent.com/img/b/R29vZ2xl/AVvXsEi7th58K_Ml-sfED2arFCkgCSxoWinDeHNWh2Q7cQjZDqHRyNYyxRbPfAMX52srsd7ou4yZ3PQb0Ib0JTPaGHCOIkphYf2HCSaQneyS8b8E5yfmX65VOFzkSy8xfp0RZXXWeTL-32OX44Ex/s1600/birthday_card03.jpg,1006,1489,2012-10-17,誕生日カードのテンプレート「メッセージボックス」,「Happy Birthday」と描かれた、誕生日カードのテンプレートです。,https://www.irasutoya.com/2012/10/blog-post_8085.html,誕生日カードのテンプレート「メッセージボックス」,「Happy Birthday」と描かれた、誕生日カードのテンプレートです。,https://www.irasutoya.com/2012/10/blog-post_8085.html,1,お誕生日|テンプレート
982,irasutoya,https://blogger.googleusercontent.com/img/b/R29vZ2xl/AVvXsEjbQacnMSIy_g1TrxliOszVglP1pCt6VEl6vIkGW_fuHPQy8GqgDjDbbdGe_mpiF6_LYQ3JBdjR0woVYNcPbPbOP5rztNBZ5QTr7hEobpRdeQqoNEzXVelnhOF6dD1y5ZROoAljUWDZVmBf/s1600/birthday_card02.jpg,1006,1488,2012-10-16,誕生日カードのテンプレート「女の子」,女の子のイラストが描かれた、誕生日カードのテンプレートです。,https://www.irasutoya.com/2012/10/blog-post_3258.html,誕生日カードのテンプレート「女の子」,女の子のイラストが描かれた、誕生日カードのテンプレートです。,https://www.irasutoya.com/2012/10/blog-post_3258.html,1,お誕生日|テンプレート
981,irasutoya,https://blogger.googleusercontent.com/img/b/R29vZ2xl/AVvXsEh0WtD3APJlnhxvMgXLSc0KJSzCf3r_VMYWaAQC_9hcPxsbW7P3j2yUy-u_3vMCjTCG_yZWrwlk-rKY7LPmhaxcSB4peogj9S9QFyv2RNO36lLYaklHiN2q8_MOHpAA0XPQqFqbZDWzj0o/s800/christmas_reindeer.png,535,599,2012-10-16,クリスマスのイラスト「トナカイ」,楽しそうに走る、可愛いトナカイのイラストです。,https://www.irasutoya.com/2012/10/blog-post_16.html,クリスマスのイラスト「トナカイ」,楽しそうに走る、可愛いトナカイのイラストです。,https://www.irasutoya.com/2012/10/blog-post_16.html,1,クリスマス|冬|動物|動物キャラ
984,irasutoya,https://blogger.googleusercontent.com/img/b/R29vZ2xl/AVvXsEicoieQcauz-FvykALPtBngbAWn4btGKk0BNBd8QXnnisoRXM11LPSIISWI-hwdHVumA41oh_xd0zZyk39LpYwySjiQ2mylC6UveEin6DGiQy7ctL8uWu5bwIPj9BJ-Pynh2G0Hfl-ZJLM/s800/christmas_santa.png,558,655,2012-10-15,クリスマスのイラスト「サンタクロース」,プレゼントを持っている、可愛いサンタさんのイラストです。,https://www.irasutoya.com/2012/10/blog-post_15.html,クリスマスのイラスト「サンタクロース」,プレゼントを持っている、可愛いサンタさんのイラストです。,https://www.irasutoya.com/2012/10/blog-post_15.html,1,クリスマス|冬
983,irasutoya,https://blogger.googleusercontent.com/img/b/R29vZ2xl/AVvXsEiHjHn3hXU1l6K9qfL9RXwEEMha7f1DbskZDd8cnjH9i2PieexkmoXmZ0f_j_TjR3Zep0PtZIy8mD1vfVo21PLZlLU-odO9t3JpUIy6MdlMJ3YanpXDYfuuzGa90G4sEOnmpnMWRB2mHHaP/s1600/birthday_card01.jpg,1006,1489,2012-10-15,誕生日カードのテンプレート「プレゼント箱」,プレゼントのイラストが描かれた、誕生日カードのテンプレートです。,https://www.irasutoya.com/2012/10/blog-post_1257.html,誕生日カードのテンプレート「プレゼント箱」,プレゼントのイラストが描かれた、誕生日カードのテンプレートです。,https://www.irasutoya.com/2012/10/blog-post_1257.html,1,お誕生日|テンプレート
985,irasutoya,https://blogger.googleusercontent.com/img/b/R29vZ2xl/AVvXsEiW4VUlDuiB0En2J8Dff6910bUOmUiM5AO15aFjzjHHl6KNjCiDOLZ540_fqACawU7anmqpFs7fPy-raj1uzxco8GKgndiw0nOV6lQ4_ELSYHtxS506u4G1SWGNlB5QC8W0y_VolwCd1yM/s800/christmas_santa_night.png,800,578,2012-10-14,クリスマスのイラスト「サンタとトナカイのシルエット」,トナカイとサンタさんが夜空を飛んでいるイラストです。,https://www.irasutoya.com/2012/10/blog-post_14.html,クリスマスのイラスト「サンタとトナカイのシルエット」,トナカイとサンタさんが夜空を飛んでいるイラストです。,https://www.irasutoya.com/2012/10/blog-post_14.html,1,クリスマス|冬
986,irasutoya,https://blogger.googleusercontent.com/img/b/R29vZ2xl/AVvXsEikhApz_k3rF1ltuPSC394Rls6msuhaiOQMFqCFWSt1Cee0UFSlcD1yBZKX1KdI73WHZlunG39QvQZoskA_phNWiAg8OgtAf5fUqpOplDA8mIv03uW7Nwsm7MNUudhiupPgWi_SXBWgJzU/s800/christmas_bell.png,518,471,2012-10-13,クリスマスのイラスト「クリスマスベル」,クリスマスに飾る、金色のベルトヒイラギの葉のイラストです。,https://www.irasutoya.com/2012/10/blog-post_13.html,クリスマスのイラスト「クリスマスベル」,クリスマスに飾る、金色のベルトヒイラギの葉のイラストです。,https://www.irasutoya.com/2012/10/blog-post_13.html,1,クリスマス
987,irasutoya,https://blogger.googleusercontent.com/img/b/R29vZ2xl/AVvXsEjg7il7YLDaXI62lcUWCtoXiKdMIP3Vhi4rODt9XcT4fNUVNGqDn5UTgIZseXX3QtFoQr8c5v_iXXYhFVqb78nmulwyowsoTtO8lnUnnXmgtJ5GiUGR1lawx29FAwyL7tAZspexYdopDOo/s800/kinrou_katamomi_woman.png,636,609,2012-10-12,勤労感謝の日のイラスト「肩もみ・女性」,働く女性が女の子に笑顔で肩を揉まれているイラストです。,https://www.irasutoya.com/2012/10/blog-post_12.html,勤労感謝の日のイラスト「肩もみ・女性」,働く女性が女の子に笑顔で肩を揉まれているイラストです。,https://www.irasutoya.com/2012/10/blog-post_12.html,1,勤労感謝の日|家族
902,irasutoya,https://blogger.googleusercontent.com/img/b/R29vZ2xl/AVvXsEiMPaoHMxwFiEnpdIX7Hl1bMMmm2WZYR0IEd3gK1fyR5Kl7qq_ehfgx02zXaxhnc8cPzjDW9cLDUIR-uUywyq6u3wXfbUfasLHI5IVzIANzUB634l4RPdVeXel4h80BuU8_VZN535wdYv0/s800/kinroukansyanohi_title.png,800,606,2012-10-11,勤労感謝の日のイラスト「タイトル文字」,眼鏡とネクタイと、「勤労感謝の日」と描かれたイラスト文字です。,https://www.irasutoya.com/2012/10/blog-post_11.html,勤労感謝の日のイラスト「タイトル文字」,眼鏡とネクタイと、「勤労感謝の日」と描かれたイラスト文字です。,https://www.irasutoya.com/2012/10/blog-post_11.html,1,勤労感謝の日|文字|祝日
903,irasutoya,https://blogger.googleusercontent.com/img/b/R29vZ2xl/AVvXsEiBz4P-dMThzG_RAWUUCYEH1TnOlrx5ijdstnNhGTqECZBvEEzctntCwmX_6QW8kVDv6BdY0HE3dOo_Anu9MypRuwUSUC5e9_3FZf70jDh3vCzDUTz_vtp8vzGQ0zmUYz6zkdWhVwCcUl0/s800/kinrou_katamomi_man.png,661,608,2012-10-10,勤労感謝の日のイラスト「肩もみ・男性」,男性サラリーマンが、男の子から肩を揉まれているイラストです。,https://www.irasutoya.com/2012/10/blog-post_10.html,勤労感謝の日のイラスト「肩もみ・男性」,男性サラリーマンが、男の子から肩を揉まれているイラストです。,https://www.irasutoya.com/2012/10/blog-post_10.html,1,こども|勤労感謝の日|家族
904,irasutoya,https://blogger.googleusercontent.com/img/b/R29vZ2xl/AVvXsEjfYpngENP4JlVYbetI-4iUsrthjqlJ4qLs5SkTKMjWPmLHYo9a4E81DLT841OzgXqkVihqEbAfCZ-gMFDUszjbcT-LM5dYi1bWk8lz9GDU1-0bymC2YuojQNb_yuOK0EIHEcBEC63fa_4/s800/kinrou_flower_woman.png,800,638,2012-10-09,勤労感謝の日のイラスト「花のプレゼント・女性」,働く女性が、女の子から赤いバラを受け取っているイラストです。,https://www.irasutoya.com/2012/10/blog-post_9.html,勤労感謝の日のイラスト「花のプレゼント・女性」,働く女性が、女の子から赤いバラを受け取っているイラストです。,https://www.irasutoya.com/2012/10/blog-post_9.html,1,勤労感謝の日|家族|花
905,irasutoya,https://blogger.googleusercontent.com/img/b/R29vZ2xl/AVvXsEhPvFJ6NyWlTx5euUZVj7WuB5H9DyP8vIOcm3vWskX2Ak9GBNWg-Xuy5ni9E1WxeRkTDJXaYJ46NNrvqF4X6zy4iNd-WWyVPQwSpKKZCJXiKgyHKPO666bIqPDZGQPYcGtAZme9CY7MlD8/s800/kinrou_necktie.png,601,556,2012-10-08,勤労感謝の日のイラスト「ネクタイと眼鏡」,黒ぶち眼鏡と青いネクタイが重なったイラストです。,https://www.irasutoya.com/2012/10/blog-post_8.html,勤労感謝の日のイラスト「ネクタイと眼鏡」,黒ぶち眼鏡と青いネクタイが重なったイラストです。,https://www.irasutoya.com/2012/10/blog-post_8.html,1,勤労感謝の日|家族
906,irasutoya,https://blogger.googleusercontent.com/img/b/R29vZ2xl/AVvXsEh-dF-QZAOcMswb4YKdZOftSUVAT1a_pZCBZNwANCheKERNPWTP5oAwLNZAyiGnJFUkcZQmj8909TVTzM9JIq4gdQ_KZTyP9ft0OnrfyUA0fmW0u4oBuFWXrdbV6MqeY4psn0YMxoNnwWo/s800/kinrou_flower_man.png,800,632,2012-10-07,勤労感謝の日のイラスト「花のプレゼント・男性」,男性サラリーマンが、男の子から白いバラを受け取っているイラストです。,https://www.irasutoya.com/2012/10/blog-post_7.html,勤労感謝の日のイラスト「花のプレゼント・男性」,男性サラリーマンが、男の子から白いバラを受け取っているイラストです。,https://www.irasutoya.com/2012/10/blog-post_7.html,1,勤労感謝の日|家族|花
907,irasutoya,https://blogger.googleusercontent.com/img/b/R29vZ2xl/AVvXsEgcjThEBEi80_XQ2S21htZWigHm5FHauAOGLhcJ_JWJXnaX297zv-oiQKHFqpo-0KGlWtsUNGoOLwZAI3yXeo_J56qoMf-3ZqGLg7FV9KdnLPlXOKr8O5bLuiKHp8WNI04ihFk3T7SCaDU/s800/kinrou_flower.png,800,355,2012-10-06,勤労感謝の日のイラスト「花のプレゼント・男性と女性」,男性と女性が花のプレゼントを受け取っているイラストです。,https://www.irasutoya.com/2012/10/blog-post_6.html,勤労感謝の日のイラスト「花のプレゼント・男性と女性」,男性と女性が花のプレゼントを受け取っているイラストです。,https://www.irasutoya.com/2012/10/blog-post_6.html,1,勤労感謝の日|家族|花
908,irasutoya,https://blogger.googleusercontent.com/img/b/R29vZ2xl/AVvXsEjLcANOkVUp5LnlGuGp3D4nxJin50rFuYEXJ-ifQWCy_zeG2n7j7EA-m0ZDeH43W_XAL5oF7UvbprVHDU6WubjepM5OJKKNnNO0484L35ELgQNI2JEWmwW1BTj_C10fxlGnX3Q-RwmYJIM/s800/kinrou_katamomi.png,800,368,2012-10-05,勤労感謝の日のイラスト「肩もみ・男性と女性」,男性と女声が、肩を揉まれているイラストです。,https://www.irasutoya.com/2012/10/blog-post_5.html,勤労感謝の日のイラスト「肩もみ・男性と女性」,男性と女声が、肩を揉まれているイラストです。,https://www.irasutoya.com/2012/10/blog-post_5.html,1,勤労感謝の日|家族
909,irasutoya,https://blogger.googleusercontent.com/img/b/R29vZ2xl/AVvXsEh7bginfMFzDta0V6MyL1sPDVqO9NqVnUbdh3oKvxc13yIUH8r29brn0WqO8yfjbAAzmTYnNHwRenhcUd3jWJFwDKfuHBDvnhl9o8177jV7ZWuku2xRLEVx3RTZXXDq0avudIoE8Ir-ll0/s800/shichigosan_animal.png,800,628,2012-10-04,七五三のイラスト「ウサギ・クマ・猫」,七五三で着物を着ている、クマとウサギと猫のイラストです。,https://www.irasutoya.com/2012/10/blog-post_4.html,七五三のイラスト「ウサギ・クマ・猫」,七五三で着物を着ている、クマとウサギと猫のイラストです。,https://www.irasutoya.com/2012/10/blog-post_4.html,1,七五三|動物キャラ|猫
910,irasutoya,https://blogger.googleusercontent.com/img/b/R29vZ2xl/AVvXsEiOBw95EA25iO7qKxotGwu7atadb4PwDdjQYekk0ohhOEEyQOjg4oKZY072KL0xufJlObhE9nl888UHOcUzC2BJ7jT31OI5d4eV5aj54yGk5VBxFKn6e-AwHcHUglJqr2CBVfws43pW5Hg/s800/shichigosan7.png,462,800,2012-10-03,七五三のイラスト「七歳の女の子」,七歳の女の子が七五三で着物を着ているイラストです。,https://www.irasutoya.com/2012/10/blog-post_3.html,七五三のイラスト「七歳の女の子」,七歳の女の子が七五三で着物を着ているイラストです。,https://www.irasutoya.com/2012/10/blog-post_3.html,1,こども|七五三
911,irasutoya,https://blogger.googleusercontent.com/img/b/R29vZ2xl/AVvXsEiiMbKERRFpzsznlBhX4yaGEI78kjdeLOehQchEasw412LDzzepBNixItlcd9I3HqD2_5EgsjKHMUu-CxDc6BBfgr3SmfYZVm8u_18ish1Bl7z9rjOucqy4v6Xul3UvXU3DQEzyEKiZeiI/s800/shichigosan5.png,581,726,2012-10-02,七五三のイラスト「五歳の男の子」,七五三を迎えた、五歳の男の子が袴を着ているイラストです。,https://www.irasutoya.com/2012/10/blog-post_2.html,七五三のイラスト「五歳の男の子」,七五三を迎えた、五歳の男の子が袴を着ているイラストです。,https://www.irasutoya.com/2012/10/blog-post_2.html,1,こども|七五三
912,irasutoya,https://blogger.googleusercontent.com/img/b/R29vZ2xl/AVvXsEiHqllvx-7Bq8Su4W1qZJwx6Hd8uCs2gkZCWDqsKfGLhm7JdKd_BO9z6idX0OH5QItnHgMNK7yuoLmYUTzW4wCSiwv2WZExv9pdzPwzqIxHoUB-ZfUOqeelhUCO_07Y1JUewtq-6wTFhKs/s800/shichigosan3.png,461,671,2012-10-01,七五三のイラスト「三歳の女の子」,七五三を迎えた、着物を着た三歳の女の子のイラストです。,https://www.irasutoya.com/2012/10/blog-post.html,七五三のイラスト「三歳の女の子」,七五三を迎えた、着物を着た三歳の女の子のイラストです。,https://www.irasutoya.com/2012/10/blog-post.html,1,こども|七五三
913,irasutoya,https://blogger.googleusercontent.com/img/b/R29vZ2xl/AVvXsEgQI5OQhGQvmL5DutbOj6IyTQPrevqvZ6l-VxyV5jgQ1rcJ2OY8pnAeQMzlMi44kCPyGbnfiKeUDl6a45F10azVHOrCUDCuj5nEq17XSf5864JSe7ELGCARmQmjciMeYHE62wffp97jhPY/s800/shichigosan_title.png,800,552,2012-09-30,七五三のイラスト「タイトル文字・鶴と亀」,鶴と亀と「七五三」と描かれたイラスト文字です。,https://www.irasutoya.com/2012/09/blog-post_30.html,七五三のイラスト「タイトル文字・鶴と亀」,鶴と亀と「七五三」と描かれたイラスト文字です。,https://www.irasutoya.com/2012/09/blog-post_30.html,1,七五三|文字
914,irasutoya,https://blogger.googleusercontent.com/img/b/R29vZ2xl/AVvXsEhROG053Sw5mpnng35K5gtAI6MUqnu8ptET3aO6GxedICDKZ_ta7zi2Gtcf_7O6E2uomv04eZFG0OiGH9dNzHCALnQhaCO5sIKbf-AmO394w-GDPb_YKwBBMoXbf7YylU25Pqv7FPIkyGU/s800/shichigosan_torii.png,799,800,2012-09-29,七五三のイラスト「仲良し姉弟・鳥居」,鳥居の前で、七五三の姉弟が並んでいるイラストです。,https://www.irasutoya.com/2012/09/blog-post_29.html,七五三のイラスト「仲良し姉弟・鳥居」,鳥居の前で、七五三の姉弟が並んでいるイラストです。,https://www.irasutoya.com/2012/09/blog-post_29.html,1,七五三|家族
915,irasutoya,https://blogger.googleusercontent.com/img/b/R29vZ2xl/AVvXsEjqJVqgoYBCC7RqETwUyqj-v7gcWXmVWZLK8wbaiaommL3edPKAExre3iosTDEDS3z2xw04akJJJQxhUpFcuEaALi6mTkx1HmP22bpdH8ukwdDqvTYEI1n0g2GqpIBZ4Wx-aPS7-zP867w/s1600/shichigosan.png,939,708,2012-09-28,七五三のイラスト「仲良し姉弟」,七五三の男の子と女の子が３人並んだイラストです。,https://www.irasutoya.com/2012/09/blog-post_28.html,七五三のイラスト「仲良し姉弟」,七五三の男の子と女の子が３人並んだイラストです。,https://www.irasutoya.com/2012/09/blog-post_28.html,1,こども|七五三|家族
916,irasutoya,https://blogger.googleusercontent.com/img/b/R29vZ2xl/AVvXsEjwkVKhmYpIgsu6k_AeRkJa6msB4iNOQQ70VCnSyxCP-V3_xDHmsjsSF3P8-dLq-Pydn3kzItfCvNN6xAVwjEvcPl9L1RGWwki4ETl-E8tOVKSWMabcy45NojsSREYqShghh5QKgeBT2Jw/s800/shichigosan_chitoseame.png,651,800,2012-09-27,七五三のイラスト「千歳飴」,カラフルな袋に入った千歳飴のイラストです。,https://www.irasutoya.com/2012/09/blog-post_1448.html,七五三のイラスト「千歳飴」,カラフルな袋に入った千歳飴のイラストです。,https://www.irasutoya.com/2012/09/blog-post_1448.html,1,スイーツ|七五三
917,irasutoya,https://blogger.googleusercontent.com/img/b/R29vZ2xl/AVvXsEhJcDbc8m-8N272agxxY_OxD_wx8Yd7ej-a1oLvbkqY_vV-pedJTucl31tMyUxFQ4_urlaCS9cxNa5J95wutPcwxWXrgQhYv508_7YVZ02XyU8fi6r8xGlC5GbrSCFRQqhgxwxbSZCmZJ8/s800/kouyou_tree.png,800,487,2012-09-09,紅葉のイラスト「紅葉した森」,赤や黄色に紅葉した木々のイラストです。,https://www.irasutoya.com/2012/09/blog-post_9.html,紅葉のイラスト「紅葉した森」,赤や黄色に紅葉した木々のイラストです。,https://www.irasutoya.com/2012/09/blog-post_9.html,1,植物|秋|紅葉
918,irasutoya,https://blogger.googleusercontent.com/img/b/R29vZ2xl/AVvXsEgTRrhGWA_WRV2zpfe3xceTGGhTLNDEA5gZtzAubKYLNQmNHXxxClCTwGF8V3Ex_5tlenb9LW20a6auMHuj18b_Veq7O-qM7CgKJRlWOMFVD3ILMhcmhncT3Wk_4oC70ybyTFskpx6QXwI/s800/kouyou_title.png,774,559,2012-09-08,紅葉のイラスト「紅葉・タイトル文字」,「紅葉」と書かれたタイトル文字のイラストです。,https://www.irasutoya.com/2012/09/blog-post_8.html,紅葉のイラスト「紅葉・タイトル文字」,「紅葉」と書かれたタイトル文字のイラストです。,https://www.irasutoya.com/2012/09/blog-post_8.html,1,文字|秋|紅葉
919,irasutoya,https://blogger.googleusercontent.com/img/b/R29vZ2xl/AVvXsEjKHDPPogOa33thW9p7jv2sYSSgsCdfZBXS9S40zXzJ6pCD4mDIqBbt7vyESM4sX4XW04sQjL3WnbOmbJ74Z274t1AdcTmfTWGJfxwC4YRAbP99vBpZwYY-4NCA9QCY2oy9nqCq_jl1VgM/s800/kouyou_temple.png,800,612,2012-09-07,紅葉のイラスト「京都のお寺」,紅葉した木々を背景にした、京都のお寺のイラストです。,https://www.irasutoya.com/2012/09/blog-post_7.html,紅葉のイラスト「京都のお寺」,紅葉した木々を背景にした、京都のお寺のイラストです。,https://www.irasutoya.com/2012/09/blog-post_7.html,1,秋|紅葉
920,irasutoya,https://blogger.googleusercontent.com/img/b/R29vZ2xl/AVvXsEiDxxm094OpG9Soqncme1yF2Fs_ItRL_0QuSIT3B9yx2t_2j8XmZd9WqauUCWmmFRwrS3BPU0xVFRBnsLlP1U08lmFD_31t5RkvrGtG8qZIOrgJmkwHQcjypZzd0VFpN3HkT8bBKo6JaxM/s800/kouyou_usagi.png,631,768,2012-09-06,紅葉のイラスト「ウサギ」,降ってくるもみじを掴まえようしている、ウサギのイラストです。,https://www.irasutoya.com/2012/09/blog-post_6.html,紅葉のイラスト「ウサギ」,降ってくるもみじを掴まえようしている、ウサギのイラストです。,https://www.irasutoya.com/2012/09/blog-post_6.html,1,動物キャラ|秋|紅葉
921,irasutoya,https://blogger.googleusercontent.com/img/b/R29vZ2xl/AVvXsEhuSCV4YaHS9QGWroTFe0ZLcL99OOSQl1MRc8Kr6-3WTuT8_MYNI3eqMDbiBABBw8gR3ciTEtMEDWEyL9e-1Xl-xAzv8DQc5fnma1K6jRlAs1E_9F1RAblnbigByY1TujU5srtXgZadKqs/s800/kouyou_family.png,723,741,2012-09-05,ハイキングのイラスト「家族で紅葉狩り」,紅葉狩りにやってきた家族のイラストです。,https://www.irasutoya.com/2012/09/blog-post_5.html,ハイキングのイラスト「家族で紅葉狩り」,紅葉狩りにやってきた家族のイラストです。,https://www.irasutoya.com/2012/09/blog-post_5.html,1,家族|旅行|秋|紅葉
922,irasutoya,https://blogger.googleusercontent.com/img/b/R29vZ2xl/AVvXsEhtK_RZXYA0yAPGSoajpLt2-Kto1iT2fjdDuyMS2Rmu7DYh4rGb5D54x3WY9x7kQkwsIYmqlJoyFCoIpTrP7MPLnNXaGx727w85T9L2psqgHN6Ny6TYabfvSIkC9Ulo2KVeCRZ-KAC-TzM/s800/kouyou_momiji_ichou.png,681,518,2012-09-04,紅葉のイラスト「赤いもみじと黄色いイチョウ」,赤く紅葉したもみじと、黄色く紅葉したイチョウの葉のイラストです。,https://www.irasutoya.com/2012/09/blog-post_4.html,紅葉のイラスト「赤いもみじと黄色いイチョウ」,赤く紅葉したもみじと、黄色く紅葉したイチョウの葉のイラストです。,https://www.irasutoya.com/2012/09/blog-post_4.html,1,植物|秋|紅葉
923,irasutoya,https://blogger.googleusercontent.com/img/b/R29vZ2xl/AVvXsEhTs_GCaM3j_p22ZxhMLsisVchBP0BKzg0FyCnfy-gWIxyr6R-eQNTMwyVS-lZC8Yn-uuW5l6kv5FaMjhhFUApaZ4IE3VgvDwQF5d6HRa1mlEPP53BCDAloXu2_YvzzD4MCp7Lh_8jd_Co/s800/kouyou_momiji.png,547,579,2012-09-03,紅葉のイラスト「赤いもみじ」,赤く紅葉したもみじのイラストです。,https://www.irasutoya.com/2012/09/blog-post_3.html,紅葉のイラスト「赤いもみじ」,赤く紅葉したもみじのイラストです。,https://www.irasutoya.com/2012/09/blog-post_3.html,1,植物|秋|紅葉
924,irasutoya,https://blogger.googleusercontent.com/img/b/R29vZ2xl/AVvXsEiSFpMnSA89cHbYAe0j6bMbwLrQS2kDdcWF0Yq1n28G9OutwK17XG2Zmd_0xbsa2oCqaqHbXEI4-8xAFncNedCftpdzdlrKvtuwsKf2v5gTIEI3bnQgoCMRReZx3Z4faWO3RIfPSLIkamc/s800/kouyou.png,767,637,2012-09-02,紅葉のイラスト「沢山のもみじ」,沢山の色の、紅葉したもみじのイラストです。,https://www.irasutoya.com/2012/09/blog-post_2.html,紅葉のイラスト「沢山のもみじ」,沢山の色の、紅葉したもみじのイラストです。,https://www.irasutoya.com/2012/09/blog-post_2.html,1,植物|秋|紅葉
925,irasutoya,https://blogger.googleusercontent.com/img/b/R29vZ2xl/AVvXsEiNCPLm50KXeu7xDB6iKipZP6nwUYfHJ-kWdpHtlAVw-LEd7_jANDaUyWQPwctcwZs0ZwRzQ6kDfXoXFT9BS-o5O1v_xT1O0zG5Zdmfm3KR9xkho2IGt1Kz5NvU0MybljDxmd4T4OQRl8o/s800/kouyou_ichou.png,498,480,2012-09-01,紅葉のイラスト「黄色いイチョウ」,黄色く紅葉した、イチョウのイラストです。,https://www.irasutoya.com/2012/09/blog-post.html,紅葉のイラスト「黄色いイチョウ」,黄色く紅葉した、イチョウのイラストです。,https://www.irasutoya.com/2012/09/blog-post.html,1,植物|秋|紅葉
926,irasutoya,https://blogger.googleusercontent.com/img/b/R29vZ2xl/AVvXsEid2WUPuMO8jDN-bi7bO-f6FD9IIAWUypUW7VX8FHuk3ylAmvGKMn-sIybhUqDCGqU-dxHUfoGWYwQLDkjOCUWMaaj8ENpJ5UZv6xp9NaxqFcgTPVNaBgWpBykigYG3RMJOg-Q1ctTs7_0/s800/kouyou_obentou.png,800,754,2012-08-31,紅葉のイラスト「家族でピクニック」,紅葉狩りにきた家族が、お弁当を食べながらピクニックをしているイラストです。,https://www.irasutoya.com/2012/08/blog-post_31.html,紅葉のイラスト「家族でピクニック」,紅葉狩りにきた家族が、お弁当を食べながらピクニックをしているイラストです。,https://www.irasutoya.com/2012/08/blog-post_31.html,1,お弁当|家族|旅行|秋|紅葉
927,irasutoya,https://blogger.googleusercontent.com/img/b/R29vZ2xl/AVvXsEhEvYwNGXPbZsyecvXiA6GhUVQ9p0mhPoycNGhFCi4EmwMvQ4zcT23B-ONB2SnAFCjiJsiGc6br3yfetuvDPP7UqWvVgbJoXTYnSxzDoMIknd0RXDlQqyBYXsPzOKhZwLbddfW0b811yZc/s800/kouyou_zou.png,606,718,2012-08-30,紅葉のイラスト「象」,紅葉したもみじと象のイラストです。,https://www.irasutoya.com/2012/08/blog-post_30.html,紅葉のイラスト「象」,紅葉したもみじと象のイラストです。,https://www.irasutoya.com/2012/08/blog-post_30.html,1,動物キャラ|秋|紅葉
928,irasutoya,https://blogger.googleusercontent.com/img/b/R29vZ2xl/AVvXsEjng546yEcGhMlu0N6afXprwdN-TTZpPS_8rXBoMD97TwyCakxICQebK4aHhBOT3-RgaQRIvRXv8H8gnQ9Cc7bvXAE6ilGJ6pciCNONvJPyAoqw1UO93Tdec_IVnZ5T6OfOoi2QLvtepcw/s800/kouyou_dog.png,701,733,2012-08-29,紅葉のイラスト「犬」,上から降ってくる、紅葉したもみじを見上げて笑っている犬のイラストです。,https://www.irasutoya.com/2012/08/blog-post_29.html,紅葉のイラスト「犬」,上から降ってくる、紅葉したもみじを見上げて笑っている犬のイラストです。,https://www.irasutoya.com/2012/08/blog-post_29.html,1,動物キャラ|犬|秋|紅葉
929,irasutoya,https://blogger.googleusercontent.com/img/b/R29vZ2xl/AVvXsEiHBtnjSTtZQ8zhtQ6boI45w-Y8D6JuDx5cAbKxQNX0LMs43AfMmajLz83xdeHO5dBCLSGUFU7aX45XnvsJacbsDAbfqj_C7AN8MBaWEKo9JH3gkUtQ1Mei981DULIyxdWSQovI2rtZKFo/s800/kouyou_cat.png,601,698,2012-08-28,紅葉のイラスト「猫」,猫と紅葉したもみじのイラストです。,https://www.irasutoya.com/2012/08/blog-post_28.html,紅葉のイラスト「猫」,猫と紅葉したもみじのイラストです。,https://www.irasutoya.com/2012/08/blog-post_28.html,1,動物キャラ|猫|秋|紅葉
930,irasutoya,https://blogger.googleusercontent.com/img/b/R29vZ2xl/AVvXsEhZpR3d7uzAYJTWgkAI_3PsOkCYxe2Zx9Bh5-ZnpfeP5xy9ohnQxKL64fOndOSyEspKugr5n9sLo9dpm26_3xb1SgRWHTOWIqloDnBUqL_VkoiN1K8o6hOsj4FTGxYymQ33dSY8jUltlk0/s800/kouyou_kuma.png,685,783,2012-08-27,紅葉のイラスト「クマ」,紅葉したもみじを見上げて踊っているクマのイラストです。,https://www.irasutoya.com/2012/08/blog-post_27.html,紅葉のイラスト「クマ」,紅葉したもみじを見上げて踊っているクマのイラストです。,https://www.irasutoya.com/2012/08/blog-post_27.html,1,動物キャラ|秋|紅葉
931,irasutoya,https://blogger.googleusercontent.com/img/b/R29vZ2xl/AVvXsEjJql08uH9dURz4lg_vLmz_Tn4TWHHbGtqqcfxU-ytq_1k7LaLvClQm7N-6eU1_de4VOgDZpxzYde4yHUUuU8C0dCZVDCD4CgfjXoGdMMjmcQStBdA5jFO2766ypJ6TMyLWQDC5IeRuMU5y/s800/majo_cat_houki.png,800,703,2012-08-26,ハロウィンのイラスト「ホウキに乗った魔女と黒猫」,魔女（魔法使い）と黒猫がほうきに乗って星空を飛んでいるイラストです。,https://www.irasutoya.com/2012/08/blog-post_26.html,ハロウィンのイラスト「ホウキに乗った魔女と黒猫」,魔女（魔法使い）と黒猫がほうきに乗って星空を飛んでいるイラストです。,https://www.irasutoya.com/2012/08/blog-post_26.html,1,キャラクター|ハロウィン|猫
932,irasutoya,https://blogger.googleusercontent.com/img/b/R29vZ2xl/AVvXsEgCeS_PIBYokHhEv9Iy6bDQnbs6XRAm6haXaHH7vVpkEGEx3wzNHLlqX3Ol0HOg8l-bjJwE4uysm3x6ViHcaBqYJ_MvAqe06rJdfRH7iyUM5835DfB2X5hNquOY-VjB7T5uHr3Cj1zcOw1b/s800/halloween_sweets.png,763,732,2012-08-25,ハロウィンのイラスト「お菓子・キャンディー・チョコレート」,ハロウィンのお菓子と、カボチャのイラストです。,https://www.irasutoya.com/2012/08/blog-post_25.html,ハロウィンのイラスト「お菓子・キャンディー・チョコレート」,ハロウィンのお菓子と、カボチャのイラストです。,https://www.irasutoya.com/2012/08/blog-post_25.html,1,スイーツ|ハロウィン
933,irasutoya,https://blogger.googleusercontent.com/img/b/R29vZ2xl/AVvXsEhM2YFtRHiMCjPzwFJY1y-zsG-HRuZEBIxVej_azXtYnvbST3L6tIK-J14Rz3PEGQJCH-2WJaCzfNE1YPDnC1FTkAUlBocwDiGiZAjv10vChcAxUWHPN9gVHd9MYT7-3caWxXf_vkez8Qzu/s800/happyhalloween_title.png,800,464,2012-08-24,ハロウィンのイラスト「Happy Halloween・タイトル文字」,「Happy Halloween」と書かれた、タイトル文字です。,https://www.irasutoya.com/2012/08/happy-halloween.html,ハロウィンのイラスト「Happy Halloween・タイトル文字」,「Happy Halloween」と書かれた、タイトル文字です。,https://www.irasutoya.com/2012/08/happy-halloween.html,1,ハロウィン|メッセージ
934,irasutoya,https://blogger.googleusercontent.com/img/b/R29vZ2xl/AVvXsEhfcvUhWItIgj30EJCG9NV9Z32PH_cq55ppDaksUUJBcAGzEKQq3PX0Wm_jIFR-BnjI-i37xJAavQzCRqjHJKeKF4ZZKBRKBP9pRaMLLU0Afgqtl4uEOAKTNxsi6unxA4h9RHE_CBZxGcXA/s800/halloween_pumpkin2.png,415,354,2012-08-23,ハロウィンのイラスト「かぼちゃのランタン２」,ハロウィンのランタンのイラストです。にんまり笑っています。,https://www.irasutoya.com/2012/08/blog-post_23.html,ハロウィンのイラスト「かぼちゃのランタン２」,ハロウィンのランタンのイラストです。にんまり笑っています。,https://www.irasutoya.com/2012/08/blog-post_23.html,1,ハロウィン
935,irasutoya,https://blogger.googleusercontent.com/img/b/R29vZ2xl/AVvXsEgtwGnfaCteThV0ler0RDqCLV_Y0xjZCkw0d0AEopd4Z4mRYkHex-KzZxAsKl89ry5oslA_z2BLOCdSJYQNXTRni_zIzpBBWob6Xoa7E5-vghBxkxFSuWzHl3kPLhMQj8EKGLAYRTG3mAI3/s800/halloween_pumpkin3.png,416,354,2012-08-22,ハロウィンのイラスト「かぼちゃのランタン３」,パンプキンのランタンのイラストです。驚いています。,https://www.irasutoya.com/2012/08/blog-post_22.html,ハロウィンのイラスト「かぼちゃのランタン３」,パンプキンのランタンのイラストです。驚いています。,https://www.irasutoya.com/2012/08/blog-post_22.html,1,ハロウィン
936,irasutoya,https://blogger.googleusercontent.com/img/b/R29vZ2xl/AVvXsEjKHJAV1lEusjT9YVA-fJy6W8p5poWBP0FnMTobeztZ0dnfwygV9Mvl_76RPKjPKq1QbYPlkAWAbULU7MkuEkOi9JcCkY8WeiayzAfzjrHt7_-yLuDlMehIJ-3HZ6TSCGZdvFat1gqMM93y/s800/halloween_pumpkin1.png,416,354,2012-08-21,ハロウィンのイラスト「かぼちゃのランタン１」,カボチャのランタンのイラストです。笑っています。,https://www.irasutoya.com/2012/08/blog-post_21.html,ハロウィンのイラスト「かぼちゃのランタン１」,カボチャのランタンのイラストです。笑っています。,https://www.irasutoya.com/2012/08/blog-post_21.html,1,ハロウィン
937,irasutoya,https://blogger.googleusercontent.com/img/b/R29vZ2xl/AVvXsEiM24QEJypBsV8BoeLVTypuc35TCM4n0TVQgiEIFXoyDnm2AD6RHfiqMGu41OX6u1gZEvpTviIjUdcbXxnQPcv-uLeWSI_a0z9FB1j_7dYxzU3OMN1F9r5OXo8zUI_7ll0ikYQbffbWZKo-/s800/halloween_mansion.png,723,559,2012-08-20,ハロウィンのイラスト「お化け屋敷とコウモリ」,月夜に建つ、お化け屋敷のイラストです。空にはコウモリも飛んでいます。,https://www.irasutoya.com/2012/08/blog-post_20.html,ハロウィンのイラスト「お化け屋敷とコウモリ」,月夜に建つ、お化け屋敷のイラストです。空にはコウモリも飛んでいます。,https://www.irasutoya.com/2012/08/blog-post_20.html,1,ハロウィン|建物
938,irasutoya,https://blogger.googleusercontent.com/img/b/R29vZ2xl/AVvXsEj4EybdOjPXqjocKJg9aT8yUBQSfCDKKGywND7Ajyz7SGIkz4S0YoK5uyKzpXmzKPAnAJS7dmpc1ptuANrhTuH2TC9VomrJDNI2yTevAJqJvJsX4ihU0J0vWv-N0Yzl4mOeIXkvblc5DBC3/s800/halloween_grave.png,758,522,2012-08-19,ハロウィンのイラスト「お墓」,洋風のお墓のイラストです。,https://www.irasutoya.com/2012/08/blog-post_19.html,ハロウィンのイラスト「お墓」,洋風のお墓のイラストです。,https://www.irasutoya.com/2012/08/blog-post_19.html,1,ハロウィン
939,irasutoya,https://blogger.googleusercontent.com/img/b/R29vZ2xl/AVvXsEiVrJw7ONegg8mcoxK5LYStckE3MonEvJlMEF-hdRIXaKqZsTkmArfdRLoHmDFsChk4p9yrN6VN9QeEl4OcmhFk0qdlzjVbCaPNekRBbYRyFQbMnQ8WxmfcljwBP9PAe3CySFSzGh9L6IHi/s800/haloween_obake.png,474,571,2012-08-18,ハロウィンのイラスト「おばけ」,魔女の帽子をかぶったお化け（幽霊）のイラストです。,https://www.irasutoya.com/2012/08/blog-post_18.html,ハロウィンのイラスト「おばけ」,魔女の帽子をかぶったお化け（幽霊）のイラストです。,https://www.irasutoya.com/2012/08/blog-post_18.html,1,キャラクター|ハロウィン
940,irasutoya,https://blogger.googleusercontent.com/img/b/R29vZ2xl/AVvXsEgJEQk0uVLS3q76DdG0d2Ytua1EgdFnJqVYb4ZrECCsg8QOL3nHTJPShnaEYEd-Zbcz2LNiwlH5e88JOXg44T_O6AIVsN-u6kwYJxKtzC0sQ7pbuHjEBOALgFF3VfpShEYKrX4OWBv83QWz/s800/halloween_nekomajo.png,556,532,2012-08-17,ハロウィンのイラスト「黒猫の魔法使い」,魔女の格好をした、可愛い黒猫のイラストです。ステッキで魔法をかけています。,https://www.irasutoya.com/2012/08/blog-post_17.html,ハロウィンのイラスト「黒猫の魔法使い」,魔女の格好をした、可愛い黒猫のイラストです。ステッキで魔法をかけています。,https://www.irasutoya.com/2012/08/blog-post_17.html,1,キャラクター|ハロウィン|猫
941,irasutoya,https://blogger.googleusercontent.com/img/b/R29vZ2xl/AVvXsEgdO6QJgQj9QSivio9QeQyISRAY5jje6DBY43Ko0EFdwvgG82xlu6PlEhT8MjWHhPLgdyEVqmz5B2-2XajmzlhAefbMsDiYgoD9hn4GlbPj8Q0Xd5te4Ec8C2lQPSnza6RHuGcvu-4rjAQZ/s800/haloween_cat.png,479,506,2012-08-16,ハロウィンのイラスト「黒猫」,魔女の帽子をかぶった、可愛い黒猫のイラストです。,https://www.irasutoya.com/2012/08/blog-post_16.html,ハロウィンのイラスト「黒猫」,魔女の帽子をかぶった、可愛い黒猫のイラストです。,https://www.irasutoya.com/2012/08/blog-post_16.html,1,キャラクター|ハロウィン|猫
942,irasutoya,https://blogger.googleusercontent.com/img/b/R29vZ2xl/AVvXsEgsrW4ZuBjHYj4nWLNPhNve2-OAQPlGa0fSMUOzu9VHuCiP_yg7dwg_q0pUFQF-BxVbo2i63IIAluMYO-5viBkYW9yFiNRIrgh9QS8DJ38Qdfuob4ySv1mEJRORziybUFrIeQASVa4dD6Vb/s800/halloween_pumpkins.png,609,484,2012-08-15,ハロウィンのイラスト「かぼちゃのランタン・３つ」,ハロウィンの定番、カボチャでできた、パンプキンランタンのイラストです。３つまとめました。,https://www.irasutoya.com/2012/08/blog-post_15.html,ハロウィンのイラスト「かぼちゃのランタン・３つ」,ハロウィンの定番、カボチャでできた、パンプキンランタンのイラストです。３つまとめました。,https://www.irasutoya.com/2012/08/blog-post_15.html,1,ハロウィン
943,irasutoya,https://blogger.googleusercontent.com/img/b/R29vZ2xl/AVvXsEg286H3pjMRkqB24QiHKGoSW6CcEjetmkwxpbVC3uZfYtyYUQY42QpvYZwendcf5QAwmnUORO-2uko3CIPCVtgRUeL-h2aw8joWtbfYRUyI_o0WD48AizZKF59SwhWpKwvRbSeeS-BTbKE/s800/business_zangyou.png,672,609,2012-08-02,ビジネスのイラスト「残業」,夜遅くまで残業で、会社に残っている男性サラリーマンのイラストです。,https://www.irasutoya.com/2012/08/blog-post_2.html,ビジネスのイラスト「残業」,夜遅くまで残業で、会社に残っている男性サラリーマンのイラストです。,https://www.irasutoya.com/2012/08/blog-post_2.html,1,会社
945,irasutoya,https://blogger.googleusercontent.com/img/b/R29vZ2xl/AVvXsEgpLoEvSSFjNGZtVgMfJpKh8qfBzi_cYzXTHlsHTRM3-DPJFB0LMszKUjoTuxD2N2S9m-5Bjtequ0tdHiAVebhlf4a_AHnDBuAmqOGsyHv4K5_NwwF-zlUQt46_7lYnzaX9QiWm0E9x9-I2/s800/whiteboard_blank_woman2.png,800,747,2012-08-01,プレゼンテーションのイラスト「ホワイトボード・女性」,白紙のホワイトボードと、その前に立つ女性のイラストです。,https://www.irasutoya.com/2012/08/blog-post.html,プレゼンテーションのイラスト「ホワイトボード・女性」,白紙のホワイトボードと、その前に立つ女性のイラストです。,https://www.irasutoya.com/2012/08/blog-post.html,1,ビジネス
944,irasutoya,https://blogger.googleusercontent.com/img/b/R29vZ2xl/AVvXsEiIneo_k1iZ0Wje3XpBEMt5zAF9pBFjq2bqv-uAaPqHH3032plcobdFBh-VImekz-5YVs0C5XD6ck4DFF8ZTAvPcrsr26p6NO8aJRjZ5ASht9NgiAHjlVjR_ITOrWghMT0vWnfDS1n7Owcu/s800/whiteboard_memo_woman2.png,800,747,2012-08-01,プレゼンテーションのイラスト「ホワイトボード・グラフ・女性」,ホワイトボードと、そこに載せられたグラフや資料や文字をさしている女性のイラストです。,https://www.irasutoya.com/2012/08/blog-post_1.html,プレゼンテーションのイラスト「ホワイトボード・グラフ・女性」,ホワイトボードと、そこに載せられたグラフや資料や文字をさしている女性のイラストです。,https://www.irasutoya.com/2012/08/blog-post_1.html,1,ビジネス
947,irasutoya,https://blogger.googleusercontent.com/img/b/R29vZ2xl/AVvXsEgSBX2cEHes8l3E5VcRDowBiJ-iq6rd7fWOE0o9u8ujQ1_I_oPhGOoxSr3HqL1M1BFLZBYx21NPdv_qKAUg0F6yg7fbZgOq6cSuWVVO_E40pPvp5fzW4oQM921vcVPYDQMOK_GjbLh18fOV/s800/whiteboard_up_man2.png,800,747,2012-07-31,プレゼンテーションのイラスト「ホワイトボード・右肩上がりのグラフ・男性」,ホワイトボードの右肩下がりのグラフを棒でさして、得意げになっている男性サラリーマンのイラストです。,https://www.irasutoya.com/2012/07/blog-post_31.html,プレゼンテーションのイラスト「ホワイトボード・右肩上がりのグラフ・男性」,ホワイトボードの右肩下がりのグラフを棒でさして、得意げになっている男性サラリーマンのイラストです。,https://www.irasutoya.com/2012/07/blog-post_31.html,1,ビジネス
946,irasutoya,https://blogger.googleusercontent.com/img/b/R29vZ2xl/AVvXsEiFxhdOElccXTBVAHkx-_CXWXgybNFkpesJDwA5We7jXwbygboyRX7CfMwky6GIs0UHVlXOuuPFmBbNPN3qq76zbfwiksy6a5Aoy_8wi2YGQxJw3c6tkqOd26AQ0Tvm-U8JqOJv0bjU7Uq7/s800/whiteboard_up_woman2.png,800,747,2012-07-31,プレゼンテーションのイラスト「ホワイトボード・右肩上がりのグラフ・女性」,ホワイトボードに書かれた、右肩上がりのグラフをさして喜んでいる、女性のイラストです。,https://www.irasutoya.com/2012/07/blog-post_6185.html,プレゼンテーションのイラスト「ホワイトボード・右肩上がりのグラフ・女性」,ホワイトボードに書かれた、右肩上がりのグラフをさして喜んでいる、女性のイラストです。,https://www.irasutoya.com/2012/07/blog-post_6185.html,1,ビジネス
949,irasutoya,https://blogger.googleusercontent.com/img/b/R29vZ2xl/AVvXsEix6_pfL3Pc070-pTDjpGX13v4GIX6Eu7SDyeER-oh22FJCHCHK4dAu_lmUK5vd2f0Eftlh9zA8VdxF1-ERrtI9qQSlXrugUuLo02io0yYjpOxlNSuU_b4tJdtbHwLlHm2jWAvqJ1DGondw/s800/whiteboard_blank_man2.png,800,747,2012-07-30,プレゼンテーションのイラスト「ホワイトボード・男性」,ホワイトボードを指している男性サラリーマンのイラストです。,https://www.irasutoya.com/2012/07/blog-post_30.html,プレゼンテーションのイラスト「ホワイトボード・男性」,ホワイトボードを指している男性サラリーマンのイラストです。,https://www.irasutoya.com/2012/07/blog-post_30.html,1,ビジネス
948,irasutoya,https://blogger.googleusercontent.com/img/b/R29vZ2xl/AVvXsEh8T5raVTaKIA9Fzju-MleYYGJmM1_cx-TyTWHW73FSYbt3WtsNQjtceu9T44lHuD6EtRMPNa85ixUItbOY8SiC_VhWcrzfVU6t-3-9UZ_9Wokiv2O2aKVy6BNJZgU-_c8gsVOfCP9osnqV/s800/whiteboard_memo_man2.png,800,747,2012-07-30,プレゼンテーションのイラスト「ホワイトボード・グラフ・男性」,ホワイトボードに載せられた、グラフや資料をさして、笑っている男性サラリーマンのイラストです。,https://www.irasutoya.com/2012/07/blog-post_2688.html,プレゼンテーションのイラスト「ホワイトボード・グラフ・男性」,ホワイトボードに載せられた、グラフや資料をさして、笑っている男性サラリーマンのイラストです。,https://www.irasutoya.com/2012/07/blog-post_2688.html,1,ビジネス
950,irasutoya,https://blogger.googleusercontent.com/img/b/R29vZ2xl/AVvXsEg9m0QOB0MwrTrZ7j1CqfDGb1OvNP1lqKfW5H4M0fq_1z1QhwSamBBSexvIdCV-v3u_25gQzhZ4rnbmvnt7gciN0Xs1QP6cYB-zB16RsR-eMa12V0YC94zYXKh4Ws55ro2efykRmHHYKn3C/s800/whiteboard_down_woman2.png,800,747,2012-07-29,プレゼンテーションのイラスト「ホワイトボード・右肩下がりのグラフ・女性」,ホワイトボードの右肩下がりのグラフを指して困っている、女性のイラストです。,https://www.irasutoya.com/2012/07/blog-post_29.html,プレゼンテーションのイラスト「ホワイトボード・右肩下がりのグラフ・女性」,ホワイトボードの右肩下がりのグラフを指して困っている、女性のイラストです。,https://www.irasutoya.com/2012/07/blog-post_29.html,1,ビジネス
951,irasutoya,https://blogger.googleusercontent.com/img/b/R29vZ2xl/AVvXsEiOVjRWP9oGilc0PE7eI9gw2sYuUZQn99AacWbZgkUhHaRBxPeeEQ-Cv6q5OrBt_YfAkTZA_W30Cp4camrBhAm01gXTMLKwDlDhNMgcMxtp8nJTtuAORTyRrJ3O_PUHHa36I68DajTni56s/s800/whiteboard_down_man2.png,800,747,2012-07-28,プレゼンテーションのイラスト「ホワイトボード・右肩下がりのグラフ・男性」,ホワイトボードに描かれた、右肩下がりのグラフをさして困っている男性サラリーマンのイラストです。,https://www.irasutoya.com/2012/07/blog-post_28.html,プレゼンテーションのイラスト「ホワイトボード・右肩下がりのグラフ・男性」,ホワイトボードに描かれた、右肩下がりのグラフをさして困っている男性サラリーマンのイラストです。,https://www.irasutoya.com/2012/07/blog-post_28.html,1,ビジネス
856,irasutoya,https://blogger.googleusercontent.com/img/b/R29vZ2xl/AVvXsEgi12MJesMVDKa9vMqk7X550IpWXwCXkrWNBuutmDKQhOq7fbY03AHJC9sF_Ym552INamaSjvTo3CN3kh0puUbVFsBPxrBXJxaxU9flccEBz-RWJc6q36UdZ38Olp0mUF3qjOrepVKDaU8/s800/whiteboard.png,636,662,2012-07-27,ホワイトボードのイラスト（ビジネス）,何も書いていない、白紙のホワイトボードのイラストです。,https://www.irasutoya.com/2012/07/blog-post_27.html,ホワイトボードのイラスト（ビジネス）,何も書いていない、白紙のホワイトボードのイラストです。,https://www.irasutoya.com/2012/07/blog-post_27.html,1,ビジネス
857,irasutoya,https://blogger.googleusercontent.com/img/b/R29vZ2xl/AVvXsEhH1prBCQfgDPJcVo74rIN19BfDhhMUPkPEItp2x5eM1lSCgFkEGm5qUAGBEGVjiwd6AmIkyoinJ-QZdsdwNMYjqmbD7Td3JZirKLN9GobRVC0G00XUrDAJPuF_wjWDKP7-WjWu1_PYvu-j/s800/super_businessman.png,800,785,2012-07-26,ビジネスのイラスト「万能ビジネスマン」,ノートパソコンや携帯電話をマルチタスクに駆使して活躍する、男性会社員（サラリーマン）のイラストです。,https://www.irasutoya.com/2012/07/blog-post_26.html,ビジネスのイラスト「万能ビジネスマン」,ノートパソコンや携帯電話をマルチタスクに駆使して活躍する、男性会社員（サラリーマン）のイラストです。,https://www.irasutoya.com/2012/07/blog-post_26.html,1,ビジネス|会社
858,irasutoya,https://blogger.googleusercontent.com/img/b/R29vZ2xl/AVvXsEhtM5pkntSANNPg8Pxp0v526W8jfOm48WG-S_ptr009DW7flq51gJ8qpY6a1qQqNDUTzuPFM44g-VQamSrS7u7tgLjkF2kbsTQMxcuaA_3jNjM3zvvpyH8fsoMlIiXsLxjKndFN9L5fs6M/s800/business_kaigi.png,800,670,2012-07-25,ビジネスのイラスト「会議」,資料を広げ、会議をしている男性会社員（サラリーマン）のイラストです。,https://www.irasutoya.com/2012/07/blog-post_25.html,ビジネスのイラスト「会議」,資料を広げ、会議をしている男性会社員（サラリーマン）のイラストです。,https://www.irasutoya.com/2012/07/blog-post_25.html,1,ビジネス|会社
859,irasutoya,https://blogger.googleusercontent.com/img/b/R29vZ2xl/AVvXsEhqhyphenhypheni9SmiPQdTwk8rVr3gxGZzSfEu9v1hqd92bsRekPx-acCYPYWCSb-1zkC6nCpRmLcvSgwG-5cJo70tUaER4-mnYbbdNachJbUhtJn-JWqbVdlBbaFQydTPZb-hWKUnOMToXlmtsVRRR/s800/operator.png,502,800,2012-07-24,ビジネスのイラスト「テレフォンアポインター・オペレーター」,右手を差し出して「どうぞ」と行っている、コールセンターで働く、テレフォンアポインター、オペレーターさんのイラストです。,https://www.irasutoya.com/2012/07/blog-post_24.html,ビジネスのイラスト「テレフォンアポインター・オペレーター」,右手を差し出して「どうぞ」と行っている、コールセンターで働く、テレフォンアポインター、オペレーターさんのイラストです。,https://www.irasutoya.com/2012/07/blog-post_24.html,1,ショッピング|ビジネス|職業
860,irasutoya,https://blogger.googleusercontent.com/img/b/R29vZ2xl/AVvXsEibKF9B5oHl5fOzWibWGsKycTubsV1zInHEnphQOnhISiTN1VXlyO6f_kfl3MRfqHMPIUam6F2mPe1udBsv_PtPBZ-5zksvU6FfWnY2QsImZ5eMSIO5mGgs7JZYzRbPIFOv25bMT8OPASE/s800/whiteboard_memo.png,576,434,2012-07-23,ビジネスのイラスト「グラフ資料」,グラフや、文字など、資料を並べた感じのビジネスイラストです。,https://www.irasutoya.com/2012/07/blog-post_23.html,ビジネスのイラスト「グラフ資料」,グラフや、文字など、資料を並べた感じのビジネスイラストです。,https://www.irasutoya.com/2012/07/blog-post_23.html,1,ビジネス
861,irasutoya,https://blogger.googleusercontent.com/img/b/R29vZ2xl/AVvXsEjKnUscaRU__2ztC2Vr4rbxbRkJ2TBvjUUK9AnTkpf8ZqdarIcLgMNt9wyJ-r0GSh-97W04fTMiaU6auKlg2GGzj3WrYCm5Hyof2ttzswHw1GYyPxVHfKRT4Ko2_2P21tHl9RIuCStG1gU/s800/graph_up.png,584,434,2012-07-22,ビジネスのイラスト「業績アップ・右肩上がりのグラフ」,ビジネスで使える、業績が上がっている右肩上がりのグラフのイラストです。,https://www.irasutoya.com/2012/07/blog-post_22.html,ビジネスのイラスト「業績アップ・右肩上がりのグラフ」,ビジネスで使える、業績が上がっている右肩上がりのグラフのイラストです。,https://www.irasutoya.com/2012/07/blog-post_22.html,1,ビジネス
862,irasutoya,https://blogger.googleusercontent.com/img/b/R29vZ2xl/AVvXsEiildhhRROO2oTSfxS8YJoNRRbx9ixM23eWtVHXevVYz0y29OakFPACqK5oMqY4tsWN1GdNOLOL_QLNRJNGoVqCoCmEq5JXNHQxloyin_F5dVHiZR5QfTwBxIp_wBYvbgbIUuA8BVcI1Hg/s800/graph_down.png,584,434,2012-07-21,ビジネスのイラスト「業績ダウン・右肩下がりのグラフ」,ビジネスで使える、業績が下がっている右肩下がりのグラフのイラストです。,https://www.irasutoya.com/2012/07/blog-post_21.html,ビジネスのイラスト「業績ダウン・右肩下がりのグラフ」,ビジネスで使える、業績が下がっている右肩下がりのグラフのイラストです。,https://www.irasutoya.com/2012/07/blog-post_21.html,1,ビジネス
864,irasutoya,https://blogger.googleusercontent.com/img/b/R29vZ2xl/AVvXsEg91Z3JQ34xsqwljRhky6nbyh8xZ1LyUtm-Faa32QiG6RAyH34wY0GlWcdcdqylzWrIq38LhkOQBYqOfOMejaecgyLKRKx2OV0U_nSDXo58WvwKAkMxwEAMkh8El9csGBxy3EwTQCwJ_7Vm/s1600/business_akusyu.png,680,532,2012-07-20,ビジネスのイラスト「握手・契約成立」,ビジネスで契約が成立して、握手をしているイラストです。,https://www.irasutoya.com/2012/07/blog-post_20.html,ビジネスのイラスト「握手・契約成立」,ビジネスで契約が成立して、握手をしているイラストです。,https://www.irasutoya.com/2012/07/blog-post_20.html,1,ビジネス|会社
866,irasutoya,https://blogger.googleusercontent.com/img/b/R29vZ2xl/AVvXsEgfjo7ThY__FPel45VM0fiF4kPBPro9TfcrX9tKq6s6GvpKQ2UBzo12HlxaalKyXnKsGreSHeFcUk0uwdtjycmxmxFANo046b72eW7RO0pCXjEInb4rzaCo4FuHzG5Fy_pWzQptTjjhF3s/s800/tokyo_tower.png,575,800,2012-07-17,東京タワーのイラスト（デフォルメ）,かつて日本一の高さを誇った赤い鉄骨で組まれた電波塔、東京タワー（日本電波塔）のイラストです。,https://www.irasutoya.com/2012/07/blog-post_17.html,東京タワーのイラスト（デフォルメ）,かつて日本一の高さを誇った赤い鉄骨で組まれた電波塔、東京タワー（日本電波塔）のイラストです。,https://www.irasutoya.com/2012/07/blog-post_17.html,1,ランドマーク
865,irasutoya,https://blogger.googleusercontent.com/img/b/R29vZ2xl/AVvXsEhVEIWAzuGhPwPFjG6slebi9VbhWHu-zacPXA34vG8NytudE7Dh_jcQBoHxdJpXuLf1XkZkP88nLg4sZqUyByJSZPc7jdJkMRqza4OZtlLxCiMW1Q3mqSeYetHsqlCV1vdzlLFnP7woTpE/s800/landmark_tower_tokyo.png,620,800,2012-07-17,東京タワーのイラスト,かつて日本一の高さを誇った赤い鉄骨で組まれた電波塔、東京タワー（日本電波塔）のイラストです。,https://www.irasutoya.com/2012/07/blog-post_17.html,東京タワーのイラスト,かつて日本一の高さを誇った赤い鉄骨で組まれた電波塔、東京タワー（日本電波塔）のイラストです。,https://www.irasutoya.com/2012/07/blog-post_17.html,1,ランドマーク
868,irasutoya,https://blogger.googleusercontent.com/img/b/R29vZ2xl/AVvXsEhqzFXHMUSaLIxF585GxBomIex9XnNP19rCqlP4epyGTtvjX-jNNUyCgJUAqYo61R7B0I9XFB-YgkLsa5MLP3jjJ1cRY_0bh2lTSoPV2PJm5RpQiRU0jPQ81bczVxA5rSOpz1mLQvty9Dc/s800/tokyo_skytree.png,436,800,2012-07-16,東京スカイツリーのイラスト（デフォルメ）,墨田区に建てられた東京タワーに代わり日本一高い電波塔、東京スカイツリーのイラストです。,https://www.irasutoya.com/2012/07/blog-post_16.html,東京スカイツリーのイラスト（デフォルメ）,墨田区に建てられた東京タワーに代わり日本一高い電波塔、東京スカイツリーのイラストです。,https://www.irasutoya.com/2012/07/blog-post_16.html,1,ランドマーク
867,irasutoya,https://blogger.googleusercontent.com/img/b/R29vZ2xl/AVvXsEg4dpa3x-7o8rTXXmwsBUfV0IG_jLxrRqO6_KCBVpzHyHtEQ8mfzyB5GyP4skwC0qdei440nL6J4cnon0hlJEvnE51Ke0ZPkc9-MnThVFm-Ostlyy7Mfy_HZcb9-mhZTwpYhMwh4RtV6gE/s800/landmark_tower_skytree.png,456,800,2012-07-16,東京スカイツリーのイラスト,墨田区に建てられた東京タワーに代わり日本一高い電波塔、東京スカイツリーのイラストです。,https://www.irasutoya.com/2012/07/blog-post_16.html,東京スカイツリーのイラスト,墨田区に建てられた東京タワーに代わり日本一高い電波塔、東京スカイツリーのイラストです。,https://www.irasutoya.com/2012/07/blog-post_16.html,1,ランドマーク
869,irasutoya,https://blogger.googleusercontent.com/img/b/R29vZ2xl/AVvXsEiWpZtN5Huc_ItwSinRtjFWdHbXM77bjwV-caBlWh9KkH8CmsjN9_2zk3xWUh8fcyMMVCnczX9Wo9bbAm3s5T_q6b7k9w0mwIjIQe_ckO-MwiMZ0FGYSLIi4TvbSQckMhV0n-1IxUegG8g/s800/statue_of_liberty.png,506,800,2012-07-15,自由の女神像のイラスト,アメリカのニューヨークにある、自由の女神像のイラストです。もともとは灯台だったそうです。,https://www.irasutoya.com/2012/07/blog-post_15.html,自由の女神像のイラスト,アメリカのニューヨークにある、自由の女神像のイラストです。もともとは灯台だったそうです。,https://www.irasutoya.com/2012/07/blog-post_15.html,1,ランドマーク
870,irasutoya,https://blogger.googleusercontent.com/img/b/R29vZ2xl/AVvXsEilqxMkQFiOKO4TZneI0W_kDrohq9gZLA_n4P4qY1J2__Yw128zD3vbqct2YGbAhxZliTz1Kv0sfmCgnJfPSOWaVo1MoQ6Wj0CELraxDh7qS3JDexpLH5oTw3huIjP655u6mgrXB4ctHcM/s800/sphinx.png,666,578,2012-07-14,スフィンクスのイラスト,エジプトのスフィンクスのイラストです。,https://www.irasutoya.com/2012/07/blog-post_14.html,スフィンクスのイラスト,エジプトのスフィンクスのイラストです。,https://www.irasutoya.com/2012/07/blog-post_14.html,1,キャラクター|ファンタジー
871,irasutoya,https://blogger.googleusercontent.com/img/b/R29vZ2xl/AVvXsEgCRSEi34HW9vpTO2gF3RiPirz0DEe-w4uE0TydO9Li5nbth6JNtofPWTMZhV3SeBgkc90MkhPE4GTyXOBUT2hbsv-vf4FGHl3o5bjGKdK8nRFjXlEURd1hewP7icAh05NbpkcLimGFYuU/s800/pyramid_sphinx.png,800,560,2012-07-13,スフィンクスとピラミッドのイラスト,エジプトのピラミッドと、スフィンクスが並んだイラストです。,https://www.irasutoya.com/2012/07/blog-post_13.html,スフィンクスとピラミッドのイラスト,エジプトのピラミッドと、スフィンクスが並んだイラストです。,https://www.irasutoya.com/2012/07/blog-post_13.html,1,キャラクター|ランドマーク
872,irasutoya,https://blogger.googleusercontent.com/img/b/R29vZ2xl/AVvXsEj9BZM1mqri6Rj2xjQcZs5nmP0FwqL43A0C47ucdM59MA9fSPuh9S_MX3NmZOwazeFkjBagJCL1RbGrT2eVX7rveB-lvkkpx_Wrb-kN_w2J4kykFHHNGXziZOSzfwpk23cqa3HdLI9FUECm/s1600/pyramid.png,818,438,2012-07-12,ピラミッドのイラスト,エジプトのピラミッドのイラストです。,https://www.irasutoya.com/2012/07/blog-post_12.html,ピラミッドのイラスト,エジプトのピラミッドのイラストです。,https://www.irasutoya.com/2012/07/blog-post_12.html,1,ランドマーク
873,irasutoya,https://blogger.googleusercontent.com/img/b/R29vZ2xl/AVvXsEh9QciwaVZoxVWwP68LPrEtlNbrj_34VLO5lVRy5M_02PUGN_6ScAHFBapEaFIcI2BwfpjRFFITjhRXhN1ue0SaCjzbQsK5Wt9Jo6DMULz_2Y9YUX0MEOD988iY3z75goBhORq3IJlTAqA/s800/tatemono2_10.png,800,582,2012-07-11,シドニー・オペラハウスのイラスト,オーストラリアのシドニーにある、コンサート劇場、オペラハウスのイラストです。このまま飛んでいってしまいそうな、かっこいいデザインですよね。,https://www.irasutoya.com/2012/07/blog-post_11.html,シドニー・オペラハウスのイラスト,オーストラリアのシドニーにある、コンサート劇場、オペラハウスのイラストです。このまま飛んでいってしまいそうな、かっこいいデザインですよね。,https://www.irasutoya.com/2012/07/blog-post_11.html,1,ランドマーク
874,irasutoya,https://blogger.googleusercontent.com/img/b/R29vZ2xl/AVvXsEiN9QwYaSBr5HnpQNIFis_gHrujD2OCs2HducTiPEtvS8QYrRQa5C47bwhuz92-aiU_XdycAerDW4nwdvURp5oar-a23gsIoaaFs-O1sMdk3SilQZKzAoMMv8zrerGs407OMcNmMlih8W8/s800/gaisenmon.png,600,574,2012-07-10,エトワール凱旋門のイラスト,フランス、パリのシャンゼリゼ通りにある大きな門、エトワール凱旋門のイラストです。,https://www.irasutoya.com/2012/07/blog-post_10.html,エトワール凱旋門のイラスト,フランス、パリのシャンゼリゼ通りにある大きな門、エトワール凱旋門のイラストです。,https://www.irasutoya.com/2012/07/blog-post_10.html,1,ランドマーク
875,irasutoya,https://blogger.googleusercontent.com/img/b/R29vZ2xl/AVvXsEhwVfROsHbCKZESXAibQywkux50Owt6NNErNW-3YR5b3uLNUu_MUC-NOUOLOwa9TBYAlbX12KpcmY-KEoiqOxtp1JuIqfmVlWUOLvDEjrKG1fyE9mnCqtBHcZ6odlIeGoeAYbzE6k8zP8U/s800/big_ben.png,417,800,2012-07-09,ビッグ・ベン時計台のイラスト,イギリスのロンドンにある大きな時計台、ビッグベンのイラストです。,https://www.irasutoya.com/2012/07/blog-post_09.html,ビッグ・ベン時計台のイラスト,イギリスのロンドンにある大きな時計台、ビッグベンのイラストです。,https://www.irasutoya.com/2012/07/blog-post_09.html,1,ランドマーク
876,irasutoya,https://blogger.googleusercontent.com/img/b/R29vZ2xl/AVvXsEiau2o0iuHUkZ4pw3ZnO6lGuFgXkLifRQBEPU0BvmYF1-nvsC5vG1ATh9aZxvgI9PqnUKJ_jmYcCYF3ZnzsUA29c28UWcrrGfIKLS3vvGkJR7GgdG6muXSxYHzPsU54NdSPsa8VNXjzKGk/s800/Torre_di_Pisa.png,533,800,2012-07-08,ピサの斜塔のイラスト,イタリアの世界遺産、ピサの斜塔のイラストです。倒れそう！,https://www.irasutoya.com/2012/07/blog-post_08.html,ピサの斜塔のイラスト,イタリアの世界遺産、ピサの斜塔のイラストです。倒れそう！,https://www.irasutoya.com/2012/07/blog-post_08.html,1,ランドマーク
877,irasutoya,https://blogger.googleusercontent.com/img/b/R29vZ2xl/AVvXsEiKS0q03KSrJ5ncqJwLJTPFyw_SDuO4Rwm1ciQ5hPXe623T891DWRRFsn-hGdrjdMx51otZws_Dc_6RMYnajPiR-1TMnWaQkV42WR2mDy0Svwxypxk_HtjBvvFvt7HuiGUrz4mg2eiuiwA/s800/TajMahal.png,740,600,2012-07-07,タージ・マハルのイラスト,インドの世界遺産、タージマハルのイラストです。真っ白でとても綺麗ですね。,https://www.irasutoya.com/2012/07/blog-post_07.html,タージ・マハルのイラスト,インドの世界遺産、タージマハルのイラストです。真っ白でとても綺麗ですね。,https://www.irasutoya.com/2012/07/blog-post_07.html,1,ランドマーク
884,irasutoya,https://blogger.googleusercontent.com/img/b/R29vZ2xl/AVvXsEgxFMGWDYvxhLMmTu3UB3OGopNPum4BYxVQApoBDnoA6iy5XUvsopUg9oWWv0NQyiBVpmaHqHOur9lco-xLlNcB-ZdU43grnOrEHGHiVJ5pIj2IP4a4pblOvErAe4zLXsGXsVQyF3bXZPjA/s800/olympic_kindai_gosyumoku2.png,800,549,2012-07-06,オリンピックのイラスト「近代五種競技」,1人で、射撃・フェンシング・水泳・馬術・ランニングの5競技をこなす近代五種競技のイラストです。,https://www.irasutoya.com/2012/07/blog-post_06.html,オリンピックのイラスト「近代五種競技」,1人で、射撃・フェンシング・水泳・馬術・ランニングの5競技をこなす近代五種競技のイラストです。,https://www.irasutoya.com/2012/07/blog-post_06.html,1,オリンピック|スポーツ
883,irasutoya,https://blogger.googleusercontent.com/img/b/R29vZ2xl/AVvXsEi_W6rIuLp7472EzXoM5zE0hk8t1thT3Z1JHzWbsKZnzFzQMVPXP60AAiLYQNzlN9YW3gcLHBTFXhyphenhyphen071tElWzqx5naduFaYZWBxfkF89N6ssIPXLW_j6Q_tjn-WP2tbTrF6U92oole5Pw/s800/Sagrada+Fam%C3%ADlia.png,564,698,2012-07-06,サグラダ・ファミリアのイラスト,巨匠ガウディーの残した世界一有名な教会、サグラダファミリアのイラストです。,https://www.irasutoya.com/2012/07/blog-post_7211.html,サグラダ・ファミリアのイラスト,巨匠ガウディーの残した世界一有名な教会、サグラダファミリアのイラストです。,https://www.irasutoya.com/2012/07/blog-post_7211.html,1,ランドマーク
882,irasutoya,https://blogger.googleusercontent.com/img/b/R29vZ2xl/AVvXsEhrO39UdW8tliDGIorakT1mCWNWZSHbGyuvF4DLUX8rOHsbClYgNc7gH3HKyqFrbl5mHZ96B0jXkkUdOvnE7hY9wrigTRNIGa60_OcjnMz-9EjmQFicszgz_KNbpIIbk0DBcLZe2_jJBk61/s800/olympic34_triathlon2.png,800,640,2012-07-06,オリンピックのイラスト「トライアスロン」,一人で、水泳・自転車ロードレース・長距離走を連続して行う耐久競技、トライアスロンのイラストです。,https://www.irasutoya.com/2012/07/blog-post_589.html,オリンピックのイラスト「トライアスロン」,一人で、水泳・自転車ロードレース・長距離走を連続して行う耐久競技、トライアスロンのイラストです。,https://www.irasutoya.com/2012/07/blog-post_589.html,1,オリンピック|スポーツ|自転車
881,irasutoya,https://blogger.googleusercontent.com/img/b/R29vZ2xl/AVvXsEhnEt-VpxBgfw6qaHSF4CDfEpjZ13nq9UQ-WjHO_mett06LUXgqeQ1HvLAtqTWZ26F-uGwEltzrnmzxYNGQRoSL_ToQ5sJBSjRzJEBqSyyqZG00WBwitzgdWNiHZWomKbyM0BIXCX0z-iNA/s800/medal_bronze.png,567,678,2012-07-06,オリンピックのイラスト「銅メダル」,赤いストラップの付いた銅メダルのイラストです。,https://www.irasutoya.com/2012/07/blog-post_3263.html,オリンピックのイラスト「銅メダル」,赤いストラップの付いた銅メダルのイラストです。,https://www.irasutoya.com/2012/07/blog-post_3263.html,1,オリンピック|スポーツ|スポーツ用具
880,irasutoya,https://blogger.googleusercontent.com/img/b/R29vZ2xl/AVvXsEirvMuWA03xdTYp5tpQ1DyNfg3Vg2GQubB660nm15MODHGYmPSy55IuoEpyaHt9ZFIJKBeJ1vDx15DHsEt2adPd7UOAT-WwZS5qLdxc7KgbpY72HEWkYaGWVo4kOamTehI62sbxlq1rcA0A/s800/medal_medal.png,567,678,2012-07-06,オリンピックのイラスト「金メダル」,赤い紐の付いた金メダルのイラストです。,https://www.irasutoya.com/2012/07/blog-post_4523.html,オリンピックのイラスト「金メダル」,赤い紐の付いた金メダルのイラストです。,https://www.irasutoya.com/2012/07/blog-post_4523.html,1,オリンピック|スポーツ|スポーツ用具
879,irasutoya,https://blogger.googleusercontent.com/img/b/R29vZ2xl/AVvXsEjijfC8a_Hbh__i-0vopmb6kMhWGXa8tOgRhaAMo2n9FE_STvjEpE-HexrlrQcVhm27WWhuSv2DGQ5vRhJ83D1wMHcXZnvOnRnbN8P2vR6_VG6CG1tJgFjou-aOD4DViMeq0a9dqdmEMOdq/s800/medal_silver.png,567,678,2012-07-06,オリンピックのイラスト「銀メダル」,２位の選手に送られる銀メダルのイラストです。,https://www.irasutoya.com/2012/07/blog-post_1518.html,オリンピックのイラスト「銀メダル」,２位の選手に送られる銀メダルのイラストです。,https://www.irasutoya.com/2012/07/blog-post_1518.html,1,オリンピック|スポーツ|スポーツ用具
878,irasutoya,https://blogger.googleusercontent.com/img/b/R29vZ2xl/AVvXsEh-t-kiAk9NJ1WTwhyphenhyphenOJLDUt0jvoxvF1GDhpAFTEQWDYEeJfFxTZTOI6H27jJU1pSn7kKiZZ33IP0QVFzrw8uQfbL8Ec7djYPr01Mk9wtfqK3pSDkL7VHGkL47kGR-sxu9wpCqYTg-ReSfY/s800/medal_gold_silver_bronze.png,800,681,2012-07-06,オリンピックのイラスト「金銀銅メダル」,金メダル、銀メダル、銅メダル、３つ揃ったイラストです。,https://www.irasutoya.com/2012/07/blog-post_777.html,オリンピックのイラスト「金銀銅メダル」,金メダル、銀メダル、銅メダル、３つ揃ったイラストです。,https://www.irasutoya.com/2012/07/blog-post_777.html,1,オリンピック|スポーツ|スポーツ用具
893,irasutoya,https://blogger.googleusercontent.com/img/b/R29vZ2xl/AVvXsEhzQtCdoXx-2BLasCWdptdpb0JazT24_dLcWlSIja4u3tf1Q1bYi7oSZz-dvXMB6pQ8uRkm3YRJ3GhRlyz5_bBlq36Mo6YKArj2LbH05HhA-9COEPz4_A2sstYZUNCm729xN5iJRV8tCCM/s800/olympic3_21.png,488,528,2012-07-05,オリンピックのイラスト「サッカー・赤ユニフォーム」,サッカーボールを蹴っているサッカー日本代表選手のイラストです。,https://www.irasutoya.com/2012/07/blog-post_5939.html,オリンピックのイラスト「サッカー・赤ユニフォーム」,サッカーボールを蹴っているサッカー日本代表選手のイラストです。,https://www.irasutoya.com/2012/07/blog-post_5939.html,1,オリンピック|サッカー|体育
892,irasutoya,https://blogger.googleusercontent.com/img/b/R29vZ2xl/AVvXsEjZkdnmQLTpSuL7KhzsVUvnqmqXtYdoHEip0RnlI414kFxEd90IU5N1F35GllXkpTAYuQPw8RDODqb7XBnOa5f5a7NwG8w4VyY9P6t-BXG45N8rjcASBVRBvDGKBnerywWlm40_0X0GEnM/s800/olympic26_basketball.png,502,548,2012-07-05,オリンピックのイラスト「バスケットボール」,バスケットボール（バスケ・バスケット）をしている、オリンピック日本代表選手のイラストです。,https://www.irasutoya.com/2012/07/blog-post_7106.html,オリンピックのイラスト「バスケットボール」,バスケットボール（バスケ・バスケット）をしている、オリンピック日本代表選手のイラストです。,https://www.irasutoya.com/2012/07/blog-post_7106.html,1,オリンピック|スポーツ|体育
891,irasutoya,https://blogger.googleusercontent.com/img/b/R29vZ2xl/AVvXsEiJdB1HIPKPnWS1XDIGPjIUUUhE8Rp6N2ZQtSAWsQOLvThs6_DeJaVUQ-PvSDyzuZT96j1IvNAK_fDVMRCe7yzZWu9wBot4a_sZ7JjwaK1PBgv9OmrhyxKrsOW0ciutOA-HcnD3YlxNagY/s800/Parthenon.png,622,494,2012-07-05,パルテノン神殿のイラスト,ギリシャの世界遺産、パルテノン神殿のイラストです。,https://www.irasutoya.com/2012/07/blog-post_05.html,パルテノン神殿のイラスト,ギリシャの世界遺産、パルテノン神殿のイラストです。,https://www.irasutoya.com/2012/07/blog-post_05.html,1,ランドマーク
890,irasutoya,https://blogger.googleusercontent.com/img/b/R29vZ2xl/AVvXsEizpC1EIpUapjqxcO5jFlklpT8H5TTlINys68asyYaSekJP2Bc3qHmMhvDhM6TM7jKgQV10Q4rOF0Pke8NsjMqOFGNVpA59egG5Vo4_Wt_auG-V02rxhSknFPXQmvXy22TBv0VWmh_nQ1M/s800/sports_volleyball_man_atack.png,727,800,2012-07-05,男子バレーボール選手のイラスト,アタックをしているバレーボール（男子バレー）選手のイラストです。,https://www.irasutoya.com/2012/07/blog-post_4586.html,男子バレーボール選手のイラスト,アタックをしているバレーボール（男子バレー）選手のイラストです。,https://www.irasutoya.com/2012/07/blog-post_4586.html,1,オリンピック|スポーツ
889,irasutoya,https://blogger.googleusercontent.com/img/b/R29vZ2xl/AVvXsEggdi75RJq_RD7UKs2hu8FrPag2sDHZHeP8ph2TKvc1zv8MVAZQJWPJea8tp-t7apsNBxLVgwvDIEnOafS86ezkZGgs3tg6YnNMcin8ZsiPI497pIScmYUMxyHaxevxiDxjR-6pFdRN8xI/s800/olympic28_handball.png,474,570,2012-07-05,オリンピックのイラスト「ハンドボール」,ジャンプをしてボールを投げている、ハンドボール選手のイラストです。,https://www.irasutoya.com/2012/07/blog-post_3940.html,オリンピックのイラスト「ハンドボール」,ジャンプをしてボールを投げている、ハンドボール選手のイラストです。,https://www.irasutoya.com/2012/07/blog-post_3940.html,1,オリンピック|スポーツ
888,irasutoya,https://blogger.googleusercontent.com/img/b/R29vZ2xl/AVvXsEjVNsUXwNsWPuS6B9TGyWfM5POLdkqFD8fK_AinzzT4ETud_XKhJyF6suYTBNwhm1zp-Mbq7F_YeMFb2R6uo0YdLWhs5E-tgychaiOTt4EetY_gL7X-UGGtiORkLEi92O_uCWAub8M4bZ0/s800/olympic29_hockey.png,451,560,2012-07-05,オリンピックのイラスト「ホッケー」,ボールを打っているホッケー選手のイラストです。,https://www.irasutoya.com/2012/07/blog-post_6854.html,オリンピックのイラスト「ホッケー」,ボールを打っているホッケー選手のイラストです。,https://www.irasutoya.com/2012/07/blog-post_6854.html,1,オリンピック|スポーツ
887,irasutoya,https://blogger.googleusercontent.com/img/b/R29vZ2xl/AVvXsEhf2ehyphenhyphen58XK7NbWFD6xCEW3b5ysD0zd_9e0Fskd9iIa9wWqfG2vmTM74zC2_931n5oUJOcroaZ00ngJuUnM4LbMro-YOmMyHUiwBrnZCKDriAHvGRZ3fujtjFu7Q4Gqqg2Q75njgrx2fIWW/s800/takkyu_tabletennis_woman.png,800,746,2012-07-05,オリンピックのイラスト「卓球」,卓球をしている女性の選手のイラストです。,https://www.irasutoya.com/2012/07/blog-post_4323.html,オリンピックのイラスト「卓球」,卓球をしている女性の選手のイラストです。,https://www.irasutoya.com/2012/07/blog-post_4323.html,1,オリンピック|スポーツ
886,irasutoya,https://blogger.googleusercontent.com/img/b/R29vZ2xl/AVvXsEik6cyyGsizzIqQl1o28C_CEDfp4_WuxeJ1_Ri56tPUj119eQ4hlp-BMCibu0ASNrDgcd3XP4sMxl8muIdetF6mtfVL1TxE3KPoYyoqTkDJZGGnzfo4QYyFj-LAt5lNx9uuWI67hEXQiZM/s800/olympic31_badminton.png,567,534,2012-07-05,オリンピックのイラスト「バドミントン」,バドミントンでラケットを打っている選手のイラストです。,https://www.irasutoya.com/2012/07/blog-post_4149.html,オリンピックのイラスト「バドミントン」,バドミントンでラケットを打っている選手のイラストです。,https://www.irasutoya.com/2012/07/blog-post_4149.html,1,オリンピック|スポーツ
885,irasutoya,https://blogger.googleusercontent.com/img/b/R29vZ2xl/AVvXsEj0yu2oVNaiG3pPOSGeTaLepjAFIyrg-3YtCrKCbpuGdmXprYAXQjiQNgvs4vxEDCht0obpK7x7Z51P1SN_nOGrocFCR0Td7ZV1HGB86eT-WjKmk48uzLY1ym6nuZS5q1Z_8TbD5UJiICCr/s800/olympic_jouba_horse_woman.png,689,800,2012-07-05,オリンピックのイラスト「馬術・乗馬」,馬に乗ってジャンプをしている馬術選手のイラストです。,https://www.irasutoya.com/2012/07/blog-post_1672.html,オリンピックのイラスト「馬術・乗馬」,馬に乗ってジャンプをしている馬術選手のイラストです。,https://www.irasutoya.com/2012/07/blog-post_1672.html,1,オリンピック|スポーツ|趣味
863,irasutoya,https://blogger.googleusercontent.com/img/b/R29vZ2xl/AVvXsEhOekn9HUH8X4KlSai16pyrE8QDtBS-w3JLViATxr_jbYS4MgOCDVt5RWOS7Y2qcLMkQR9gLdPtZYZEBZn_EgZM3nPy6_81UQyADlfnPM8lqodiV6fXBiT91JhUT5qyDrmlXnXioingimk/s800/olympic25_soccer_blue.png,440,526,2012-07-05,オリンピックのイラスト「サッカー・青ユニフォーム」,サッカーボールを蹴っているサッカー日本代表選手のイラストです。,https://www.irasutoya.com/2012/07/blog-post_5939.html,オリンピックのイラスト「サッカー・青ユニフォーム」|サッカー選手のイラスト「シュート！」,サッカーボールを蹴っているサッカー日本代表選手のイラストです。|サムライブルーの青いユニフォームを着た男の子がサッカーボールを蹴っているイラストです。,https://www.irasutoya.com/2012/07/blog-post_5939.html|https://www.irasutoya.com/2012/07/blog-post_8262.html,2,オリンピック|サッカー|体育
901,irasutoya,https://blogger.googleusercontent.com/img/b/R29vZ2xl/AVvXsEijjIZWa_bnJFq2mlSJzLHV6j_NQVHYJXk68nMdHHpMTSfQMY-hib4bvumCijSlekL1XNL8rM5P9Z51CaGfuopHYH6WMoZ_tp7M1R2Byu4ZE03Kgw4v_bgwZH6OIrByhaxP1MZyGlV0hN4/s800/Mont_Saint_Michel.png,760,648,2012-07-04,モン・サン・ミッシェルのイラスト,フランス西海岸にある修道院、モン・サン・ミッシェルのイラストです。孤島に浮かぶ教会なんて、壮大でロマンチックなシチュエーションです。,https://www.irasutoya.com/2012/07/blog-post_1568.html,モン・サン・ミッシェルのイラスト,フランス西海岸にある修道院、モン・サン・ミッシェルのイラストです。孤島に浮かぶ教会なんて、壮大でロマンチックなシチュエーションです。,https://www.irasutoya.com/2012/07/blog-post_1568.html,1,ランドマーク
900,irasutoya,https://blogger.googleusercontent.com/img/b/R29vZ2xl/AVvXsEiJBlXHh1KdVCm7NVs88T7QF6oAOOiKmZT8Z5khWvjrZujgpqANFBRtZRNv67kWlCPKWKqxrBGmDDJ1qKTwjfhstvA0rvAE_hTWeRMNzyFCKyoHmNsEXHS-W5ptGDARxIW_P9ABqg6EkC8/s800/olympic17_archery.png,495,604,2012-07-04,オリンピックのイラスト「アーチェリー」,アーチェリーの弓を構えているオリンピック選手のイラストです。,https://www.irasutoya.com/2012/07/blog-post_5306.html,オリンピックのイラスト「アーチェリー」,アーチェリーの弓を構えているオリンピック選手のイラストです。,https://www.irasutoya.com/2012/07/blog-post_5306.html,1,オリンピック|スポーツ
899,irasutoya,https://blogger.googleusercontent.com/img/b/R29vZ2xl/AVvXsEgYwElmLUOys_aVlqWs2yYFzpiaZRM3KcLi9O2WhB10eQ5yl1TeO5pjLguEyoAGexYs7c7Wphe-TDoKmYK_3f0_P0Io-k6Q4txFIC6qH10UCVC2JMdQStP-MxWcDKa05C4AudQPbprp4yWA/s800/olympic18_bicycle2.png,697,697,2012-07-04,オリンピックのイラスト「自転車・トラック・ロードレース」,ロードバイクに乗っている自転車選手のイラストです。,https://www.irasutoya.com/2012/07/blog-post_4957.html,オリンピックのイラスト「自転車・トラック・ロードレース」,ロードバイクに乗っている自転車選手のイラストです。,https://www.irasutoya.com/2012/07/blog-post_4957.html,1,オリンピック|スポーツ|自転車
898,irasutoya,https://blogger.googleusercontent.com/img/b/R29vZ2xl/AVvXsEj0CQnVzVOcycn9-p0W3kZNG5YB1C4mpVkhPOxlgRl6k98teHsSJ6exU_cGqWk1IiZzMEo0FkW1_mww7zQuAow4sYQHgZtKYF2PribHEHzlJzOXLa5-fcSZfaogOG22kjrFnOoqA5lrpk1I/s800/olympic19_mountain_bicycle2.png,800,800,2012-07-04,オリンピックのイラスト「マウンテンバイク」,マウンテンバイクに乗って、坂道を登っている自転車選手のイラストです。,https://www.irasutoya.com/2012/07/blog-post_7473.html,オリンピックのイラスト「マウンテンバイク」,マウンテンバイクに乗って、坂道を登っている自転車選手のイラストです。,https://www.irasutoya.com/2012/07/blog-post_7473.html,1,オリンピック|スポーツ|自転車
897,irasutoya,https://blogger.googleusercontent.com/img/b/R29vZ2xl/AVvXsEhkr3KmVJffiUV0pebpKjpZLEVi7KVbmRbH7y4BBFZHkee5Yq8TtT7kDQxdB8VnrJ6wMFOsuwB1Lm9ER2GilJ0XIb28mHwxAz3sOSJLz48r9uGwd5BjoQcUoLf3FC1sTxSQ7-uA8Knx9D8/s800/olympic21_boat_4.png,799,800,2012-07-04,■,複数でオールを漕いで、ボート競技をしているオリンピック選手のイラストです。,https://www.irasutoya.com/2012/07/blog-post_3963.html,■,複数でオールを漕いで、ボート競技をしているオリンピック選手のイラストです。,https://www.irasutoya.com/2012/07/blog-post_3963.html,1,オリンピック|スポーツ|乗り物
896,irasutoya,https://blogger.googleusercontent.com/img/b/R29vZ2xl/AVvXsEju0R_jPQ5WuGlEiTld9Lq5NBm0raguZyXQsNHr3NVQojElWReEO51XBZ5ujqMolZSRLuEcM07OuM9luQMVDOkm6OXczf1ZpmntCupX3WYx3oc6O8fYeJXLZxXTHGycT6HySVHpTvSkZAm5/s800/sports_sailing_man.png,800,800,2012-07-04,オリンピックのイラスト「セーリング」,帆船に乗ってセーリング競技をしているオリンピック選手のイラストです。,https://www.irasutoya.com/2012/07/blog-post_8447.html,オリンピックのイラスト「セーリング」,帆船に乗ってセーリング競技をしているオリンピック選手のイラストです。,https://www.irasutoya.com/2012/07/blog-post_8447.html,1,オリンピック|スポーツ|乗り物|夏|海
895,irasutoya,https://blogger.googleusercontent.com/img/b/R29vZ2xl/AVvXsEh1XzyJCkSRaQNXq1qaY1Pp_sVhwHS1wJTE1pPPYzCPNNqd1Kmx_zg6Ddv3hYy2vgtQkFBcGN81ELq0GlPZdujpQqrvFNFAPdS5GXoZNknDpsuVnIt6jNvWkSwB1B9HGyetCimxoNJzXlo/s800/olympic23_canoe.png,723,576,2012-07-04,オリンピックのイラスト「カヌー」,カヌー（フラットウォーター・スラローム）を漕いでいるオリンピック選手のイラストです。,https://www.irasutoya.com/2012/07/blog-post_6375.html,オリンピックのイラスト「カヌー」,カヌー（フラットウォーター・スラローム）を漕いでいるオリンピック選手のイラストです。,https://www.irasutoya.com/2012/07/blog-post_6375.html,1,オリンピック|スポーツ|乗り物
894,irasutoya,https://blogger.googleusercontent.com/img/b/R29vZ2xl/AVvXsEi7AoGyd2sF-new95qBJ49ZPgC2u0a2MV11fL04cSBsq81mVjlHPYsLVpNBB-aq_EAryDvPdkUi1mfZLVo2OBQUFrDzocwNNpbmMBut9K959nSU2cuTEwiZ-8mX1RxdyqAOSUXdDTNsSW8/s800/olympic24_tennis.png,588,526,2012-07-04,オリンピックのイラスト「テニス」,テニスをプレーしているオリンピック選手のイラストです。,https://www.irasutoya.com/2012/07/blog-post_3568.html,オリンピックのイラスト「テニス」,テニスをプレーしているオリンピック選手のイラストです。,https://www.irasutoya.com/2012/07/blog-post_3568.html,1,オリンピック|スポーツ
812,irasutoya,https://blogger.googleusercontent.com/img/b/R29vZ2xl/AVvXsEgxEFT7a1c2qlF8d-7EWEoiaQxVGx7TrJ3TmbqZiP7f34jv8bDzFPgHiDSEemu-xlkMoaDSY4rVGDAvNUGwcQc1Gq-RkffOzPFMtHEHqSdaYBQqYQLOLIMaboCkj-GZnk6ebsocsI9VqQc/s800/olympic16_shooting.png,586,472,2012-07-04,オリンピックのイラスト「射撃」,サングラスをかけて、ライフル銃で射撃をしているオリンピック選手のイラストです。,https://www.irasutoya.com/2012/07/blog-post_04.html,オリンピックのイラスト「射撃」,サングラスをかけて、ライフル銃で射撃をしているオリンピック選手のイラストです。,https://www.irasutoya.com/2012/07/blog-post_04.html,1,オリンピック|スポーツ
824,irasutoya,https://blogger.googleusercontent.com/img/b/R29vZ2xl/AVvXsEiYPxakocKtEQ0aAZKiwWXIR_q6wIVVJD7UkmgFXyufiv4SNxvZXPqyPwUpHvgQ4utOc-_TqOqsKKLGv2f-ocu_9ChGthdEDowaTNFESPsH2lKC6cu1-38rw3_3qQkALR49infEVnJSzlI/s800/olympic06_synchronized_swimming.png,755,444,2012-07-03,オリンピックのイラスト「シンクロナイズドスイミング」,団体で同じ動きを水中で行う競技、シンクロナイズドスイミング（アーティスティックスイミング・シンクロ）のイラストです。,https://www.irasutoya.com/2012/07/blog-post_03.html,オリンピックのイラスト「シンクロナイズドスイミング」,団体で同じ動きを水中で行う競技、シンクロナイズドスイミング（アーティスティックスイミング・シンクロ）のイラストです。,https://www.irasutoya.com/2012/07/blog-post_03.html,1,オリンピック|スポーツ
823,irasutoya,https://blogger.googleusercontent.com/img/b/R29vZ2xl/AVvXsEhO0PehLWwNymCsc9M_6aUj0zXOPdaTqb-0cI6jV5Epe1rHKp4LiYXHF5NEI_waWoKZRbgwH9m1rF6bwHXWdbVD9i-OyFZOfwlR6OHxuAkpkVlIkb7Q8sQ7ujo8PiEF2h4Muy1sqvrDH8E/s800/olympic07_gymnastics.png,492,590,2012-07-03,オリンピックのイラスト「体操競技」,体操選手が決めポーズをしているイラストです。,https://www.irasutoya.com/2012/07/blog-post_158.html,オリンピックのイラスト「体操競技」,体操選手が決めポーズをしているイラストです。,https://www.irasutoya.com/2012/07/blog-post_158.html,1,オリンピック|スポーツ
822,irasutoya,https://blogger.googleusercontent.com/img/b/R29vZ2xl/AVvXsEiqflFYyCpv94F6xNLD7pHz1B1qsB6orBMaW00N2LDlv3pYPJZTa5vN2GJzzHgqTQy43nnpi6LbSMsKsxvGx_jGwMLYpoRKL4C6XvaB5HJSE_XAP43AdZjQmxyIuR75jzVWFg4hIuXnXmE/s800/olympic08_shintaisou.png,587,660,2012-07-03,オリンピックのイラスト「新体操」,新体操選手が、リボンをくるくるまわしているイラストです。,https://www.irasutoya.com/2012/07/blog-post_4900.html,オリンピックのイラスト「新体操」,新体操選手が、リボンをくるくるまわしているイラストです。,https://www.irasutoya.com/2012/07/blog-post_4900.html,1,オリンピック|スポーツ
821,irasutoya,https://blogger.googleusercontent.com/img/b/R29vZ2xl/AVvXsEjfVpeW4PaYdwU0dZBIgiWqagqpn_PxUnXOguwjfSv0509GAN1Kc2yW-SDUlAKOTT9F2W09ZVYB4XMkTD7IER3zwbckvBnWZiEUsZKD2rtpHApjcmHPlDdbSoOjo7jF6JS9ERJKeZJmeE0/s800/Eiffel_tower.png,460,800,2012-07-03,エッフェル塔のイラスト,フランスのパリに建てられたエッフェル塔のイラストです。,https://www.irasutoya.com/2012/07/blog-post_824.html,エッフェル塔のイラスト,フランスのパリに建てられたエッフェル塔のイラストです。,https://www.irasutoya.com/2012/07/blog-post_824.html,1,ランドマーク
820,irasutoya,https://blogger.googleusercontent.com/img/b/R29vZ2xl/AVvXsEif4pE_wcuLrTcUPrd2lDTciOZ8HczgbYmCDk9tLsoYaWv4UupvCX8HEE101xVfG6seudQzq4Gz1DSFegW82iDo7ipu7E5JCaBCdA4b5ZA1Z34lqafZh2AM95DM-EQBWeHV-erphIEWVJU/s800/olympic09_trampoline.png,528,678,2012-07-03,オリンピックのイラスト「トランポリン」,トランポリンでジャンプをしている体操選手のイラストです。,https://www.irasutoya.com/2012/07/blog-post_8216.html,オリンピックのイラスト「トランポリン」,トランポリンでジャンプをしている体操選手のイラストです。,https://www.irasutoya.com/2012/07/blog-post_8216.html,1,オリンピック|スポーツ
819,irasutoya,https://blogger.googleusercontent.com/img/b/R29vZ2xl/AVvXsEjenrJj4frovq1cRsNgBRgRV4wVqzy6QmWHb1iFzIZkVHInJhg1RRaMJwe_iH3kL1LfBxT7GlprL8Y9l-Iau9K-f0VW2cRyrMDEhALNBuwJhMIkJYo_kaoTJZYgCUOZImsi1WOiKWOa3uQ/s800/olympic10_fencing.png,800,414,2012-07-03,オリンピックのイラスト「フェンシング」,マスクをかぶって剣を前に突き出しているフェンシングの選手のイラストです。,https://www.irasutoya.com/2012/07/blog-post_8408.html,オリンピックのイラスト「フェンシング」,マスクをかぶって剣を前に突き出しているフェンシングの選手のイラストです。,https://www.irasutoya.com/2012/07/blog-post_8408.html,1,オリンピック|スポーツ
818,irasutoya,https://blogger.googleusercontent.com/img/b/R29vZ2xl/AVvXsEhWpHMPAMfhwJY-KQqKSJmpa8H7CBX0cFqsxXLu3YGhiBpRdcPmfE72DYrgWF8Zju0fRk5JxjPXmxgSz5eO3bTA6XVGpl5mMaYuePvggaMDcY4h_t0Ir20QldxB3gT1IY3bfyzQzKVN3c1p/s800/olympic_wrestling_man.png,675,800,2012-07-03,オリンピックのイラスト「レスリング」,筋肉モリモリ、強そうなレスリング選手（レスラー）のイラストです。,https://www.irasutoya.com/2012/07/blog-post_2505.html,オリンピックのイラスト「レスリング」,筋肉モリモリ、強そうなレスリング選手（レスラー）のイラストです。,https://www.irasutoya.com/2012/07/blog-post_2505.html,1,オリンピック|スポーツ
817,irasutoya,https://blogger.googleusercontent.com/img/b/R29vZ2xl/AVvXsEi6syZEyje4WxYL41C58BUmDeI9t4p7ZZPwjW-I-jIIhI-X-vKUldEMau6tDEHTrNUmVOYGG9B_vkpyaKpbbLIhg_050BYpSOJCSMCCR0NGyaQXXBkNJRhKMWxu-bKqd8T144aQCBWdihk/s800/olympic12_boxing.png,538,638,2012-07-03,オリンピックのイラスト「ボクシング」,ヘッドギアをつけて、ボクシングをしているボクサーのイラストです。,https://www.irasutoya.com/2012/07/blog-post_8286.html,オリンピックのイラスト「ボクシング」,ヘッドギアをつけて、ボクシングをしているボクサーのイラストです。,https://www.irasutoya.com/2012/07/blog-post_8286.html,1,オリンピック|スポーツ
816,irasutoya,https://blogger.googleusercontent.com/img/b/R29vZ2xl/AVvXsEgUngamymRUrzi4rqz98ILKzHmXAVshKi1mGpUKaekUq4c0NlWUhdKaRPod7jd9Z1WyzHpTFAGQzX-AnO-3FMverqzEpqICXC5GTyvi2ztai-0M3yBTVRO4mo-pHjp_iCtILx47-3E6wlU/s800/olympic13_weight_lifting.png,707,642,2012-07-03,オリンピックのイラスト「ウエイトリフティング」,重量挙げで、思いバーベルを持ち上げている選手のイラストです。,https://www.irasutoya.com/2012/07/blog-post_8511.html,オリンピックのイラスト「ウエイトリフティング」,重量挙げで、思いバーベルを持ち上げている選手のイラストです。,https://www.irasutoya.com/2012/07/blog-post_8511.html,1,オリンピック|スポーツ
815,irasutoya,https://blogger.googleusercontent.com/img/b/R29vZ2xl/AVvXsEiT598oqzBxM7nrIfob3ldF8i9J3ajoCZAAE29snYEpx1mpokj-psOAsZSdQaYv13-L9xv-ay7-mA6M0DKZU9O9tjTyC_rLpj4HHnrDasMyf8EcXPw844SCIL9NnnMhsxunK51ocHufjBQ/s800/olympic14_judo.png,474,562,2012-07-03,オリンピックのイラスト「柔道」,柔道着を着た、黒帯の柔道選手のイラストです。,https://www.irasutoya.com/2012/07/blog-post_9087.html,オリンピックのイラスト「柔道」,柔道着を着た、黒帯の柔道選手のイラストです。,https://www.irasutoya.com/2012/07/blog-post_9087.html,1,オリンピック|スポーツ
814,irasutoya,https://blogger.googleusercontent.com/img/b/R29vZ2xl/AVvXsEhGbNLOAEfs7W9Ab_urugs38_H2lVH3jk4wjAi2Qf69ynLhAF354PvtAvI9kXnPjGxcF14WBRL7b3fIVOacDCsieqegEz02pQQMUK6-qv0wGPeGXGR_eXSnIs4MqcLOAfpSZc3_LKsuTL0/s800/olympic15_taekwondo.png,469,532,2012-07-03,オリンピックのイラスト「テコンドー」,テコンドーで大きくキックをしている選手のイラストです。,https://www.irasutoya.com/2012/07/blog-post_893.html,オリンピックのイラスト「テコンドー」,テコンドーで大きくキックをしている選手のイラストです。,https://www.irasutoya.com/2012/07/blog-post_893.html,1,オリンピック|スポーツ
813,irasutoya,https://blogger.googleusercontent.com/img/b/R29vZ2xl/AVvXsEiNzdUnDYX5sfQqtYh5MV08-XrQCHVneC7sT2EeAOp2qt-Lg5bhLdYSHIGlCEt1rwwDlTjDChEV7Ay5CQttzKjpr5UQxoXacpc-_wYRef4rgI0z19mrNW5jmB4-Vil305P9SgWsv_XJSLbG/s800/sports_taekwondo.png,665,800,2012-07-03,オリンピックのイラスト「テコンドー」,テコンドーで大きくキックをしている選手のイラストです。,https://www.irasutoya.com/2012/07/blog-post_893.html,オリンピックのイラスト「テコンドー」,テコンドーで大きくキックをしている選手のイラストです。,https://www.irasutoya.com/2012/07/blog-post_893.html,1,オリンピック|スポーツ
830,irasutoya,https://blogger.googleusercontent.com/img/b/R29vZ2xl/AVvXsEgizpMII2hWUnJ-o75-JRQlYkNowXAE_2XckqH12fhY_X117NAGrR3zBQf6vV0eYbXacBLX0jbyXGtYQUFIh-pxX6c6yDM34iM_KzeLLSdAY_G1ZBGdn6nkL-LQZ9tkXPtJOyhlp8kLGYE/s800/Colosseo.png,622,534,2012-07-02,コロッセオのイラスト,古代ローマの建造物コロッセオのイラストです。イタリアに観光に行った際はぜひ見てみたいです。,https://www.irasutoya.com/2012/07/blog-post_02.html,コロッセオのイラスト,古代ローマの建造物コロッセオのイラストです。イタリアに観光に行った際はぜひ見てみたいです。,https://www.irasutoya.com/2012/07/blog-post_02.html,1,ランドマーク
829,irasutoya,https://blogger.googleusercontent.com/img/b/R29vZ2xl/AVvXsEgqWSzv8d0lhw5FFaWrvPXqq-40LO0Ydl8JoqeVVwpV0KOe9Hg05SnRtd3rqaqRsWFSaDKnPVGTbmJ9uQUXd5OPm2mHyRLeQfmxYATKKaDZ4OzTDo_OVGFmXmyo-nSYlJFnbnxG7Genl0Q8/s800/rikujou_man_marathon.png,647,800,2012-07-02,オリンピックのイラスト「陸上競技・マラソン」,陸上の選手がマラソンをしているイラストです。長い距離を頑張って走っていますね。,https://www.irasutoya.com/2012/07/blog-post_935.html,オリンピックのイラスト「陸上競技・マラソン」,陸上の選手がマラソンをしているイラストです。長い距離を頑張って走っていますね。,https://www.irasutoya.com/2012/07/blog-post_935.html,1,オリンピック|陸上
828,irasutoya,https://blogger.googleusercontent.com/img/b/R29vZ2xl/AVvXsEgqyFjJsnRvBoEjA3bdAlAw16WVPtdJtfkVJ95jrV_Nb3oYkuxvGAiT9m-lCjKBDOQfchKvX_nuuw6xU3elXuiXn3pDFYyiEda_ScPr_GZvtzLhNBeRMKxiC8ieUatHtVWqBny15n36xGTM/s800/rikujou_man_tankyori.png,729,729,2012-07-02,オリンピックのイラスト「陸上競技・短距離走」,100メートルなどの短距離走を走る陸上選手のイラストです。,https://www.irasutoya.com/2012/07/blog-post_1339.html,オリンピックのイラスト「陸上競技・短距離走」,100メートルなどの短距離走を走る陸上選手のイラストです。,https://www.irasutoya.com/2012/07/blog-post_1339.html,1,オリンピック|陸上
827,irasutoya,https://blogger.googleusercontent.com/img/b/R29vZ2xl/AVvXsEj5UpOJtsEZelvihG_4FMN1sjUi2nPKN_d0v5s52mvlZzWqRB0KUUN9YXYMAchLSUE2KfW5O4BJgUUcGsOqJGiYgdANf2jRlc1XnEwl7GclcBv6BZySHta7TPE8LAsRnXzB06XbPIcnttfU/s800/olympic03_swimming.png,800,653,2012-07-02,オリンピックのイラスト「競泳」,クロールで泳いでいる水泳選手のイラストです。,https://www.irasutoya.com/2012/07/blog-post_2039.html,オリンピックのイラスト「競泳」,クロールで泳いでいる水泳選手のイラストです。,https://www.irasutoya.com/2012/07/blog-post_2039.html,1,オリンピック|スポーツ
826,irasutoya,https://blogger.googleusercontent.com/img/b/R29vZ2xl/AVvXsEgRaHFBxmJMHb-So6CQc98gSCp811NJuCWOvV4_nVfFbcI4Wf6py8YS0Xqfw8ql1TIrPJpHVrstP5fTqRCr7WmECLgsTGPjVvkMsf6KdZH8lybdXcd0IX6LsKDGfRHfoSaOh2vZGyFR5SI/s800/olympic04_diving.png,410,524,2012-07-02,オリンピックのイラスト「飛込競技」,高い飛び込み台から足を抱えて飛び込みをしている水泳選手のイラストです。,https://www.irasutoya.com/2012/07/blog-post_5929.html,オリンピックのイラスト「飛込競技」,高い飛び込み台から足を抱えて飛び込みをしている水泳選手のイラストです。,https://www.irasutoya.com/2012/07/blog-post_5929.html,1,オリンピック|スポーツ
825,irasutoya,https://blogger.googleusercontent.com/img/b/R29vZ2xl/AVvXsEiYdULC_JUmpZbWy44vuZ-etnoKYcjnoj2rKNvY2_ridP__JaYyKLk4jgh69J-Rk_lVqujIcJniLP91_mYs-lW87Br3jGOoleIvYHxXEtf6hdfdWz4PTt2nldvqkRduj57J5eRMgsnbC-I/s800/olympic05_water_polo.png,641,542,2012-07-02,オリンピックのイラスト「水球」,水球選手のイラストです。水球って英語でWater Poloって言うんですよ。,https://www.irasutoya.com/2012/07/blog-post_9828.html,オリンピックのイラスト「水球」,水球選手のイラストです。水球って英語でWater Poloって言うんですよ。,https://www.irasutoya.com/2012/07/blog-post_9828.html,1,オリンピック|スポーツ
831,irasutoya,https://blogger.googleusercontent.com/img/b/R29vZ2xl/AVvXsEhtCSL5V41Q1zANJm5SUaBmv1uxLQGon7es0pUHm1si5gtju3NrzM0jQ-n6loAGukWv8vy-h1rNRT-60oGixLKNQ0Zauwv8ecPuYLk3A1T6023GU7JL3EY5z49T7EUL9oYl2pvxIih4EeE/s800/Angkor_Wat.png,800,349,2012-07-01,アンコールワットのイラスト,有名な世界遺産の、カンボジアにあるアンコールワットのイラストです。神秘的な雰囲気がありますよね。,https://www.irasutoya.com/2012/07/blog-post.html,アンコールワットのイラスト,有名な世界遺産の、カンボジアにあるアンコールワットのイラストです。神秘的な雰囲気がありますよね。,https://www.irasutoya.com/2012/07/blog-post.html,1,ランドマーク
835,irasutoya,https://blogger.googleusercontent.com/img/b/R29vZ2xl/AVvXsEiKSD2OeRXCKYB-vxQPK8mqYV4dmJ3LSY0mbcMWM3dOqPeJtsxTwUI1sfmNWgrmzKvihxV2HWJRtX6s-Kun5SsyAeUaVHKGMgueMHIGVR1nEwYLnRSSFWO-Y9gL-s8f6WF_1kGtMCJa5B0/s800/woman04_cry.png,506,625,2012-06-30,女性の表情のイラスト「泣いた顔」,,https://www.irasutoya.com/2012/06/blog-post_30.html,女性の表情のイラスト「泣いた顔」,,https://www.irasutoya.com/2012/06/blog-post_30.html,1,表情
834,irasutoya,https://blogger.googleusercontent.com/img/b/R29vZ2xl/AVvXsEgpLwXf5OuQi8e4PdqjcxB5tP7Y5-1Kx4jzvTFoCbrCPxGtuvuGtC2EObB7X5j3oBq1eSToHwX8d4NQ3b-iqhdEXlQBzhEugbBjqeZwktfXJwGt8t4PyXAHwesDQkyc4h-XDpD-QQtjv5Y/s800/woman03_smile.png,510,626,2012-06-30,女性の表情のイラスト「笑顔」,,https://www.irasutoya.com/2012/06/blog-post_30.html,女性の表情のイラスト「笑顔」,,https://www.irasutoya.com/2012/06/blog-post_30.html,1,表情
833,irasutoya,https://blogger.googleusercontent.com/img/b/R29vZ2xl/AVvXsEjTrg2yBymPlsBmFmAVILgrytZt6f8Wc-7HCcSi9okdxWiwEstelDiVEDypFXiJkvVp5sE_hyphenhyphensHRYDyREfOtohdQkmqucLNVozbDLHcg00mgMOu1oVrHIp2amdb3NWN-ZMmcW-jxucFvrk/s800/woman02_angry.png,524,624,2012-06-30,女性の表情のイラスト「怒った顔」,,https://www.irasutoya.com/2012/06/blog-post_30.html,女性の表情のイラスト「怒った顔」,,https://www.irasutoya.com/2012/06/blog-post_30.html,1,表情
832,irasutoya,https://blogger.googleusercontent.com/img/b/R29vZ2xl/AVvXsEgmrlNc6fg4Pr70Potfz1_k5BiXFkS41pH10FJVqDw5LF4SWWuqr132HhLLYDQEhvPba4PG0Eh68QX9AgeyMjX3LRNSM8zo0QWl6Yl5N9R81dVbRLBHfdzSlhJnfCmWfFS_ZnPWD2ipln0/s800/woman01_laugh.png,509,624,2012-06-30,女性の表情のイラスト「笑った顔」,,https://www.irasutoya.com/2012/06/blog-post_30.html,女性の表情のイラスト「笑った顔」,,https://www.irasutoya.com/2012/06/blog-post_30.html,1,表情
839,irasutoya,https://blogger.googleusercontent.com/img/b/R29vZ2xl/AVvXsEhj3WbNPTvj3eq9htnZjXTZrtvXtud6QJAvL42NYPs0-blOAJIo-sKAFta9_kjVud5LavTfvaeyhOfj8XAXeqbcItkHA-FSmVvohOO7V_PeBlo36VfOJVhI59yZgK70_hm0LkKZDsiyc7w/s800/man04_cry.png,505,687,2012-06-29,男性の表情のイラスト「泣いた顔」,,https://www.irasutoya.com/2012/06/blog-post_29.html,男性の表情のイラスト「泣いた顔」,,https://www.irasutoya.com/2012/06/blog-post_29.html,1,表情
838,irasutoya,https://blogger.googleusercontent.com/img/b/R29vZ2xl/AVvXsEiHfXwr4z1ap6YyTYRP1fKrUCbqMF0oiYGz9QlIVwlU5Ojpx3Qd_xbz9WCuc-2M2JKWubeg1wDcwmqwmK8S8Sane0WZ1ftr4_Q3OrhfZmfev11Pb5744PwCO4WwX1-mBI7zX-3iM4fR5_U/s800/man03_smile.png,509,687,2012-06-29,男性の表情のイラスト「笑顔」,,https://www.irasutoya.com/2012/06/blog-post_29.html,男性の表情のイラスト「笑顔」,,https://www.irasutoya.com/2012/06/blog-post_29.html,1,表情
837,irasutoya,https://blogger.googleusercontent.com/img/b/R29vZ2xl/AVvXsEhMcDHRiXIC1a3mlzORpsO0sWY8yzJO5mTUj7hRPzMtU9xE7kWA_YKsZDKx6U3SMKgMNq-kmVG_rK5vQgshMGF_bjp1wqLF9jCaw9g_dAc3rR8rXbWwfzT0SdisLZ5Ukvj7cBNeW5we8wk/s800/man02_angry.png,525,688,2012-06-29,男性の表情のイラスト「怒った顔」,,https://www.irasutoya.com/2012/06/blog-post_29.html,男性の表情のイラスト「怒った顔」,,https://www.irasutoya.com/2012/06/blog-post_29.html,1,表情
836,irasutoya,https://blogger.googleusercontent.com/img/b/R29vZ2xl/AVvXsEipmtXLlGhw07IH2hfkbvfWIpcKk6nQo9evxh_07CPcJgkLqASpqFaFgOYgl3Afa-9lKZZjBmvjh3tUDBBLWUt7UucGyuq25xQgfWI8fRAqvMD4de8NbXiU-kQVCq-dsHS9bpDZYnpZBsU/s800/man01_laugh.png,515,688,2012-06-29,男性の表情のイラスト「笑った顔」,,https://www.irasutoya.com/2012/06/blog-post_29.html,男性の表情のイラスト「笑った顔」,,https://www.irasutoya.com/2012/06/blog-post_29.html,1,表情
843,irasutoya,https://blogger.googleusercontent.com/img/b/R29vZ2xl/AVvXsEglc9CsQ_SSwmjq2lUpwDpTt-5kogiC_DdDv2KSeKlba5prQ6wolKag1l1n5zP_vMLd37NGrCk8JqAYKW40nMeD2497PZV3sK4OkmrrrRdSJwFKAVnnCxs631aODzughJS2VSbKuiS-eUA/s800/obasan04_cry.png,511,583,2012-06-28,おばさんの表情のイラスト「泣いた顔」,,https://www.irasutoya.com/2012/06/blog-post_28.html,おばさんの表情のイラスト「泣いた顔」,,https://www.irasutoya.com/2012/06/blog-post_28.html,1,中年|表情
842,irasutoya,https://blogger.googleusercontent.com/img/b/R29vZ2xl/AVvXsEhllOikSgR0629V1eL5Wt_vHK3nitcMjKpjIFJ_oe5nGEWBgeZ7uuvYu-zRiANuFY2l3_bIgwT0qeqvGN_WTy_OHwWEcarDj6LwR_5Mo8Kv5p5jUzHLuX-KP8My1uDEbBhnVGAz_kpDOAY/s800/obasan03_smile.png,510,583,2012-06-28,おばさんの表情のイラスト「笑顔」,,https://www.irasutoya.com/2012/06/blog-post_28.html,おばさんの表情のイラスト「笑顔」,,https://www.irasutoya.com/2012/06/blog-post_28.html,1,中年|表情
841,irasutoya,https://blogger.googleusercontent.com/img/b/R29vZ2xl/AVvXsEi6QGrimkBsKaJDwkNc2eymE6sRNNvFSh6s7rLoGXqPOCaBd495eY0D8PtWhyphenhyphen4IL5xwpDmkfhH54uU0DRIh7-LAp4hyBii2t3gw2-L-991m0kQo9hgiR3oy9ZByw1AfFC0dT7zDy_x7Ymg/s800/obasan02_angry.png,524,582,2012-06-28,おばさんの表情のイラスト「怒った顔」,,https://www.irasutoya.com/2012/06/blog-post_28.html,おばさんの表情のイラスト「怒った顔」,,https://www.irasutoya.com/2012/06/blog-post_28.html,1,中年|表情
840,irasutoya,https://blogger.googleusercontent.com/img/b/R29vZ2xl/AVvXsEhWQuhi7Tbo-nakLW2EUXE6Gfqmd4l89cY5YVXEcQlM8fJA5vipnn0r7_xfH6YnKkIv7zEV1gNZJQlP-BnxqasmDrDmIZfGzSu6XDSgKikejIxUFy8_ZiK1Je6Dt2aNR3eCwKoovFnwYA0/s800/obasan01_laugh.png,509,582,2012-06-28,おばさんの表情のイラスト「笑った顔」,,https://www.irasutoya.com/2012/06/blog-post_28.html,おばさんの表情のイラスト「笑った顔」,,https://www.irasutoya.com/2012/06/blog-post_28.html,1,中年|表情
847,irasutoya,https://blogger.googleusercontent.com/img/b/R29vZ2xl/AVvXsEjt-GjJiLD5RrPOxmdoJmo6lbEgLI0cgCapCfegevB2gkPgL3Cw6pF8zGt9MxSp2iei8w48Eoz1PuyFfXCelHOuD8iSvw9_2ZFItJQjihfANjr0ZU9m0_wEFRXLQSCDpra35B5fLz4nocE/s800/obaasan04_cry.png,510,605,2012-06-27,お婆さんの表情のイラスト「泣いた顔」,,https://www.irasutoya.com/2012/06/blog-post_27.html,お婆さんの表情のイラスト「泣いた顔」,,https://www.irasutoya.com/2012/06/blog-post_27.html,1,老人|表情
846,irasutoya,https://blogger.googleusercontent.com/img/b/R29vZ2xl/AVvXsEgepDyerENJnygUiYf_Xvv6K5CU_HHw2UFR9pvMTtls-kFsH8nYSmh2f8u98wIgiyrl-60l-18C4iQVfP8CN4DT1wjG5K3QvyLUmoNDRZXnUglaErOkNi90kCeYdpvXjnE0l6w8SbF6JF4/s800/obaasan03_smile.png,510,605,2012-06-27,お婆さんの表情のイラスト「笑顔」,,https://www.irasutoya.com/2012/06/blog-post_27.html,お婆さんの表情のイラスト「笑顔」,,https://www.irasutoya.com/2012/06/blog-post_27.html,1,老人|表情
845,irasutoya,https://blogger.googleusercontent.com/img/b/R29vZ2xl/AVvXsEgf451zU-ewCdn3RBfTT6b1-VCsKFQanYulCxpX3m-6VjH8fYqxQnMUhaNeAQS9ZT9yK_L52gbgr1Gb5Z_9_Z2fYQnKl_HCVe8WyFmcFymuCqxn4ZIWgiaV_4bUhU67x89Ht5GeGiMSkkU/s800/obaasan02_angry.png,524,604,2012-06-27,お婆さんの表情のイラスト「怒った顔」,,https://www.irasutoya.com/2012/06/blog-post_27.html,お婆さんの表情のイラスト「怒った顔」,,https://www.irasutoya.com/2012/06/blog-post_27.html,1,老人|表情
844,irasutoya,https://blogger.googleusercontent.com/img/b/R29vZ2xl/AVvXsEhzUVfuLG00QEe19cUIXVAEmkTxbIQgWoqan3J_7XYd90Dx7qmAHTu53N5uNG6GXp-x_H9lHHJL8UcFIcIunisxFbh9GYFKOgx-n5o_U_vuGw_DIG4Zwn9Gns6fLP0sCLTgPWVYd4o2DKs/s800/obaasan01_laugh.png,509,604,2012-06-27,お婆さんの表情のイラスト「笑った顔」,,https://www.irasutoya.com/2012/06/blog-post_27.html,お婆さんの表情のイラスト「笑った顔」,,https://www.irasutoya.com/2012/06/blog-post_27.html,1,老人|表情
851,irasutoya,https://blogger.googleusercontent.com/img/b/R29vZ2xl/AVvXsEgIGR_164LpykRnYGhziTztcE7Mj6mFiY-Elh6t5IyRBFXSnClkEfYuq3Kf7TAcqCwdA3QhkHl9f-6qtIvsVvdal6d8-eyHcuSj2cPav3u4qRs2CumiOV2fccnXf9QVkccJQnPAEL-wCr0/s800/ojiisan04_cry.png,509,586,2012-06-26,お爺さんの表情のイラスト「泣いた顔」,,https://www.irasutoya.com/2012/06/blog-post_26.html,お爺さんの表情のイラスト「泣いた顔」,,https://www.irasutoya.com/2012/06/blog-post_26.html,1,老人|表情
850,irasutoya,https://blogger.googleusercontent.com/img/b/R29vZ2xl/AVvXsEi2uyId2eSb7uctN0txvs12B_4KHR-q6ZX-brPZ2qVAXPbvnwxbgaMPyArYodHgL2Wto40F-eywmZHeAQV8Cy4QFKoMvze2vxYsdnsIquL0aytdG_IetHIHEw7XCe2nX_znzr-6WOGdYXk/s800/ojiisan03_smile.png,509,586,2012-06-26,お爺さんの表情のイラスト「笑顔」,,https://www.irasutoya.com/2012/06/blog-post_26.html,お爺さんの表情のイラスト「笑顔」,,https://www.irasutoya.com/2012/06/blog-post_26.html,1,老人|表情
849,irasutoya,https://blogger.googleusercontent.com/img/b/R29vZ2xl/AVvXsEh4ayWCiP7wvBcFYJSGoLhytF3rbmg2cnOA4SdfmBTbRXRo28kfB65tslSx0Su3m21alB5v4GAZLrfcGTmx37KwrNr19i7sECsxidLRBtXX526Agw_kcge5bZfrycR37ibXzIxRLd8bGbc/s800/ojiisan02_angry.png,525,588,2012-06-26,お爺さんの表情のイラスト「怒った顔」,,https://www.irasutoya.com/2012/06/blog-post_26.html,お爺さんの表情のイラスト「怒った顔」,,https://www.irasutoya.com/2012/06/blog-post_26.html,1,老人|表情
848,irasutoya,https://blogger.googleusercontent.com/img/b/R29vZ2xl/AVvXsEhN7PCj0PtJ7GBivOiTA0cgVk8hWn8ksFuOQFhOFj__COEKrlSqZrf5UOGp4U2PWhGaE-hUhduqfNV4IhBaGi5RmT1BU-x8kAymcoj7rU8OzJDp2EDp0KLM5m0ImUFqjetEAX6kp5Xufcg/s800/ojiisan01_laugh.png,510,587,2012-06-26,お爺さんの表情のイラスト「笑った顔」,,https://www.irasutoya.com/2012/06/blog-post_26.html,お爺さんの表情のイラスト「笑った顔」,,https://www.irasutoya.com/2012/06/blog-post_26.html,1,老人|表情
855,irasutoya,https://blogger.googleusercontent.com/img/b/R29vZ2xl/AVvXsEiSLtP9FqUGfRPLB6E1lhRPQWKcoXM34FAP2rgphyphenhyphenVV73zlet3TYel13o29e1684uteT1FeqBBfRCjxRU7xTe13nMz-cq8ol8I5jVWfly4-0I4L08tdZsVjMRXhnDPu32UyXVES2cgrFOY/s800/business04_cry.png,509,669,2012-06-25,サラリーマンの表情のイラスト「泣いた顔」,,https://www.irasutoya.com/2012/06/blog-post_25.html,サラリーマンの表情のイラスト「泣いた顔」,,https://www.irasutoya.com/2012/06/blog-post_25.html,1,ビジネス|会社|表情
854,irasutoya,https://blogger.googleusercontent.com/img/b/R29vZ2xl/AVvXsEjZF-DUamQz_w6Ka5SzD9j_nEZOCUNjj-9usKhQuMsLxDgSSuA-DjBL0DYoGlmoQRscUZGjKt2hAfWG35hHD9Q9o5GO8mnfhzFQTs98artL1CtFPm9neu6lfevfnjT-P_Vwkfl3MWpIMs8/s800/business03_smile.png,509,669,2012-06-25,サラリーマンの表情のイラスト「笑顔」,,https://www.irasutoya.com/2012/06/blog-post_25.html,サラリーマンの表情のイラスト「笑顔」,,https://www.irasutoya.com/2012/06/blog-post_25.html,1,ビジネス|会社|表情
853,irasutoya,https://blogger.googleusercontent.com/img/b/R29vZ2xl/AVvXsEjNZa7ijupIB1glzdfPBDcjiYSmA5vivkbKmqryJ9C11F00i6aifmrQbVGFJcJBgN9SnkUMuQsor8OqrhFv6cc7Qc6_gBEHZjOgV457XveJw0jakqDI2_boGirQKY4h1DpFj4S-tddLG4k/s800/business02_angry.png,525,670,2012-06-25,サラリーマンの表情のイラスト「怒った顔」,,https://www.irasutoya.com/2012/06/blog-post_25.html,サラリーマンの表情のイラスト「怒った顔」,,https://www.irasutoya.com/2012/06/blog-post_25.html,1,ビジネス|会社|表情
852,irasutoya,https://blogger.googleusercontent.com/img/b/R29vZ2xl/AVvXsEg_B4OvI3_qIWqYGuxvDhACWMnjkHT5UJDV3evezf81P_IBwE2p28YYMDw5LHn-tC84P4dMy2GWYTd-j77HarccHN6iNyvZJ5QBiNMRTIAN5jFMkUlu8I2AX1ZP_q7vWGpz6KdrrjCwT6A/s800/business01_laugh.png,510,670,2012-06-25,サラリーマンの表情のイラスト「笑った顔」,,https://www.irasutoya.com/2012/06/blog-post_25.html,サラリーマンの表情のイラスト「笑った顔」,,https://www.irasutoya.com/2012/06/blog-post_25.html,1,ビジネス|会社|表情
766,irasutoya,https://blogger.googleusercontent.com/img/b/R29vZ2xl/AVvXsEirC4lmHYKzirpvAQ3WG3foh1hXg1vWTHDnGRzlD0-qIFqOlvQK4-HaD6MpxBBjYoFojIDwRrmhyphenhyphenh16m_Ca3B6sM8G-UhJXXff-FJH2OtO6TCpsXl3vIfoRJlvwktR8W9NfE-9RHGJpCjI/s800/girl04_cry.png,510,544,2012-06-24,女の子の表情のイラスト「泣いた顔」,,https://www.irasutoya.com/2012/06/blog-post_24.html,女の子の表情のイラスト「泣いた顔」,,https://www.irasutoya.com/2012/06/blog-post_24.html,1,こども|表情
765,irasutoya,https://blogger.googleusercontent.com/img/b/R29vZ2xl/AVvXsEh__KjQamCKK8yC_RLYqQuPypywtlHjpT3ahDJYwtzK3oyFqnbBpE2J_m3EEBfrZVMnf-MpnITh_ZYDiO9SxFn_0SLyOifmArCUAiDJbTHJzzf4NWWq2bBpCX3F-8zIGUS2YV-KHfW5Rug/s800/girl03_smile.png,510,544,2012-06-24,女の子の表情のイラスト「笑顔」,,https://www.irasutoya.com/2012/06/blog-post_24.html,女の子の表情のイラスト「笑顔」,,https://www.irasutoya.com/2012/06/blog-post_24.html,1,こども|表情
764,irasutoya,https://blogger.googleusercontent.com/img/b/R29vZ2xl/AVvXsEjXTiV1odTbKWO1zBG1bDpcirBkApfwFAShcBiyhM6BcMuySr2-rrBkbOFlQaVY142i8mlfWkTHR0t2cPd3miSK8-nJ4z3Q4EYEkT-U3phCUyFw5em6iAGbzeOyUfyKW5WJf_-ovmmAHus/s800/girl02_angry.png,524,543,2012-06-24,女の子の表情のイラスト「怒った顔」,,https://www.irasutoya.com/2012/06/blog-post_24.html,女の子の表情のイラスト「怒った顔」,,https://www.irasutoya.com/2012/06/blog-post_24.html,1,こども|表情
763,irasutoya,https://blogger.googleusercontent.com/img/b/R29vZ2xl/AVvXsEgbkGmiTmfExOI1sJ8_KIvip4nHee5zv6MY9tERcTP3OrhtATpB-3fdhdHBOiLxzIGf0OJ3flfAJdRAveVgOCgvj6J3b5RcICJXS3lwP59FKuDsmA39TEpsey2iniEi0sxOgl02PZpx7oA/s800/girl01_laugh.png,509,543,2012-06-24,女の子の表情のイラスト「笑った顔」,,https://www.irasutoya.com/2012/06/blog-post_24.html,女の子の表情のイラスト「笑った顔」,,https://www.irasutoya.com/2012/06/blog-post_24.html,1,こども|表情
770,irasutoya,https://blogger.googleusercontent.com/img/b/R29vZ2xl/AVvXsEgpszTLSQM7VNa6Fqw5eORiKLJ_P4modJO8bD71l-hr1GRDkotZMiHBYEPlEDgUrvaMX6_TxHAcG1WFcjtSQcKCDi7NPKTYCpQvlIJ4tlvVE_lXZIMkimUJkeWmmDkBHFsgQ-_55Q7bv9k/s800/boy04_cry.png,509,586,2012-06-23,男の子の表情のイラスト「泣いた顔」,,https://www.irasutoya.com/2012/06/blog-post_23.html,男の子の表情のイラスト「泣いた顔」,,https://www.irasutoya.com/2012/06/blog-post_23.html,1,こども|表情
769,irasutoya,https://blogger.googleusercontent.com/img/b/R29vZ2xl/AVvXsEhS2HT3yjw8f7KJn4KhBa9XODvrQjZuiUI3KK54q2DFRfR35c02079yRTWkooHsM12Ix1FS666FVVCN7u57DdV_gUFk_bFM6cJnczV8rht3WOS4N9ZtpBiGvXJGPhI9LoN_8pFpqXYEcs4/s800/boy03_smile.png,509,586,2012-06-23,男の子の表情のイラスト「笑顔」,,https://www.irasutoya.com/2012/06/blog-post_23.html,男の子の表情のイラスト「笑顔」,,https://www.irasutoya.com/2012/06/blog-post_23.html,1,こども|表情
768,irasutoya,https://blogger.googleusercontent.com/img/b/R29vZ2xl/AVvXsEhcj-sEENkEV4Mp3fpfby4UjIEwFTtwivcmF9XTePvs1OjxulWOs096YZ6lR7B5W8m4mz8qiJnqIoq4O3YHxxeXkIUYiIZW09TAQ9zpA6KOCwNSGcAT32vvByn0N8jG9XFoaK4mR20KE8k/s800/boy02_angry.png,525,587,2012-06-23,男の子の表情のイラスト「怒った顔」,,https://www.irasutoya.com/2012/06/blog-post_23.html,男の子の表情のイラスト「怒った顔」,,https://www.irasutoya.com/2012/06/blog-post_23.html,1,こども|表情
767,irasutoya,https://blogger.googleusercontent.com/img/b/R29vZ2xl/AVvXsEiMthksSpqn934goyS2_wAR_wsemQHL_Jb32lpkC2kj2U1bpn25yqkFWeXdA3gQSySkV_Ws_VT8I2E114TTrDKIbOJL6y6gKVDkcBddWfrwzbrfUdiNAFMZv61BZ9gDRk6XPlmZgokKKHQ/s800/boy01_laugh.png,510,586,2012-06-23,男の子の表情のイラスト「笑った顔」,,https://www.irasutoya.com/2012/06/blog-post_23.html,男の子の表情のイラスト「笑った顔」,,https://www.irasutoya.com/2012/06/blog-post_23.html,1,こども|表情
772,irasutoya,https://blogger.googleusercontent.com/img/b/R29vZ2xl/AVvXsEgNlE-q1fYo0Hu6Y_3MULP74MwhcA_xJ2Wujegn1IGdP5R-kuY5VmtjeiUS6mYrvC-RdFwv_PtBerAlrbUFrrYEDvz_wG5sAJuosqwRkZBOGFWLZIFUUBOKJnAUYFZr0nuVV0M6Mwyme04Y/s800/keirou_couple_flower2.png,800,718,2012-06-18,敬老の日のイラスト「おじいちゃん・おばあちゃん」,敬老の日に受け取った白いバラを持って、嬉しそうに笑っている老夫婦のイラストです。,https://www.irasutoya.com/2012/06/blog-post_18.html,敬老の日のイラスト「おじいちゃん・おばあちゃん」,敬老の日に受け取った白いバラを持って、嬉しそうに笑っている老夫婦のイラストです。,https://www.irasutoya.com/2012/06/blog-post_18.html,1,介護|敬老の日|老人
771,irasutoya,https://blogger.googleusercontent.com/img/b/R29vZ2xl/AVvXsEhHGEwBFgEGbX6txeRREfUuhdY-rDJEL6gIilPtEEb2IhJazHlhiBikHcnnpz9hCSkHy5CYoGAF8Cn6VZGTrHRVKPVXZBh12Kz5EC2LkbWBve2iI6MvMaH-XBFBdKUfWoNiBBjFHXWJm_Nv/s800/keirounohi_title2.png,800,500,2012-06-18,敬老の日のイラスト「タイトル文字」,「敬老の日」とモミジが描かれたイラスト文字です。,https://www.irasutoya.com/2012/06/blog-post_331.html,敬老の日のイラスト「タイトル文字」,「敬老の日」とモミジが描かれたイラスト文字です。,https://www.irasutoya.com/2012/06/blog-post_331.html,1,敬老の日|文字|祝日|老人
774,irasutoya,https://blogger.googleusercontent.com/img/b/R29vZ2xl/AVvXsEh8GpOXPvuxd7aEhNy0yWgx-ZwOwQhjCtMYA1rOrKvoukEpWmfNL_77tvurbfBWPeYs0kDt-GjrqKMwLmvAWTi15zGv0b3QJASPwSzAyTc17XAGCQmdYr9uMPVMvo-Qbv8DNcpUCgLcCuwi/s800/keirou_katamomi_ojiichan2.png,788,788,2012-06-17,おじいちゃんのイラスト「おじいちゃんと孫」,孫に肩を揉んでもらっているおじいさんのイラストです。,https://www.irasutoya.com/2012/06/blog-post_17.html,おじいちゃんのイラスト「おじいちゃんと孫」,孫に肩を揉んでもらっているおじいさんのイラストです。,https://www.irasutoya.com/2012/06/blog-post_17.html,1,介護|家族|敬老の日|老人
773,irasutoya,https://blogger.googleusercontent.com/img/b/R29vZ2xl/AVvXsEi07Bxko-rExX4UNml__thCt7Go7QKUVrMlJCz3Ar6MlxmbqVo-vpNMEBKHBunEO2jRWHNqav72z6cFLjBdYqSAFXp4cGrF-tJOqJLSdzc3ESPVFbP90cJ-1ET2IY6wwa_TE30ThZhbf9Gn/s800/keirou_couple2.png,800,645,2012-06-17,おじいちゃん・おばあちゃんのイラスト,楽しそうに笑っている、可愛いおじいさんとおばあさん（老夫婦）のイラストです。,https://www.irasutoya.com/2012/06/blog-post_7649.html,おじいちゃん・おばあちゃんのイラスト,楽しそうに笑っている、可愛いおじいさんとおばあさん（老夫婦）のイラストです。,https://www.irasutoya.com/2012/06/blog-post_7649.html,1,介護|敬老の日|老人
776,irasutoya,https://blogger.googleusercontent.com/img/b/R29vZ2xl/AVvXsEgwVGdkzEQNqYpvSmjq_DUx9Z6OqTU3BUQ8W35xQGApCQHiSX-UybrLWC1yeN2di7CWA385qoko-sLWyodYYj7XU7XWezVJrbyH3yp-d6XlRvDtVVCmVWVZtD61zihi-Op3C21y-XDDGmpd/s800/keirou_ojiichan_smile2.png,597,692,2012-06-16,おじいちゃんのイラスト,楽しそうにニコニコ笑っているおじいさんのイラストです。,https://www.irasutoya.com/2012/06/blog-post_16.html,おじいちゃんのイラスト,楽しそうにニコニコ笑っているおじいさんのイラストです。,https://www.irasutoya.com/2012/06/blog-post_16.html,1,介護|敬老の日|老人
775,irasutoya,https://blogger.googleusercontent.com/img/b/R29vZ2xl/AVvXsEihs1HoqfYHBC6LYAMgmlXa1jayDU0lwkg3quyX9Ztnvv5ioTFlKI0RpN5TfpwvyuQx6Ql8Fh8Gf8dtTlSzyrBLWq5ei1PvhLHTo3iYHHbdA5voxBxUjPPYfuQoXkNO9ItpEZtn7nf6SXPW/s800/keirou_ojiichan2.png,627,740,2012-06-16,敬老の日のイラスト「おじいちゃんと白いバラ」,敬老の日に、白いバラを受け取って笑っているおじいさんのイラストです。,https://www.irasutoya.com/2012/06/blog-post_7807.html,敬老の日のイラスト「おじいちゃんと白いバラ」,敬老の日に、白いバラを受け取って笑っているおじいさんのイラストです。,https://www.irasutoya.com/2012/06/blog-post_7807.html,1,介護|敬老の日|老人
778,irasutoya,https://blogger.googleusercontent.com/img/b/R29vZ2xl/AVvXsEj9wOV8VMnEb_OYgwkxNto6X7m0O-uKvr19c0iV-IDykc1jhfaKyOa52BFsr0taUTcnL2QLh9gVMqIBIJMFrof8I27b24pUigwNJ55DGjK1v0bfUSh6ndZHg5YcZL80i6h4KcNBrqagOGhM/s800/keirou_obaachan2.png,627,740,2012-06-15,敬老の日のイラスト「おばあちゃんと白いバラ」,敬老の日に白いバラを受け取って笑っているおばあちゃんのイラストです。,https://www.irasutoya.com/2012/06/blog-post_15.html,敬老の日のイラスト「おばあちゃんと白いバラ」,敬老の日に白いバラを受け取って笑っているおばあちゃんのイラストです。,https://www.irasutoya.com/2012/06/blog-post_15.html,1,介護|敬老の日|老人
777,irasutoya,https://blogger.googleusercontent.com/img/b/R29vZ2xl/AVvXsEiyoTMrueOhaPMiYcgXmn-WkLKZtE6Rs7k2iRT1JtpgeHT_vg1xV7BmDnIcywOt9xzRWwMteZus-L8FEUCkunLJsTl-9oRS5DhEGKC7hhvw6-4H7X8dWIDNmWbTvHcIF3WozXvMeTLFJkjH/s800/keirou_katamomi_obaachan2.png,788,788,2012-06-15,おばあちゃんのイラスト「おばあちゃんと孫」,孫に肩を揉んでもらっている、おばあさんのイラストです。,https://www.irasutoya.com/2012/06/blog-post_3512.html,おばあちゃんのイラスト「おばあちゃんと孫」,孫に肩を揉んでもらっている、おばあさんのイラストです。,https://www.irasutoya.com/2012/06/blog-post_3512.html,1,介護|家族|敬老の日|老人
780,irasutoya,https://blogger.googleusercontent.com/img/b/R29vZ2xl/AVvXsEhfGSc0vZ050mQp4qo9BhlkCs4ISHnOo7M3PgdCLg2nK_8GTJZ10eTDFtLG_rgsw4L2tVh_Eo2_40zTFe0nbm0MNxCkftHk7ivbKpDl68nMhXcOjhQeObmCNpOZp3ummdwaHk_00YpQsURH/s800/keirou_family2.png,800,460,2012-06-14,おじいちゃん・おばあちゃん・孫のイラスト「敬老の日」,おじいちゃんとおばあちゃん、その周りを孫たちが囲んでいるほのぼのとしたイラストです。,https://www.irasutoya.com/2012/06/blog-post_14.html,おじいちゃん・おばあちゃん・孫のイラスト「敬老の日」,おじいちゃんとおばあちゃん、その周りを孫たちが囲んでいるほのぼのとしたイラストです。,https://www.irasutoya.com/2012/06/blog-post_14.html,1,介護|家族|敬老の日|老人
779,irasutoya,https://blogger.googleusercontent.com/img/b/R29vZ2xl/AVvXsEgQyiWYynAXndf2LljF_W9IQcDpvS3jJh8E0l_O3dlLgul1kfagl16H1EM_tdk2jWml0k0k_rj3D9RlpzYnkmzwIDb7xDtJYDQW6O_P3JuAP4zoUqzfMQimYmN_GLxx0iwPzaQLThx92I7W/s800/keirou_obaachan_smile2.png,597,692,2012-06-14,おばあちゃんのイラスト,にっこり笑っている可愛いおばあさんのイラストです。,https://www.irasutoya.com/2012/06/blog-post_2456.html,おばあちゃんのイラスト,にっこり笑っている可愛いおばあさんのイラストです。,https://www.irasutoya.com/2012/06/blog-post_2456.html,1,介護|敬老の日|老人
782,irasutoya,https://blogger.googleusercontent.com/img/b/R29vZ2xl/AVvXsEhpyy5D0zXQ6kYrrYjXkmmE8aKb17bK27ReBrc1BFqnlP5wVIZuSBrFBFZUSz1tL5nSHan9i8c7xaxVkfdiymhSgUvticV8HSl0qB0cEGBQf-IFiOLsIYNwRJ6YGbAOinMmqY9gb0k1LiGu/s800/natsubate_girl2.png,696,777,2012-06-13,夏バテのイラスト「倒れる女の子」,夏バテで座っている女性のイラストです。,https://www.irasutoya.com/2012/06/blog-post_13.html,夏バテのイラスト「倒れる女の子」,夏バテで座っている女性のイラストです。,https://www.irasutoya.com/2012/06/blog-post_13.html,1,夏|夏バテ|病気
781,irasutoya,https://blogger.googleusercontent.com/img/b/R29vZ2xl/AVvXsEi61puKDvtKzCFckmGhmZuJiQMh6c-f-2e7fGIB0pBXsGWro9gXQ2yCtUYK_aYJcatJaRxSNvQ7OBrUX77gOG1wuY_Kvy9IFqUy-WslmO3JFZ0XFy8B-3NQAfGV_LRcBHad3NCc89_Qmst_/s800/itsumoarigatou_title2.png,800,646,2012-06-13,■,母の日・父の日・敬老の日・勤労感謝の日などありがとうを伝えたい日に使える「いつもありがとう」と描かれたイラスト文字です。,https://www.irasutoya.com/2012/06/blog-post_625.html,■,母の日・父の日・敬老の日・勤労感謝の日などありがとうを伝えたい日に使える「いつもありがとう」と描かれたイラスト文字です。,https://www.irasutoya.com/2012/06/blog-post_625.html,1,メッセージ|勤労感謝の日|敬老の日|母の日|父の日
784,irasutoya,https://blogger.googleusercontent.com/img/b/R29vZ2xl/AVvXsEhXd3x9KiD-jLTL4tW2lmUYA0InGFb4G-5J1WOmAl5m7Jxqm8ByJaL7lYxoP8I35nQGRIh2Wr6MzC3lwQEnP_pHCCBb168SD60oAHIZqfUzT4WFEQxYcNqZXBuD0duvS2W8CHoT6Pp2XObb/s800/natsubate_title.png,800,399,2012-06-12,夏バテのイラスト「タイトル文字」,「夏バテ」という文字とアイスがデザインされた、イラスト文字です。,https://www.irasutoya.com/2012/06/blog-post_12.html,夏バテのイラスト「タイトル文字」,「夏バテ」という文字とアイスがデザインされた、イラスト文字です。,https://www.irasutoya.com/2012/06/blog-post_12.html,1,夏|夏バテ|文字|病気
783,irasutoya,https://blogger.googleusercontent.com/img/b/R29vZ2xl/AVvXsEjgZpwkj8cHnkB2uKPxb1GZf2S7yWdIbW1twhIJ0Pf1dh3RdPWCwbpdHbNfyFUJaJVV0AXX5J2ajSZXtdMA2ZpHxik7Wo0q020aRfCRkmIU7i3hub5aGUft5koZSK5iPuc9DJxSQCVre7Mv/s800/natsubate_girl.png,561,800,2012-06-12,夏バテのイラスト「汗だくの女性」,夏の日差しの中、汗だくで歩いている女性のイラストです。,https://www.irasutoya.com/2012/06/blog-post_6672.html,夏バテのイラスト「汗だくの女性」,夏の日差しの中、汗だくで歩いている女性のイラストです。,https://www.irasutoya.com/2012/06/blog-post_6672.html,1,夏|夏バテ|病気
786,irasutoya,https://blogger.googleusercontent.com/img/b/R29vZ2xl/AVvXsEinr3hD8TvUYYj2X92zzGXvh-Itpn23T3sfbC1IJAGP8mMW5QXkZILP2Zn-rXX5WqxWpK0CMCFx8-vLENdiIG0u3HhIfoTZ4u0ktqE250w_zsDfMtFX-h2G6cezy-1C9tdLlFVGfvn0_jcq/s800/natsubate_boy2.png,696,668,2012-06-11,夏バテのイラスト「倒れる男の子」,夏バテで倒れてしまった男の子のイラストです。,https://www.irasutoya.com/2012/06/blog-post_11.html,夏バテのイラスト「倒れる男の子」,夏バテで倒れてしまった男の子のイラストです。,https://www.irasutoya.com/2012/06/blog-post_11.html,1,夏|夏バテ|病気
785,irasutoya,https://blogger.googleusercontent.com/img/b/R29vZ2xl/AVvXsEgIP95L4CSdR_xvVVTiiZnaHGJhmcCtTBdA_kRIVkmby3CSGGVX43gxmUTOkxTH8PVmIAyyFdHlP8ngSwIb_qW6GdRjAXmxHRSwARt3PpI8y4pHinxBsUyg4EGbmf_QWh3W1utL00XfKjfb/s800/natsubate_penguin.png,535,571,2012-06-11,夏バテのイラスト「ペンギンさん」,夏の暑さの中、汗を拭っている可愛いペンギンのイラストです。,https://www.irasutoya.com/2012/06/blog-post_5847.html,夏バテのイラスト「ペンギンさん」,夏の暑さの中、汗を拭っている可愛いペンギンのイラストです。,https://www.irasutoya.com/2012/06/blog-post_5847.html,1,キャラクター|夏|夏バテ|病気|鳥
788,irasutoya,https://blogger.googleusercontent.com/img/b/R29vZ2xl/AVvXsEg6d6zIol4ixcEUmoYbPeD1iuT-gEP5Ypg45MUy6kNgkdBr-AJp76tFOmNaiFneflnoOmYrkszOsPbzLEXWygiTVzAMN9CkqtuUcfqpRAqUNAsVuD9D61t1b4-zcIDG4mOefmAaQRVmiURX/s800/natsubate_businessman2.png,696,734,2012-06-10,夏バテのイラスト「倒れるサラリーマン」,暑い日差しの中、夏バテでダウンしてしまった男性会社員（サラリーマン）のイラストです。,https://www.irasutoya.com/2012/06/blog-post_10.html,夏バテのイラスト「倒れるサラリーマン」,暑い日差しの中、夏バテでダウンしてしまった男性会社員（サラリーマン）のイラストです。,https://www.irasutoya.com/2012/06/blog-post_10.html,1,夏|夏バテ|病気
787,irasutoya,https://blogger.googleusercontent.com/img/b/R29vZ2xl/AVvXsEg6ma556DJ-85-q5QhxvwZwYJTS2SCHN3RVrjM9VvOAGtjuL-Gz49m-oZNfa5i16pvGLIN4iovs3hVGAJ8MAMWlqdoflOKUqfQCAw9mlPhLHCTmZbz6jhIRMqBsR74nqp0tsad71rWA2Xpp/s800/natsubate_boy.png,562,800,2012-06-10,夏バテのイラスト「Tシャツの男の子」,暑くて夏バテになってしまった男の子のイラストです。,https://www.irasutoya.com/2012/06/t.html,夏バテのイラスト「Tシャツの男の子」,暑くて夏バテになってしまった男の子のイラストです。,https://www.irasutoya.com/2012/06/t.html,1,夏|夏バテ|病気
790,irasutoya,https://blogger.googleusercontent.com/img/b/R29vZ2xl/AVvXsEiGYQDmyQ1-gC2HH5ryrSbYyj8TFfjNuNPx15bkSYaC9OwAFivNS45OAhD4FCEUv41pVPKiXC4Gm5l-HM9vQo5M53E5OOMHg6bQHrgdokB9II2kFAGj42iW98GCH9ir7bXQ-MCTjSpLYZ8h/s800/natsubate_ol2.png,644,786,2012-06-09,夏バテのイラスト「座り込むOL」,夏バテでダウンしてしまった女性会社員（OL）さんのイラストです。,https://www.irasutoya.com/2012/06/ol_09.html,夏バテのイラスト「座り込むOL」,夏バテでダウンしてしまった女性会社員（OL）さんのイラストです。,https://www.irasutoya.com/2012/06/ol_09.html,1,夏|夏バテ|病気
789,irasutoya,https://blogger.googleusercontent.com/img/b/R29vZ2xl/AVvXsEhQxsY1ZypI-7XuOq1kLurpBW557sA6BZQAKuPRyetcduZj0BaUH38_6itUlmRc9M_1PtkzcZQufb0GR4eUKjErmeoWfmQDGzXZfvnHNuuSfnbP5rT7dtUbHo_5X4P9FsCOysltTmPLbRJ4/s800/natsubate_businessman.png,580,800,2012-06-09,夏バテのイラスト「外回りのサラリーマン」,夏の炎天下、汗だくで参っている男性会社員（サラリーマン）のイラストです。,https://www.irasutoya.com/2012/06/blog-post_09.html,夏バテのイラスト「外回りのサラリーマン」,夏の炎天下、汗だくで参っている男性会社員（サラリーマン）のイラストです。,https://www.irasutoya.com/2012/06/blog-post_09.html,1,夏|夏バテ|病気
792,irasutoya,https://blogger.googleusercontent.com/img/b/R29vZ2xl/AVvXsEhadPaBjQKuD_LRWciMEzaK6he51J2Qth_LZ1ByqtkQB_43I-suBFiYZ3w_g2TRSPjCTm78XEaQAnvvAzGAy3gFTXmgB6Fl5Ca17oGuTMLF48aw4SKUnH-rwVTk_NmNJpjWC9FK-cvlZhOc/s800/hanabi_woman.png,553,709,2012-06-08,花火のイラスト「浴衣を着た女性」,ベンチに座って夜空の花火を見上げる、浴衣を着た女性のイラストです。,https://www.irasutoya.com/2012/06/blog-post_08.html,花火のイラスト「浴衣を着た女性」,ベンチに座って夜空の花火を見上げる、浴衣を着た女性のイラストです。,https://www.irasutoya.com/2012/06/blog-post_08.html,1,夏|夏休み|花火
791,irasutoya,https://blogger.googleusercontent.com/img/b/R29vZ2xl/AVvXsEghC4sVKKXVst4Uu8EO5PN_eCMA57asYxWoq-xOfo6NlzZuF2uQB_sbAg5fiSLA43zOV9LZ4KV5bkM7KH50qG6Y6TjUf6XqODtAqbEYjRtgDdGz9RciH4Qx3avgQBq5ujn4zLHeSjQ3YOkI/s800/natsubate_ol.png,561,800,2012-06-08,夏バテのイラスト「外回りのOL」,暑い日差しの中で、外回りで汗だくになっている女性会社員（OL）さんのイラストです。,https://www.irasutoya.com/2012/06/ol.html,夏バテのイラスト「外回りのOL」,暑い日差しの中で、外回りで汗だくになっている女性会社員（OL）さんのイラストです。,https://www.irasutoya.com/2012/06/ol.html,1,夏|夏バテ|病気
794,irasutoya,https://blogger.googleusercontent.com/img/b/R29vZ2xl/AVvXsEhsuoyl6Mp0vqrKz7VO9lxfVDKb53Jyy2hlQe5wmS0m02ntBeH1HFZleoJ_W8CIE2RW7Km99NM5kQmiLTYyTyOsSyMUhmz2JxPJiUgUltotSNVflegzIh9dEWIfMpazKuAn67BMisnGHuL4/s800/hanabi_bou.png,441,738,2012-06-07,花火のイラスト「手持花火」,カラフルな手持ちの棒花火のイラストです。,https://www.irasutoya.com/2012/06/blog-post_07.html,花火のイラスト「手持花火」,カラフルな手持ちの棒花火のイラストです。,https://www.irasutoya.com/2012/06/blog-post_07.html,1,夏|夏休み|花火
793,irasutoya,https://blogger.googleusercontent.com/img/b/R29vZ2xl/AVvXsEhuFsPg19_M2Z4nK-U8N-pStpWL76R-XMa7-spOAoB2_WWKqQz8Jy4ErRru9U47Q_oSDyAyBJnbJW-g5QKW-krRTX8EZAGAMDsDiWlGD1nXOp14UCGVu2UA9B4FXJTQncNdMLX01wlpFq1H/s800/hanabi_title.png,792,462,2012-06-07,花火のイラスト「タイトル文字」,「花火」とデザインされたイラスト文字です。,https://www.irasutoya.com/2012/06/blog-post_5028.html,花火のイラスト「タイトル文字」,「花火」とデザインされたイラスト文字です。,https://www.irasutoya.com/2012/06/blog-post_5028.html,1,夏|夏休み|文字|花火
796,irasutoya,https://blogger.googleusercontent.com/img/b/R29vZ2xl/AVvXsEieZdhVDC1nLsHmqpq5KRPHlOTmEgzI_GEdDoBsS8pWkLjMqLqPY1N4Qd5436ezfOQv_fNRk2iGf7EsLQY-ohqnJDmXCjgGb-5pr1sGIcqSAiEy4M1GuaZqn_zsqXqJmoMWgkFTLbx82pMG/s800/hanabi_senkou.png,397,741,2012-06-06,花火のイラスト「線香花火」,ぱちぱちと輝く、線香花火のイラストです。,https://www.irasutoya.com/2012/06/blog-post_06.html,花火のイラスト「線香花火」,ぱちぱちと輝く、線香花火のイラストです。,https://www.irasutoya.com/2012/06/blog-post_06.html,1,夏|夏休み|花火
795,irasutoya,https://blogger.googleusercontent.com/img/b/R29vZ2xl/AVvXsEgNqtknt0kmFTBiuomXE2P3lwccFetWsLSlqIxktRvnPVqcaYctrkC5h39nsVd1vlYIsbw3XJ1qx2hIp3qx2lumlvVhdDkN1bTCBcu9dq-LkR_3hWq-ZdGEtpss8uFmGt1zcUGwBfl9GEvQ/s800/senkouhanabi_girl.png,624,652,2012-06-06,花火のイラスト「線香花火と女の子」,ピンクの浴衣を着て線香花火をしている女の子のイラストです。,https://www.irasutoya.com/2012/06/blog-post_2599.html,花火のイラスト「線香花火と女の子」,ピンクの浴衣を着て線香花火をしている女の子のイラストです。,https://www.irasutoya.com/2012/06/blog-post_2599.html,1,夏|夏休み|花火
798,irasutoya,https://blogger.googleusercontent.com/img/b/R29vZ2xl/AVvXsEgYVtZF1GmYswEMmdG97gurUk3PLuF7W0VgF1UeFZpNTcpdjodzSeUCcWmYl3RJtx0hQMWmV3I21HvCOOavudJB1Twvr9a_HTFtgQGMvqovkxr38iZp8cAY_LOMkfRYFhIZK7oy2-iLnAKh/s800/hanabi_girl.png,706,800,2012-06-05,花火のイラスト「浴衣を着た女の子」,打ち上げ花火を見上げる、浴衣を着た女の子のイラストです。,https://www.irasutoya.com/2012/06/blog-post_05.html,花火のイラスト「浴衣を着た女の子」,打ち上げ花火を見上げる、浴衣を着た女の子のイラストです。,https://www.irasutoya.com/2012/06/blog-post_05.html,1,夏|夏休み|花火
797,irasutoya,https://blogger.googleusercontent.com/img/b/R29vZ2xl/AVvXsEgQqMnaTdqEYbgCRQ_wu-Cl53mchlQuIXu6ZfZUDws4itGfCGV-aB9FfXL2zqhl9r1OKTS7y1giyNqm3rKz3dc0o6P_ssd6taRDwQKRv2joK2843kRv95RUC_64Ipodhr6rBBlWEvOO5qr0/s800/hanabi.png,721,723,2012-06-05,花火のイラスト・背景なし,赤・青・黄色とカラフルな、打ち上げ花火のイラストです。,https://www.irasutoya.com/2012/06/blog-post_2176.html,花火のイラスト・背景なし,赤・青・黄色とカラフルな、打ち上げ花火のイラストです。,https://www.irasutoya.com/2012/06/blog-post_2176.html,1,夏|夏休み|花火
800,irasutoya,https://blogger.googleusercontent.com/img/b/R29vZ2xl/AVvXsEgtBb6_9xgWCcTOcy5rkevevJhNhhh3ekD0KuLML6IFXWXqu7C-yrubBT46aOAhM2qvHbAjcUwLEhtxviTypou_yqbIquoq9f7WiWxGu1QxF1zMIjw85gDhN3Wkp-X_ZvxLc8b42JtEONDC/s800/hanabi_animal.png,677,800,2012-06-04,花火のイラスト「ウサギとクマの花火大会」,花火大会で花火を見上げる、ウサギとクマのイラストです。,https://www.irasutoya.com/2012/06/blog-post_04.html,花火のイラスト「ウサギとクマの花火大会」,花火大会で花火を見上げる、ウサギとクマのイラストです。,https://www.irasutoya.com/2012/06/blog-post_04.html,1,動物キャラ|夏|夏休み|花火
799,irasutoya,https://blogger.googleusercontent.com/img/b/R29vZ2xl/AVvXsEg7yb2iWL2zSgUWGwWiTLyzZUFm63vN_MrpLxsWhpayK3QbMq2-JuS7MpsWYM5vCNugZ0LmqoQMmtPVa3Q7wUdWa1cVC6uOeheqvqdW8vF5uAafcCg1jdZZf1YRNJxJqrtZMPY_jKTAo3r4/s800/hanabi_bg.png,756,594,2012-06-04,花火のイラスト「夜空の打ち上げ花火」,夜空に打ち上がる打ち上げ花火のイラストです。,https://www.irasutoya.com/2012/06/blog-post_1233.html,花火のイラスト「夜空の打ち上げ花火」,夜空に打ち上がる打ち上げ花火のイラストです。,https://www.irasutoya.com/2012/06/blog-post_1233.html,1,夏|夏休み|花火
802,irasutoya,https://blogger.googleusercontent.com/img/b/R29vZ2xl/AVvXsEiYWa3U3roMRLHbBJtCiOv59C-lcpZ3_-FHSWKoJZz2KPaOJ57dv0Cm5lN2V6VsEd9BJzST32vXTXIKB1pSWKY08og9qalCChkVtzB_qE4OEI6KLf7fPvyp1N1keAu9mMMTwGOXItpHZpVH/s800/omatsuri_title.png,800,417,2012-06-03,お祭りのイラスト「タイトル文字」,「おまつり」と描かれたイラスト文字です。お祭りイベントの広告などにぴったり！,https://www.irasutoya.com/2012/06/blog-post_03.html,お祭りのイラスト「タイトル文字」,「おまつり」と描かれたイラスト文字です。お祭りイベントの広告などにぴったり！,https://www.irasutoya.com/2012/06/blog-post_03.html,1,お祭り|夏|文化祭
801,irasutoya,https://blogger.googleusercontent.com/img/b/R29vZ2xl/AVvXsEjXiwIsBlXA4NshSPeA3FyHtzJUhSniEMEn3SGuYDVdRK0tIEN1d8Ej3YjFUdtRXWOUOdk1ApeMnt0sOftZqcdayOwHG4KQlpXqEdPdx4OcnpsPGqlpEXcLFFPPNJgF5oYKFT-24VXJ4dkm/s800/omatsuri_uchiwa2.png,443,585,2012-06-03,お祭りのイラスト「祭・うちわ・赤」,赤い「祭」うちわのイラストです。,https://www.irasutoya.com/2012/05/blog-post_18.html,お祭りのイラスト「祭・うちわ・赤」,赤い「祭」うちわのイラストです。,https://www.irasutoya.com/2012/05/blog-post_18.html,1,お祭り|夏|文化祭
804,irasutoya,https://blogger.googleusercontent.com/img/b/R29vZ2xl/AVvXsEioE2cHAaF_8-CVDYVpkA04fHIQ0gAU_aFegeYgTJ0NwJTHhCGdGxVI7C4kGnKwjIFEIwvDISxHBFaHov9ClbHqVJdgCyBq9VUhJrX9LNKS5wBmQR4xdc8f5TIjd7-qx0F4aNIaEVGO75YG/s800/omatsuri_uchiwa1.png,444,585,2012-06-02,お祭りのイラスト「祭・うちわ・青」,「祭」とかかれた、青いうちわのイラストです。,https://www.irasutoya.com/2012/06/blog-post_02.html,お祭りのイラスト「祭・うちわ・青」,「祭」とかかれた、青いうちわのイラストです。,https://www.irasutoya.com/2012/06/blog-post_02.html,1,お祭り|夏|文化祭
803,irasutoya,https://blogger.googleusercontent.com/img/b/R29vZ2xl/AVvXsEhY5VEqADUBlKKWKr4Lt3ub-2zwV6zo6IDjmxUD7OgU11CxrTgAg0sM0hf5m-NIiiCVEZI8bYaI8gEb-SLsoS25W6ZdQZmRbQmEdv5DTB4mBy2OdLTxKnTdD10-Pbv-jfXBztdLGMSWJnR8/s800/omatsuri_yatai.png,774,558,2012-06-02,お祭りのイラスト「屋台」,お祭りの屋台と料理をしている男性のイラストです。,https://www.irasutoya.com/2012/06/blog-post_3621.html,お祭りのイラスト「屋台」,お祭りの屋台と料理をしている男性のイラストです。,https://www.irasutoya.com/2012/06/blog-post_3621.html,1,お祭り|夏|夏休み|文化祭
806,irasutoya,https://blogger.googleusercontent.com/img/b/R29vZ2xl/AVvXsEiAzZU2GnxK1dpst8OZlQuvfklqw9yvUcQzLhqtWUCeAqn8vDJS03vbUyn_5RaxcoIG6utUeDkARJzhtW9sDxQvsO-12Kw2902RnlZ-LBHHSC5WOTv9YRsEfk2zQTrx27nob7gp0mXoewC5/s800/omatsuri_kingyosukui.png,519,596,2012-06-01,お祭りのイラスト「金魚すくいの女の子」,着物を着た女の子がやっている、金魚すくいのイラストです。,https://www.irasutoya.com/2012/06/blog-post.html,お祭りのイラスト「金魚すくいの女の子」,着物を着た女の子がやっている、金魚すくいのイラストです。,https://www.irasutoya.com/2012/06/blog-post.html,1,お祭り|夏|夏休み|文化祭
805,irasutoya,https://blogger.googleusercontent.com/img/b/R29vZ2xl/AVvXsEjqWZ3x2qCLyQ4Xc_-MjDa9_5Bc2htVT0OShjOZdjB4_O2C-c6Anis331vzvcU1dRqSuCjeIEmj8Cirlnf7fVhvNrhYxLRmKoh-jeUhepke2VEseDQlRXbrUI6j2ARcI2PINXQxLN-sEtxJ/s800/omatsuri_taiko.png,521,601,2012-06-01,お祭りのイラスト「太鼓」,お祭りなどで使われる和太鼓のイラストです。,https://www.irasutoya.com/2012/06/blog-post_01.html,お祭りのイラスト「太鼓」,お祭りなどで使われる和太鼓のイラストです。,https://www.irasutoya.com/2012/06/blog-post_01.html,1,お祭り|夏|文化祭|楽器
808,irasutoya,https://blogger.googleusercontent.com/img/b/R29vZ2xl/AVvXsEhTBEejJqG4j3lMDSzEkJINBbVgMJi_GmYi5snODzCwzE0Bp3z__66R6sfb6-lxLBZ7PlL6r5VI6_xVeBmGC3gwy_kIhyweSVFrrUQNdyUxKTKSmD-dEBOYFezacaYdawpgK4prZ7rpDtOO/s800/omatsuri_chouchin.png,800,346,2012-05-30,お祭りのイラスト「提灯」,お祭りに吊るされている、赤い提灯のイラストです。,https://www.irasutoya.com/2012/05/blog-post_30.html,お祭りのイラスト「提灯」,お祭りに吊るされている、赤い提灯のイラストです。,https://www.irasutoya.com/2012/05/blog-post_30.html,1,お祭り|夏|夏休み|文化祭
807,irasutoya,https://blogger.googleusercontent.com/img/b/R29vZ2xl/AVvXsEh80KtfeM6rReOcyKSWCSV-yfNhRQUjWLhyphenhyphenvy58iNf9FHzi8fBQKxqhMlJjIp4ipdB3gVP6Ka57FH-ccOL5OPPaRcU82DAz8W7QkcZCvpUYrm8OuD7wDLCJklzNAP4dCDPJEES4RyKpiOVd/s800/omatsuri_happi_girl.png,541,671,2012-05-30,お祭りのイラスト「うちわを持ったはっぴの女の子」,赤いはっぴを来て笑っている女の子のイラストです。,https://www.irasutoya.com/2012/05/blog-post_9617.html,お祭りのイラスト「うちわを持ったはっぴの女の子」,赤いはっぴを来て笑っている女の子のイラストです。,https://www.irasutoya.com/2012/05/blog-post_9617.html,1,お祭り|夏|夏休み|文化祭
810,irasutoya,https://blogger.googleusercontent.com/img/b/R29vZ2xl/AVvXsEjCPRY-3LDrO73MsPHLI9V2I9xuLsSmsvH_o4Cmr2JdQ1EkdKkuXXvHm6Gbn4yFzL7A8bGgiTIUAX8hJTC7Zi3tVlLCIeaiGcxj-vFxf0h0EXnyXeGTbFPOSN_F73jS0zTol2V7j9ztRpfp/s800/omatsuri_bonodori.png,536,678,2012-05-29,お祭りのイラスト「盆踊りをする女性」,ピンク色の浴衣を着て盆踊りをしている女性のイラストです。,https://www.irasutoya.com/2012/05/blog-post_29.html,お祭りのイラスト「盆踊りをする女性」,ピンク色の浴衣を着て盆踊りをしている女性のイラストです。,https://www.irasutoya.com/2012/05/blog-post_29.html,1,お祭り|ダンス|夏|夏休み|文化祭
809,irasutoya,https://blogger.googleusercontent.com/img/b/R29vZ2xl/AVvXsEje23CqF69sQEHudoFckAVtdnICNmxIOKitx0X-k-grwlCxK9jlCiTO-mdz7Ke1NfJDemyJnYhX8Qsr0ief3nFiXswFCkl428-WZpSz69BZK27mTTjJbT279xD8ZGJsz845hXHDrgCEIPfh/s800/omatsuri_happi_boy.png,541,671,2012-05-29,お祭りのイラスト「うちわを持つはっぴの男の子」,青いはっぴを着て「祭」うちわを持っている男の子のイラストです。,https://www.irasutoya.com/2012/05/blog-post_6978.html,お祭りのイラスト「うちわを持つはっぴの男の子」,青いはっぴを着て「祭」うちわを持っている男の子のイラストです。,https://www.irasutoya.com/2012/05/blog-post_6978.html,1,お祭り|こども|夏|夏休み|文化祭
811,irasutoya,https://blogger.googleusercontent.com/img/b/R29vZ2xl/AVvXsEhLlQeNJhlOtWqARymN9H9OKQS0wrmkV3SWyUfuSS_vyOQOGoqqCsTiS75A1tnM5of3kSwbZPQkZJ5CMm9hAET6DOeGcrcpN7mwzXNvhTrYLMftc9BHC_4UrUA8CGig6I5ZbwFOS7CbTheG/s800/taiyou_sunglass.png,454,456,2012-05-28,■,,https://www.irasutoya.com/2012/05/blog-post_1888.html,■,,https://www.irasutoya.com/2012/05/blog-post_1888.html,1,キャラクター|夏|日焼け
713,irasutoya,https://blogger.googleusercontent.com/img/b/R29vZ2xl/AVvXsEiTYIk2dBMyJ4JLT45tjsjxNFSLAgR_BJs-qSH4b6_Qxx05vlpMDdNLXOtZtI4J7QGkPl4i_zKxB-10XAE02Z90gOYCTOXrytl5g8FmKxYqeLnaMmCTCJIKFi34_dbiOrvD3_pWbvxBqk5I/s800/tropical_drink.png,394,485,2012-05-28,トロピカルジュースのイラスト,果物が入った、オレンジ色のトロピカルジュースのイラストです。,https://www.irasutoya.com/2012/05/blog-post_28.html,トロピカルジュースのイラスト,果物が入った、オレンジ色のトロピカルジュースのイラストです。,https://www.irasutoya.com/2012/05/blog-post_28.html,1,夏|飲み物
715,irasutoya,https://blogger.googleusercontent.com/img/b/R29vZ2xl/AVvXsEiYVm3mzYc0XrFhN3olBMenM3Y1h-WE_pKkooe2KaCVH6t6E8KK5euLou423ykHz9VDE1svzWG8KPhrF1n6_8UQk2NSPHao_vhISBFOAo9WKWwnmbzs2BLJoI96G9o47iN-ijSi8SrpHH5N/s800/hiyake_goods.png,578,628,2012-05-27,日焼けのイラスト「日焼け対策グッズ」,日焼けグッズ（帽子・麦わら帽子・日傘・日焼け止め）のイラストです。,https://www.irasutoya.com/2012/05/blog-post_27.html,日焼けのイラスト「日焼け対策グッズ」,日焼けグッズ（帽子・麦わら帽子・日傘・日焼け止め）のイラストです。,https://www.irasutoya.com/2012/05/blog-post_27.html,1,夏|日焼け
714,irasutoya,https://blogger.googleusercontent.com/img/b/R29vZ2xl/AVvXsEif-IFoyU8Mr4RZviXKzFzceHXhDHF0BPagZuXyromwQQMOdC8Lzwl6mJ0__aM6XaUKCJ-TWN3qb634o7kMv8tHvZyl-wOXg3_VodqHUS94nl1k6ky2xBku6QZSV8r5XkkurINlypdx9FOV/s800/hiyake_woman.png,517,566,2012-05-27,日焼けのイラスト「太陽と女性」,,https://www.irasutoya.com/2012/05/blog-post_7394.html,日焼けのイラスト「太陽と女性」,,https://www.irasutoya.com/2012/05/blog-post_7394.html,1,夏|天気|日焼け
717,irasutoya,https://blogger.googleusercontent.com/img/b/R29vZ2xl/AVvXsEjRzWUhKVoryIQqDdmCbkVP1O97_iiWGp42-66mKNakemZwBRiPPSXL5WCzCWu9oapf1qZtmQgKF8u41rzOwME6Zii1h43882x24vmiumSgKPcswmwmXdlIt4gc5pZ7dbQMwyAWhPzU3jIR/s800/taiyou.png,454,456,2012-05-26,太陽のキャラクター,,https://www.irasutoya.com/2012/05/blog-post_26.html,太陽のキャラクター,,https://www.irasutoya.com/2012/05/blog-post_26.html,1,キャラクター|夏|天気|日焼け
716,irasutoya,https://blogger.googleusercontent.com/img/b/R29vZ2xl/AVvXsEgR2aGjAe19TixTYGxh2KdcaMG3ePg7ocNM7dseqABPVXMETA4TRh1BPc0uH9GwRAUJu0FRmI48CeF1RzcYr2KXJo_XIcAcodrcbmB4-HF3fadFQ7DFmKtVsHgbBrQmhRkj6zg-t85xuyGN/s800/hiyaketaisaku_title.png,800,254,2012-05-26,日焼け対策のイラスト「タイトル文字」,,https://www.irasutoya.com/2012/05/blog-post_4977.html,日焼け対策のイラスト「タイトル文字」,,https://www.irasutoya.com/2012/05/blog-post_4977.html,1,夏|日焼け
720,irasutoya,https://blogger.googleusercontent.com/img/b/R29vZ2xl/AVvXsEjPX0TrPz_L66nlzdo3lZWr1BgrzMRyT0xcnyKLTwFjeHdYJ05mIRUA3Pr11zUcxfNs-aEhYEhG81kyYROENwKBL0-z9vyKIxLotbh4zaI0Zrhyphenhyphen-7fYpzEyN5IFldWUpTUaa6W6DmoEKWQg/s800/hiyakedome.png,514,669,2012-05-25,日焼けのイラスト「日焼け止めを塗る女性」,日焼け止めを塗っている女性のイラストです。,https://www.irasutoya.com/2012/05/blog-post_25.html,日焼けのイラスト「日焼け止めを塗る女性」,日焼け止めを塗っている女性のイラストです。,https://www.irasutoya.com/2012/05/blog-post_25.html,1,夏|日焼け
719,irasutoya,https://blogger.googleusercontent.com/img/b/R29vZ2xl/AVvXsEi9NkBvu15g3F8MrnvYVIYr6nTZ36G7XVa2gqAIJ_kWNuVJEteNve0P8VFbUVgT3O7KTn9_ldZ9s2OcGA0V6Q_631ptXfVtlmhxAuSk8bW54urUu-ahKJjHPG1Sc2fR-WtQuC9VuRRQsQXD/s600/tanabata_title.png,559,549,2012-05-25,七夕のイラスト「タイトル文字」,,https://www.irasutoya.com/2012/05/blog-post_711.html,七夕のイラスト「タイトル文字」,,https://www.irasutoya.com/2012/05/blog-post_711.html,1,七夕|文字
718,irasutoya,https://blogger.googleusercontent.com/img/b/R29vZ2xl/AVvXsEikcTRS2pgE1kmZANKtWznL5Yo1p4iRcvQYEg7kih9vSck61PKHbLaCQRd9KL07y43y_YN9gkACjENYyvJ-1s5OZX6HZfWaNHpHWwEtna29syrB4R4VHffikCy0eOfUDJo65BlhpkZObrAs/s800/hiyake_penguin.png,724,604,2012-05-25,日焼けのイラスト「サングラスのペンギン」,日焼けをしているサングラスをかけたペンギンのイラストです。,https://www.irasutoya.com/2012/05/blog-post_3733.html,日焼けのイラスト「サングラスのペンギン」,日焼けをしているサングラスをかけたペンギンのイラストです。,https://www.irasutoya.com/2012/05/blog-post_3733.html,1,動物キャラ|夏|日焼け|海
723,irasutoya,https://blogger.googleusercontent.com/img/b/R29vZ2xl/AVvXsEgixQub5PNvNZZVqGrHqv3OYlMUl82Me3eIzePtj11qvFzLW_91EET1pMcM2uAyIjjV3NE9_MmE5RFR7W1eAYp3xmnNWa5ZhP5X4gZqJQLYMr2da-I2_v1bDbDJhq_ArxCvvpwGdam5-lM/s800/hebi_ume.png,673,636,2012-05-24,年賀状のイラスト「年賀状・梅の花・巳年」,梅の花と蛇のイラストです。巳年の年賀状にぴったり。,https://www.irasutoya.com/2012/02/blog-post_8061.html,年賀状のイラスト「年賀状・梅の花・巳年」,梅の花と蛇のイラストです。巳年の年賀状にぴったり。,https://www.irasutoya.com/2012/02/blog-post_8061.html,1,お年賀状|動物キャラ|干支|爬虫類両生類
722,irasutoya,https://blogger.googleusercontent.com/img/b/R29vZ2xl/AVvXsEj91jHOV6tg-Hr1tT0UKbIIsFhVchTQhEW65RpQ9iWEfwDdhMaGHVrrcWHqP2xGk6LB-rKiH5Gz2rLNTEO-HB-nRRqD0l_4te4Tu5_dA4GamPKZAbh1yEa8ukvFQxC73bHRvFHjSdzLnGeC/s800/hiyake_girl.png,464,604,2012-05-24,日焼けのイラスト「日焼けあとの女の子」,浮き輪と女の子のイラストです。日焼けあとがしっかり残っています。,https://www.irasutoya.com/2012/05/blog-post_24.html,日焼けのイラスト「日焼けあとの女の子」,浮き輪と女の子のイラストです。日焼けあとがしっかり残っています。,https://www.irasutoya.com/2012/05/blog-post_24.html,1,夏|夏休み|日焼け|海
721,irasutoya,https://blogger.googleusercontent.com/img/b/R29vZ2xl/AVvXsEjoa1B_S0nPepqup8sQY6dnzAj3iH38rSHChfeuqA7pKJ37vUEVXH6_WiDeznJMW1kbBGBk-tXATtBVABVWsDnwy3WlgqTA8JNyUnh0NVsKyKRbF7sUhS5UIoUC0QZEAqPXj6LN49BepHNl/s800/higasa_josei.png,579,800,2012-05-24,日焼けのイラスト「日傘をさす女性」,,https://www.irasutoya.com/2012/05/blog-post_4685.html,日焼けのイラスト「日傘をさす女性」,,https://www.irasutoya.com/2012/05/blog-post_4685.html,1,夏|天気|日焼け
726,irasutoya,https://blogger.googleusercontent.com/img/b/R29vZ2xl/AVvXsEiuUQG5ahmRsuNMu7JlXy5M93rlF6NpbpHMW2QmpryWEV-OgKiz3ifmyUmq4DMs7MLAowJn2gHxp7JxRIAmSEUASqSO8zRDxE_2VOY-P-UTd7U6YJd5lVCFbZs72GGJO92aCn-_zX41_UY/s800/hebi_blue.png,703,730,2012-05-23,年賀状のイラスト「青蛇さん・巳年」,紳士な帽子をかぶった青蛇さんです。2013年はへび年ですね。,https://www.irasutoya.com/2012/02/blog-post_2641.html,年賀状のイラスト「青蛇さん・巳年」,紳士な帽子をかぶった青蛇さんです。2013年はへび年ですね。,https://www.irasutoya.com/2012/02/blog-post_2641.html,1,お年賀状|動物キャラ|干支|爬虫類両生類
725,irasutoya,https://blogger.googleusercontent.com/img/b/R29vZ2xl/AVvXsEgT67mq7ACSNFbdMGvA4ynyEWF-TJw63sYh0X49y8PXou5DiryRg2grp_9heDIfVmnkKe69HoDhfuImcSii42abPaGFIp53k0sU-WA6wgaFjfA-yDe04VO_IMTU9ddu1vkyl6GfYFyg5oue/s800/hiyake_sunglass.png,564,542,2012-05-23,日焼けのイラスト「ビーチベッドに寝るサングラスの女性」,ビーチベッドでサングラスをかけて日焼けをする女性のイラストです。,https://www.irasutoya.com/2012/05/blog-post_23.html,日焼けのイラスト「ビーチベッドに寝るサングラスの女性」,ビーチベッドでサングラスをかけて日焼けをする女性のイラストです。,https://www.irasutoya.com/2012/05/blog-post_23.html,1,夏|夏休み|日焼け|海|睡眠
724,irasutoya,https://blogger.googleusercontent.com/img/b/R29vZ2xl/AVvXsEjYHKMjuwo1IvADJsZOZab9n06-T0Pmk9y0fBCgiMoPqXzibfzGFkLO71_rLoKo125LrEp2GBjfj2nse10qtu7MIkJS4BiWPJg7AB3kOU1fb7sbg3ZLePwyvJQMZqgcQBnKSw0ZU2h9-hwj/s800/hiyake_boy.png,412,634,2012-05-23,日焼けのイラスト「日焼けあとの男の子」,日焼けあとがくっきり出ている、浮き輪を持った水着姿の少年のイラストです。,https://www.irasutoya.com/2012/05/blog-post_7673.html,日焼けのイラスト「日焼けあとの男の子」,日焼けあとがくっきり出ている、浮き輪を持った水着姿の少年のイラストです。,https://www.irasutoya.com/2012/05/blog-post_7673.html,1,夏|夏休み|日焼け|海
728,irasutoya,https://blogger.googleusercontent.com/img/b/R29vZ2xl/AVvXsEhD5cwJE9wInjXHKQrv1ANdTkwg_zowErqQD8uXC9voB-rT2-54E0jV26K6tpm-AFqqpD8qWZ-4G3tZNRHvnv8S95gYSAWqvm6vkKq8G27oNjyRspofIuxpkeAS1Ng72pUpg-fI64fQJ8g/s800/hebi_kagamimochi.png,574,726,2012-05-22,年賀状のイラスト「年賀状・鏡餅・巳年」,鏡餅に蛇が乗っているイラストです。巳年の年賀状にどうぞ。,https://www.irasutoya.com/2012/02/blog-post_7300.html,年賀状のイラスト「年賀状・鏡餅・巳年」,鏡餅に蛇が乗っているイラストです。巳年の年賀状にどうぞ。,https://www.irasutoya.com/2012/02/blog-post_7300.html,1,お年賀状|動物キャラ|干支|爬虫類両生類|食べ物
727,irasutoya,https://blogger.googleusercontent.com/img/b/R29vZ2xl/AVvXsEjd_AuzL_nkiSeAXvTU91tv37OcYUESa0uTmtb19mVQbZgov6Hg0RzpvjXbyyHmhqO3MGltW7PtSnbP2JvVcY2wl40SxUjp10nTcvs1yn1b9NY0wuKqSw22ZbIAaHy2gEfdWFwBxFSlpgHY/s600/tanzaku.png,456,521,2012-05-22,七夕のイラスト「短冊」,,https://www.irasutoya.com/2012/05/blog-post_22.html,七夕のイラスト「短冊」,,https://www.irasutoya.com/2012/05/blog-post_22.html,1,七夕
731,irasutoya,https://blogger.googleusercontent.com/img/b/R29vZ2xl/AVvXsEgcTBV6TbQ_xXRjyoS-vUD-auK9kUUlRS73xR06iFKUtxT_mYFn9GuxxnBNyx-puV1_IfqCkMERl_2j-W8TThFD__M4LW3W6kAQfIMwt_2JM_7I2LDv6JZiTAmazp8fxBESx3A3sbdMgwU/s800/orihime_hikoboshi.png,754,590,2012-05-21,■,織姫と彦星が手をつないでいるイラストです。,https://www.irasutoya.com/2012/05/blog-post_21.html,■,織姫と彦星が手をつないでいるイラストです。,https://www.irasutoya.com/2012/05/blog-post_21.html,1,七夕
730,irasutoya,https://blogger.googleusercontent.com/img/b/R29vZ2xl/AVvXsEib_aNImB4YeHc74m6gzwDrVWWWWQG5fBmB_pP_Q1yq1GMuM9vyEJMB7dyCQT-UxQYfw986zxut2N3HewrDOuBw4XM5E45nV_-zSSAqsJ4AG6EEUV7jesvxb-LoBXywW9Yhxx5JkSs2Ttg/s800/hebi.png,668,505,2012-05-21,年賀状のイラスト「緑へびさん・巳年」,シンプルな緑の蛇のイラストです。,https://www.irasutoya.com/2012/02/blog-post_6737.html,年賀状のイラスト「緑へびさん・巳年」,シンプルな緑の蛇のイラストです。,https://www.irasutoya.com/2012/02/blog-post_6737.html,1,お年賀状|動物キャラ|干支|爬虫類両生類
729,irasutoya,https://blogger.googleusercontent.com/img/b/R29vZ2xl/AVvXsEiTT0s13ARETAoqKNxIsnok2c8ilJUijJ_cJBTpKeDBmO2x0ExC3-C6uilrwq9AMOONq5blRLqMSknext5VflmeU_p8gi011u8ylJ2-6umPoHkUNzJEVh7IEAX1E5cqRwlPVMnW5PBW5wNP/s600/sasanoha.png,586,600,2012-05-21,七夕のイラスト「笹の葉と短冊・背景無し」,星が輝く空と、笹の葉に吊るされた短冊のイラストです。,https://www.irasutoya.com/2012/05/blog-post_6377.html,七夕のイラスト「笹の葉と短冊・背景無し」,星が輝く空と、笹の葉に吊るされた短冊のイラストです。,https://www.irasutoya.com/2012/05/blog-post_6377.html,1,七夕
734,irasutoya,https://blogger.googleusercontent.com/img/b/R29vZ2xl/AVvXsEhg6Vn6cNuduy_cVs6GGmOYlonbGeJ5lc_Hb4GJbJXZgGtgPMuz0WSJmHA7j_7wR7SZ-cnf2kJSqWAy_BqSfMqxE2S2oLy6jjnX-lU9DJ2zh5gn6x6Gcoz14s3c34cCkEMW6jzHzsuYRwAP/s600/tanabata_kazari_yellow.png,263,600,2012-05-20,七夕のイラスト「七夕飾り・黄色」,七夕飾りで飾るための、黄色い七夕飾りのイラストです。,https://www.irasutoya.com/2012/05/blog-post_20.html,七夕のイラスト「七夕飾り・黄色」,七夕飾りで飾るための、黄色い七夕飾りのイラストです。,https://www.irasutoya.com/2012/05/blog-post_20.html,1,七夕|飾り
733,irasutoya,https://blogger.googleusercontent.com/img/b/R29vZ2xl/AVvXsEhwd6OSYikv7h65ateMItE47VVg32DJny03AMyQmtZJ8cFWmKLpXzMZtDhev7C3e1yzPqBdo9XdBRZI_DWb8-f633Qw43tGrvR91IV5ksvhqw4hZecJq4XUS19jpoqfw87y1im8noN36mc/s800/hebi_mi.png,515,470,2012-05-20,年賀状のイラスト「文字タイトル・干支・巳年」,巳という文字の形をした青蛇のイラストです。年賀状などお正月のイベントに。,https://www.irasutoya.com/2012/02/blog-post_8082.html,年賀状のイラスト「文字タイトル・干支・巳年」,巳という文字の形をした青蛇のイラストです。年賀状などお正月のイベントに。,https://www.irasutoya.com/2012/02/blog-post_8082.html,1,お年賀状|動物キャラ|干支
732,irasutoya,https://blogger.googleusercontent.com/img/b/R29vZ2xl/AVvXsEhYW_tXLxJVr7hI4B_ieotXWHjYphsM3bDh-_i_6Lz6jYM877U5cg4X_AeQwqMEiEC2iNoi1oUXBKLqo2ik-ZN7aot4Kp-5AYocSDWNQVsSksKtYDQd4GnISV6wy5jYiwwbTbgKWXCfIV4/s800/orihime_hikoboshi_bg.png,800,621,2012-05-20,■,夜空と天の川を背景に、織姫と彦星が手をつないでいるイラストです。,https://www.irasutoya.com/2012/05/blog-post_1522.html,■,夜空と天の川を背景に、織姫と彦星が手をつないでいるイラストです。,https://www.irasutoya.com/2012/05/blog-post_1522.html,1,七夕
737,irasutoya,https://blogger.googleusercontent.com/img/b/R29vZ2xl/AVvXsEiqVwAjEVLDjFkwfnh4x0yj2iOjuGAfW-4QJW4ne67jn-qXlfQHa7gqoyqNy0SJ_XwtIzup_j4Ufi3TKRluJWK0oHivKW7C-h15J-2-_FPFShI99TVdHflCXo-FF0RsU72XzXGJ_X37r2op/s600/tanabata_kazari_red.png,262,600,2012-05-19,七夕のイラスト「七夕飾り・赤」,赤い七夕飾りのイラストです。七夕祭りに飾ってありますね。,https://www.irasutoya.com/2012/05/blog-post_19.html,七夕のイラスト「七夕飾り・赤」,赤い七夕飾りのイラストです。七夕祭りに飾ってありますね。,https://www.irasutoya.com/2012/05/blog-post_19.html,1,七夕|飾り
736,irasutoya,https://blogger.googleusercontent.com/img/b/R29vZ2xl/AVvXsEhhrxd7sVkUhqMbImnCywNFn6mMN_yIO3BaGOYUfWl6TCdxZYGehSWA6rYcv24oJOd9s_pJEKmdBtPakSWBO1F-YQ34TALGC5tNmQ4EGc0N8O-7hCQoPLCRncAZAHGwgUsn6XEr4HFEOLE/s800/hebi_pink.png,550,631,2012-05-19,年賀状のイラスト「ピンク蛇さん・巳年」,ピンクの蛇のイラストです。すました顔のかわいい女の子です。,https://www.irasutoya.com/2012/02/blog-post_9016.html,年賀状のイラスト「ピンク蛇さん・巳年」,ピンクの蛇のイラストです。すました顔のかわいい女の子です。,https://www.irasutoya.com/2012/02/blog-post_9016.html,1,お年賀状|動物キャラ|干支|爬虫類両生類
735,irasutoya,https://blogger.googleusercontent.com/img/b/R29vZ2xl/AVvXsEhAKBOympPjnMjcB-JukJ1wxYmNiSOL-ZwObCkwIl-lxdF8_Jq9XjUVZwY76Pw07oHS9RVwD5JEAlg87wgNc1VsWUNTss5tkZFj6CsHH9lVl381TbM3AbwIyJmhtn6DGvFI0bsh7_ikp6kZ/s600/tanzaku_panda.png,576,600,2012-05-19,七夕のイラスト「笹の葉とパンダ」,笹の葉と、短冊を持ったパンダのイラストです。,https://www.irasutoya.com/2012/05/blog-post_6217.html,七夕のイラスト「笹の葉とパンダ」,笹の葉と、短冊を持ったパンダのイラストです。,https://www.irasutoya.com/2012/05/blog-post_6217.html,1,七夕|動物キャラ
740,irasutoya,https://blogger.googleusercontent.com/img/b/R29vZ2xl/AVvXsEivHYVpMir0lhbJ4Ao5QqeLtZAb692JvCg1x3l57dC58WlKR2vB3LNSxXRq-cjYLhRMn2m0y3uOcLhyPP3cU7Wm76oCpZ-0tPihPWxPmHhuQVH5m8o69lfyQA8ujdZ6rAQwuJb-0W50Mhvi/s600/tanabata_kazari_blue.png,262,600,2012-05-18,七夕のイラスト「七夕飾り・青」,仙台の七夕祭りなどで有名な、七夕飾りのイラストです。,https://www.irasutoya.com/2012/05/blog-post_8902.html,七夕のイラスト「七夕飾り・青」,仙台の七夕祭りなどで有名な、七夕飾りのイラストです。,https://www.irasutoya.com/2012/05/blog-post_8902.html,1,七夕|飾り
739,irasutoya,https://blogger.googleusercontent.com/img/b/R29vZ2xl/AVvXsEgyXNSZHuS7s-NeNDn3cVicDS6_MA1eZkGPC6bi3zQgDy8E1GfvfE2ofkVYkMiJtMT0xxsFEswVG9BXSmQlC1CaLdqITsecCfh1RIdxk3Tmeetbf_2WsnXmfKqLXHwl-G6U5s2iK_DiVuw/s800/hebi_tako.png,564,721,2012-05-18,年賀状のイラスト「年賀状・凧揚げ・巳年」,お正月に凧揚げをしている蛇のイラストです。,https://www.irasutoya.com/2012/02/blog-post_6113.html,年賀状のイラスト「年賀状・凧揚げ・巳年」,お正月に凧揚げをしている蛇のイラストです。,https://www.irasutoya.com/2012/02/blog-post_6113.html,1,お年賀状|動物キャラ|干支
738,irasutoya,https://blogger.googleusercontent.com/img/b/R29vZ2xl/AVvXsEgLkcTgeARY7syeuxBr0RHlf4PZN41w9Unef05GrMV7ZohDcfX2NoNcMeUWgf4MdN2fUpJ4epwX2a2Wxv4y5UIMftFdi73h2_jVdiDNHzaLZJrQUqVS7QrTmJBQxEQDqOL65btKxPqLTm5u/s600/tanabata_kazari_green.png,263,600,2012-05-18,七夕のイラスト「七夕飾り・緑」,大きな七夕飾りのイラストです。仙台の七夕祭りなどで有名ですね。,https://www.irasutoya.com/2012/05/blog-post_1486.html,七夕のイラスト「七夕飾り・緑」,大きな七夕飾りのイラストです。仙台の七夕祭りなどで有名ですね。,https://www.irasutoya.com/2012/05/blog-post_1486.html,1,七夕|飾り
743,irasutoya,https://blogger.googleusercontent.com/img/b/R29vZ2xl/AVvXsEinMB5O0OCATAo7-MWS9Dr02RUiYhyphenhyphenL9PV_ZQVxMOUnE-s6L5_Utt1hyphenhyphenqh6pxrverZYZZmpcnLyFriooduhFyDMLhpfGkeoOa3bjm1yhjRp65IlHxk9VSAX5F1pvkNsVU1c4zFpwLAun4lg/s600/sasanoha_bg.png,600,548,2012-05-17,七夕のイラスト「笹の葉と短冊・背景あり」,夜空の中に、七夕の笹に短冊が吊るされているイラストです。,https://www.irasutoya.com/2012/05/blog-post_17.html,七夕のイラスト「笹の葉と短冊・背景あり」,夜空の中に、七夕の笹に短冊が吊るされているイラストです。,https://www.irasutoya.com/2012/05/blog-post_17.html,1,七夕
742,irasutoya,https://blogger.googleusercontent.com/img/b/R29vZ2xl/AVvXsEhVRw6L3mjsNO_rPG4IE47RC0HtcAIje8QSEheS_nNtX7WJgnucABAOOlCiyIf0jHoN2X_-YN3gYpELFBgHwRveLREZ7ul2GyOq92N9Km2CuQZo9sWtdwMzlZ46mh3C0cYLUUEesouOTk67/s600/amanogawa.png,552,600,2012-05-17,七夕のイラスト「天の川・星空」,女の子が見上げている、夜空に浮かぶ天の川のイラストです。,https://www.irasutoya.com/2012/05/blog-post_4564.html,七夕のイラスト「天の川・星空」,女の子が見上げている、夜空に浮かぶ天の川のイラストです。,https://www.irasutoya.com/2012/05/blog-post_4564.html,1,七夕|天気
741,irasutoya,https://blogger.googleusercontent.com/img/b/R29vZ2xl/AVvXsEh1eV7hvxzqRPTZz2QcYhbZNPwd-aiPnBcBhR5GS2qxsey9GPrb2IMhXFTb2C1D9WB1xneWq8w3kmA_GQ0oyutGGRGVw2wMVkU1Mjnf8NVFbej5i1LRMomjtJfDIYj0fiQK5jZ3fLLsrGil/s600/tanzaku_boy.png,506,600,2012-05-17,七夕のイラスト「短冊をつるす男の子」,男の子が笹の葉に短冊をつけているイラストです。願い事はなんでしょう。,https://www.irasutoya.com/2012/05/blog-post_916.html,七夕のイラスト「短冊をつるす男の子」,男の子が笹の葉に短冊をつけているイラストです。願い事はなんでしょう。,https://www.irasutoya.com/2012/05/blog-post_916.html,1,七夕
746,irasutoya,https://blogger.googleusercontent.com/img/b/R29vZ2xl/AVvXsEiXIuaxA60e69wNNz5o2MWgHj_LrwtD5bDh8gfffmLEyopXGaMBc_qhiQrxPuAKcST9uPhLPAvH486-vzzozSMJ3SjWhuvb-WVr9mtSHQGEbJoykPMUy5cBWZysobFhIobLJTiWaZrEp7sy/s600/yadokari.png,425,456,2012-05-11,ヤドカリのイラスト,赤い貝殻を背負った、かわいいヤドカリのイラストです。,https://www.irasutoya.com/2012/05/blog-post_11.html,ヤドカリのイラスト,赤い貝殻を背負った、かわいいヤドカリのイラストです。,https://www.irasutoya.com/2012/05/blog-post_11.html,1,暑中見舞い|甲殻類
745,irasutoya,https://blogger.googleusercontent.com/img/b/R29vZ2xl/AVvXsEjLnTEuAeL3kxbOmis6qSMVPqnPMs2OV9BE-3kkndLzIHHQFTlrXDCxQXmrRCYJE7Xij7hkwm6MGE99d6kOBOhj2rEVk7TkRT2QT-B7Cp2KnsW1VyTl2ZOSoRVFDuFrBD2152TRh4nq1Yi3/s600/zansyoomimai_tate.png,356,600,2012-05-11,残暑お見舞のイラスト「タイトル文字」縦,「残暑お見舞申し上げます」と描かれたタイトル文字と、ピンクの豚の蚊取り線香入れのイラストです。,https://www.irasutoya.com/2012/05/blog-post_3589.html,残暑お見舞のイラスト「タイトル文字」縦,「残暑お見舞申し上げます」と描かれたタイトル文字と、ピンクの豚の蚊取り線香入れのイラストです。,https://www.irasutoya.com/2012/05/blog-post_3589.html,1,夏|暑中見舞い
744,irasutoya,https://blogger.googleusercontent.com/img/b/R29vZ2xl/AVvXsEhpQxTMQifldPowSwxInmhgHJHpT4nV2MMznadF2Mr4eI-oqbK0O_denAz1VWMZMwL6mSADi6Hk8fXqOt5zCvdNnkHv3Xf6D5l3AnTm90FwMNqyg6YP_N8PIZCjoM9yJ3PoAnpHlLNWJ31G/s600/zansyoomimai_yoko.png,600,290,2012-05-11,残暑お見舞のイラスト「タイトル文字」横,「残暑お見舞申し上げます」と描かれたタイトル文字と、ピンクの豚の蚊取り線香入れのイラストです。,https://www.irasutoya.com/2012/05/blog-post_3589.html,残暑お見舞のイラスト「タイトル文字」横,「残暑お見舞申し上げます」と描かれたタイトル文字と、ピンクの豚の蚊取り線香入れのイラストです。,https://www.irasutoya.com/2012/05/blog-post_3589.html,1,夏|暑中見舞い
749,irasutoya,https://blogger.googleusercontent.com/img/b/R29vZ2xl/AVvXsEiEGhrPPSKE7UUJj95EcgRa3hXF_m2fD12FSg0hHOXHBtmkz8pBABTkl89YBm18YVzwJn-8KuiK0WX1_dz1KwzDxGikwwxHoJXvP7zPUXJ_5ouzYhGgCoFelS0SwnYAyHiAqB4zpo0Mj93W/s600/syochuomimai_tate.png,341,600,2012-05-10,暑中お見舞いのイラスト「タイトル文字」縦,「暑中お見舞い申し上げます」というタイトル文字と、スイカのイラストです。,https://www.irasutoya.com/2012/05/blog-post_10.html,暑中お見舞いのイラスト「タイトル文字」縦,「暑中お見舞い申し上げます」というタイトル文字と、スイカのイラストです。,https://www.irasutoya.com/2012/05/blog-post_10.html,1,夏|暑中見舞い
748,irasutoya,https://blogger.googleusercontent.com/img/b/R29vZ2xl/AVvXsEgDKR1HP2etRwCIxqzqc8aljUvItJsLeV_xbgJf72TB_o-DRBi1JALTA2Rw10nXPV7bHBNzdM87IxzG5RMRvw0_wxJkIuD1qpJ4_WIXi9nVcPW19sworpUWKw_-0s5IYZNPdc8Dd41EHqpI/s600/syochuomimai_yoko.png,600,279,2012-05-10,暑中お見舞いのイラスト「タイトル文字」横,「暑中お見舞い申し上げます」というタイトル文字と、スイカのイラストです。,https://www.irasutoya.com/2012/05/blog-post_10.html,暑中お見舞いのイラスト「タイトル文字」横,「暑中お見舞い申し上げます」というタイトル文字と、スイカのイラストです。,https://www.irasutoya.com/2012/05/blog-post_10.html,1,夏|暑中見舞い
747,irasutoya,https://blogger.googleusercontent.com/img/b/R29vZ2xl/AVvXsEhVMzQ1I7JddYog_aOsp-3xUkta5hPvhiDn-2FjbayMO8D0aqvTgrgIalVTxovi8RnwMGznVmm4SY0xqb4AFVtjr2KqoZLWKHZh-3gV7lSZSxbynm7NdNdrGuJeFQKMU9xxiJz2RkoLe5rA/s600/uchiwa.png,473,486,2012-05-10,暑中お見舞いのイラスト「うちわ」,夏の風物詩、うちわのイラストです。緑の背景に、朝顔のイラストが描いてあります。,https://www.irasutoya.com/2012/05/blog-post_7916.html,暑中お見舞いのイラスト「うちわ」,夏の風物詩、うちわのイラストです。緑の背景に、朝顔のイラストが描いてあります。,https://www.irasutoya.com/2012/05/blog-post_7916.html,1,夏|夏休み|暑中見舞い
751,irasutoya,https://blogger.googleusercontent.com/img/b/R29vZ2xl/AVvXsEi6hrs4nMr0VCQ7hqMteBIk3-wdU2htVaZNXMm-9TEyhlwY2xz7a7XO_-4o-A_WWEMHDM6nJa3Vvx69yDdaTscNaMHwvwvy1PNXCokRR5VZ2wAAP1ttt26JohMenVWDrjabx9nTa7tR6lp0/s600/kingyobachi.png,541,553,2012-05-09,暑中お見舞いのイラスト「金魚鉢」,金魚鉢に入った赤と黒の金魚の涼し気な雰囲気のイラストです。,https://www.irasutoya.com/2012/05/blog-post_09.html,暑中お見舞いのイラスト「金魚鉢」,金魚鉢に入った赤と黒の金魚の涼し気な雰囲気のイラストです。,https://www.irasutoya.com/2012/05/blog-post_09.html,1,夏|夏休み|暑中見舞い|魚
750,irasutoya,https://blogger.googleusercontent.com/img/b/R29vZ2xl/AVvXsEj4aavvKTqB_JwcwJ7HTYqMa8KTLfD894x4yhdSBLctjPMyLeDCneAhNUWZap3JNYHVq4ps_ntXoAxjcg5w1Q3x1pvw5EAf4X-IneuiT7R_b19zTgsZ-Ah6r0Hezcz8eyyo3_VsVVuD8nmy/s600/kumanomi.png,596,388,2012-05-09,熱帯魚のイラスト「クマノミ」,かわいい熱帯魚のカクレクマノミのイラストです。,https://www.irasutoya.com/2012/05/blog-post_5509.html,熱帯魚のイラスト「クマノミ」,かわいい熱帯魚のカクレクマノミのイラストです。,https://www.irasutoya.com/2012/05/blog-post_5509.html,1,ペット|暑中見舞い|魚
753,irasutoya,https://blogger.googleusercontent.com/img/b/R29vZ2xl/AVvXsEg3g0BvDE7VR7AkkEAgBCvJ5soTYit7BFG76HsHJGbMisKIGkEPJSVehagPA7HQ2AFXAWa_tH_4cDRO3aqlnUJtfu4kyNjjS5sSe5P-l4fIKYJdp3fjJn2CDIdWdaz2fuK93MeEjn0sP9Pa/s600/icecream.png,598,600,2012-05-08,暑中お見舞いのイラスト「アイスクリーム」,夏のお菓子の定番、アイスキャンディとソフトクリームのイラストです。,https://www.irasutoya.com/2012/05/blog-post_08.html,暑中お見舞いのイラスト「アイスクリーム」,夏のお菓子の定番、アイスキャンディとソフトクリームのイラストです。,https://www.irasutoya.com/2012/05/blog-post_08.html,1,スイーツ|夏|夏休み|暑中見舞い
752,irasutoya,https://blogger.googleusercontent.com/img/b/R29vZ2xl/AVvXsEjN-WVcb7nCx-xEfx6PBehY8-jP_f36vAlWo4FmlVnoHzxn52ue6VTp_zRQ1nFHzJhZ0fO2CXxZaFioARxaPKkyG2n3kyZeidNTPNUfc9cRgr5yrLM2IvhR4St4VneVola-8uyxKxAIAVYz/s600/kingyo.png,555,600,2012-05-08,暑中お見舞いのイラスト「金魚」,赤と黒の金魚のイラストです。涼し気なイラストが暑中お見舞いにぴったり！,https://www.irasutoya.com/2012/05/blog-post_822.html,暑中お見舞いのイラスト「金魚」,赤と黒の金魚のイラストです。涼し気なイラストが暑中お見舞いにぴったり！,https://www.irasutoya.com/2012/05/blog-post_822.html,1,夏|夏休み|暑中見舞い|魚
755,irasutoya,https://blogger.googleusercontent.com/img/b/R29vZ2xl/AVvXsEhAXNlckUAp9L2SA5Phq9eWlRBngXUp827qx_lopIuC4SWdvXjLyj_e9BK_s8IN_gdXCXHooxksOqh8o3ZNaVmgNIOVdWrKEM4a7g8sxt8uzaaLeH4V1MVLzd665EopfwUdsVYD2KmAageq/s600/fueyakkodai.png,600,328,2012-05-07,熱帯魚のイラスト「フエヤッコダイ」,熱帯魚のフエヤッコダイのイラストです。おちょぼ口が可愛いです。,https://www.irasutoya.com/2012/05/blog-post_07.html,熱帯魚のイラスト「フエヤッコダイ」,熱帯魚のフエヤッコダイのイラストです。おちょぼ口が可愛いです。,https://www.irasutoya.com/2012/05/blog-post_07.html,1,ペット|暑中見舞い|魚
754,irasutoya,https://blogger.googleusercontent.com/img/b/R29vZ2xl/AVvXsEgWsNxcakSudB69NF43Yh70DX2MoMspWP8ue0JVGKZi0GLRNpjc0VOyFM_QBiY3c3Nag_Upbyacyg_0DIeTuaGGS86n5yptVWMIDzHnXu-0AYNq_-bTd3S5daCRxsUOh0bL-HKLVMZkytMo/s600/himawari.png,600,561,2012-05-07,暑中お見舞いのイラスト「向日葵」,大きな青空の下に並んで咲く向日葵のイラストです。,https://www.irasutoya.com/2012/05/blog-post_5713.html,暑中お見舞いのイラスト「向日葵」,大きな青空の下に並んで咲く向日葵のイラストです。,https://www.irasutoya.com/2012/05/blog-post_5713.html,1,夏|夏休み|暑中見舞い|花
757,irasutoya,https://blogger.googleusercontent.com/img/b/R29vZ2xl/AVvXsEg0NxTpGUiBR5pn8pS1dvY5HNgodNW5ZzzZ0x-cVczznpFQWx6ZfagINcC_rbCOvvgDFGrw5ttl51Tb07jQLyt28MuVHch3cbzlo4Q1skvtN9_u5MnvxpRJ-j5wocdxpd2sYEtKQ_gCIV0_/s600/asagao.png,587,487,2012-05-06,暑中お見舞いのイラスト「あさがお」,夏に咲いている朝顔のイラストです。,https://www.irasutoya.com/2012/05/blog-post_06.html,暑中お見舞いのイラスト「あさがお」,夏に咲いている朝顔のイラストです。,https://www.irasutoya.com/2012/05/blog-post_06.html,1,夏|夏休み|暑中見舞い|花
756,irasutoya,https://blogger.googleusercontent.com/img/b/R29vZ2xl/AVvXsEhKe0BRhXtKwgzUi_7VX8d4nnJpfWviShhJTBdopjS35uIIbiVGEkI_0-qzuRocdm2KjZg_3gjXeGhXSSCeeb9I9DzLte5wOIVCUj_czSmQK1SDR5VnpDfnKvCGM2q0yS82XWyuoNHp6-OM/s600/iruka.png,535,498,2012-05-06,暑中お見舞いのイラスト「イルカ」,海からジャンプしている可愛いイルカのイラストです。,https://www.irasutoya.com/2012/05/blog-post_6149.html,暑中お見舞いのイラスト「イルカ」,海からジャンプしている可愛いイルカのイラストです。,https://www.irasutoya.com/2012/05/blog-post_6149.html,1,クジライルカ|動物|夏|暑中見舞い
759,irasutoya,https://blogger.googleusercontent.com/img/b/R29vZ2xl/AVvXsEjIC4WbDfNgqiYm68kAobWOlvoe9mWTJKDDDtLRJq09lQvN4NgH5GLVx9eVmFIyfg8wzBNvssR8EFXdEC7v4qderEMj_BCcFsO0FHkvTJw5JcIGJX8yqnlXaLO5tkV3qlJsU8HEKesrvJw/s800/tsunami.png,795,605,2012-05-05,地震のイラスト「大きな津波」,地震で起きた大きな津波が街を飲み込んでいるイラストです。,https://www.irasutoya.com/2012/05/blog-post_05.html,地震のイラスト「大きな津波」,地震で起きた大きな津波が街を飲み込んでいるイラストです。,https://www.irasutoya.com/2012/05/blog-post_05.html,1,災害
758,irasutoya,https://blogger.googleusercontent.com/img/b/R29vZ2xl/AVvXsEjyq3eUSbR3ejASqZT7Z6lO_QMXnVVi7Tip9OuHY2Z6B5m4XxXi96IMLF4-uo-p5C-jV_jATWEMpHdLDQzYPyvA_KUbUg8cAcAgTpCaDoMONynEleIrD3S2HrSGT_uO_jLdrk17HMXZnRA/s800/jishin_tsukue.png,644,648,2012-05-05,地震のイラスト「テーブルの下に避難」,地震の時にテーブルの下に避難している、男の子のイラストです。,https://www.irasutoya.com/2012/05/blog-post_1600.html,地震のイラスト「テーブルの下に避難」,地震の時にテーブルの下に避難している、男の子のイラストです。,https://www.irasutoya.com/2012/05/blog-post_1600.html,1,災害
761,irasutoya,https://blogger.googleusercontent.com/img/b/R29vZ2xl/AVvXsEiMevQu7UwyzmLvyy7kaYY2hebwIgjnAMuwP1x-ICKdZr6RX0QaciUmkknMBnXm4ibmLg3sK1tIUGaXFyRpSiwJjnR0MavKJsQGPvRuJVCdgWUvHROF6C0dtD2OjbnMhn289kJhJzq3Faoe/s800/bousai_goods.png,800,707,2012-05-04,地震のイラスト「防災グッズ」,地震の時のための、防災グッズ（救急箱、水、缶詰、懐中電灯、ラジオ）のイラストです。,https://www.irasutoya.com/2012/05/blog-post_04.html,地震のイラスト「防災グッズ」,地震の時のための、防災グッズ（救急箱、水、缶詰、懐中電灯、ラジオ）のイラストです。,https://www.irasutoya.com/2012/05/blog-post_04.html,1,医療機器|家電|災害|道具|食べ物|飲み物
760,irasutoya,https://blogger.googleusercontent.com/img/b/R29vZ2xl/AVvXsEivblAC0PeCU4MLbSuCzGIcWdSfHt7TjAjfZutQCq5mLDgnxxulNFH7u2PpjudnoeA28tColsBOxxg7sP4VqneKFj5bW6nJCF8qjF3Izil-pMq4RCDUv8x1VLRpVG-VzZCE0iyWkLo-B2U/s800/jishin_house.png,768,546,2012-05-04,地震のイラスト「揺れる街」,地震で揺れる地面と、家、ビル、電柱のイラストです。,https://www.irasutoya.com/2012/05/blog-post_4444.html,地震のイラスト「揺れる街」,地震で揺れる地面と、家、ビル、電柱のイラストです。,https://www.irasutoya.com/2012/05/blog-post_4444.html,1,災害
762,irasutoya,https://blogger.googleusercontent.com/img/b/R29vZ2xl/AVvXsEgdtW8hdOpmbSVMEzWA1pyXVTn8mC3wbF3QshBReVL5DNLRyLYtKMrWiabJty8a9bxTwwToaFcWeBY54EtmO7eVzvJUSCwSPTeqDMl9V9KS4Q2ai9x-w08nCYYGnR8pTtQwHJyzoaVPy9Y/s800/jishin_building.png,597,537,2012-05-03,地震のイラスト「揺れるビル」,地震で揺れる地面と、揺れるビルのイラストです。,https://www.irasutoya.com/2012/05/blog-post_3298.html,地震のイラスト「揺れるビル」,地震で揺れる地面と、揺れるビルのイラストです。,https://www.irasutoya.com/2012/05/blog-post_3298.html,1,災害
663,irasutoya,https://blogger.googleusercontent.com/img/b/R29vZ2xl/AVvXsEiS9J8v1HV_5F3pYQK7Ibyvha1uCOg0PbiPS9GNXdnaXVg9KXP9zpWn-akUfwQSV1yZrJixOZULKaP1GJwrpp1qTq11AHzdi6S74BEl5oeD4hkjnRmk-E3oLpEeK8dhd8LQN16E3M7ugLcE/s800/bousaikunren_title.png,800,610,2012-05-03,防災訓練のイラスト「タイトル文字」,「防災訓練」と書かれた、タイトル文字です。後ろには防災グッズのイラストが描かれています。,https://www.irasutoya.com/2012/05/blog-post_03.html,防災訓練のイラスト「タイトル文字」,「防災訓練」と書かれた、タイトル文字です。後ろには防災グッズのイラストが描かれています。,https://www.irasutoya.com/2012/05/blog-post_03.html,1,文字|災害|道具
665,irasutoya,https://blogger.googleusercontent.com/img/b/R29vZ2xl/AVvXsEiE8h8hIrkgWn9wr7r6ioQYLOmyPmB8Sx61fmxiQPVNkf5Bvayac210xt_ZgX-i-zSQyH3jdEIefGwpBev0zXft10Uk455F-FBaBKu36q2GBGKWSCG23H0ZB9bK3UqJdGJUGp5ec_ovC38/s800/bousai_girl.png,377,620,2012-05-02,地震のイラスト「防災頭巾の女の子」,地震の時のために防災頭巾をかぶっている女の子のイラストです。,https://www.irasutoya.com/2012/05/blog-post_02.html,地震のイラスト「防災頭巾の女の子」,地震の時のために防災頭巾をかぶっている女の子のイラストです。,https://www.irasutoya.com/2012/05/blog-post_02.html,1,こども|災害
664,irasutoya,https://blogger.googleusercontent.com/img/b/R29vZ2xl/AVvXsEgYOJQ6DUHWd_FBsymC9kWZyj2IVeRvsbPJU6updfySZu2qHNJCjCjhsNbCBENosQDatLYF0t9XHJoy_vQtQLcfFke18HVe4WECj9uGtQiL0rvouOMIEHWMNNTpnvhWcgi8fZYzTNSCzb0/s800/bousai_girl2.png,385,594,2012-05-02,地震のイラスト「怖がる女の子」,地震を怖がっている防災頭巾を被った女の子のイラストです。,https://www.irasutoya.com/2012/05/blog-post_3774.html,地震のイラスト「怖がる女の子」,地震を怖がっている防災頭巾を被った女の子のイラストです。,https://www.irasutoya.com/2012/05/blog-post_3774.html,1,こども|災害
667,irasutoya,https://blogger.googleusercontent.com/img/b/R29vZ2xl/AVvXsEj8Gho7L_2kXCWCV9VjvJxwoHS2bBQz-h2UN_W4xAB0Qzn_1XhENiB_rNo7s2P_FX2K7ubgillGSe6Ig-QsxmAMBTiuDBPQyE0DW9GIFnJEaEDgChZXJdCxLAONDH1eNi8eTJlDCSPdVWs/s800/bousai_boy.png,377,620,2012-05-01,地震のイラスト「防災頭巾の男の子」,地震に備えて、防災頭巾をかぶっている男の子のイラストです。,https://www.irasutoya.com/2012/04/blog-post_25.html,地震のイラスト「防災頭巾の男の子」,地震に備えて、防災頭巾をかぶっている男の子のイラストです。,https://www.irasutoya.com/2012/04/blog-post_25.html,1,こども|災害
666,irasutoya,https://blogger.googleusercontent.com/img/b/R29vZ2xl/AVvXsEjaz7xrPTLZQt9ysuEV9W4kfTEUssA0cGP7eHEuZW1Tan0DE_StJOXDkrLJcyPHQCgRL6kLX3NNRUOfWenr8O5aPM8qhDPtVoRbQn9HDW5vxyN08XVJB5PnXSamyqscmbpfCkw5HbTOxWI/s800/bousai_boy2.png,385,606,2012-05-01,地震のイラスト「怖がる男の子」,地震がきて、怖がっている防災頭巾を被った男の子のイラストです。,https://www.irasutoya.com/2012/05/blog-post.html,地震のイラスト「怖がる男の子」,地震がきて、怖がっている防災頭巾を被った男の子のイラストです。,https://www.irasutoya.com/2012/05/blog-post.html,1,こども|災害
668,irasutoya,https://blogger.googleusercontent.com/img/b/R29vZ2xl/AVvXsEgfUkY7p06_6iu1UHlOybTj-1fEaR6n9nCaagvJJ5jwiCc33w4M7dz5kS7WuVWYICgql0XxnyNSstuT7OOQmz9VwG8-h1XTYYuRg2BNm6cvxExYPvgdlpf9uaVihILFnJF_PfuWtoqxcmy6/s800/eto_remake_tora.png,800,670,2012-04-30,かわいい虎のイラスト（寅年）,しっぽの丸まった可愛いトラのキャラクターです。,https://www.irasutoya.com/2012/04/blog-post_30.html,かわいい虎のイラスト（寅年）,しっぽの丸まった可愛いトラのキャラクターです。,https://www.irasutoya.com/2012/04/blog-post_30.html,1,お年賀状|動物キャラ|干支
669,irasutoya,https://blogger.googleusercontent.com/img/b/R29vZ2xl/AVvXsEhe1bRRwgdm4USj2FX5PTXTFrwE3wO1AdN9Ur3Kq3GFDEDWFuNYpYfBlxdrwCR4_0Bnq2wp83pq_z34XrupZN4xfus5wICApTB8oRegSZNN1T93GeOp9f86ykDAjghhJsQ8nTXXiiPuygwn/s800/eto_remake_hitsuji.png,710,627,2012-04-29,羊のイラスト・未年,ふわふわの、かわいい羊のキャラクターです。,https://www.irasutoya.com/2012/04/blog-post_29.html,羊のイラスト・未年,ふわふわの、かわいい羊のキャラクターです。,https://www.irasutoya.com/2012/04/blog-post_29.html,1,お年賀状|動物キャラ|干支
670,irasutoya,https://blogger.googleusercontent.com/img/b/R29vZ2xl/AVvXsEhpoyV5XTNAkF3-MDBLMt8rCv1pUEs2GC8WoxQz11YsurSUaRkPt0zznlsI-dm01iyyRTQCn3vLox2aNSOoseO3sx74XrorWZWRJLHN68sNC5wq7-KObspfOYUYyi26jeXME8zfiURsmfCU/s800/eto_remake_nezumi.png,667,667,2012-04-28,ネズミのイラスト・子年,かわいいネズミのキャラクターです。,https://www.irasutoya.com/2012/04/blog-post_28.html,ネズミのイラスト・子年,かわいいネズミのキャラクターです。,https://www.irasutoya.com/2012/04/blog-post_28.html,1,お年賀状|動物キャラ|干支
671,irasutoya,https://blogger.googleusercontent.com/img/b/R29vZ2xl/AVvXsEg1CS-oBw0jH1r20CnTnJeQ9mnnlqLWoflL8S5DNKW7ccIgZrFgYI36A3BuLBFJncnp8a2VLya8ixKrWMa8XeE_G4cM4hD0tIUVkh4Ewh1GjAM12RN366YtSjTJevwnxLdur_F9WtB3uWWS/s800/eto_remake_usagi.png,682,800,2012-04-27,ウサギのイラスト（卯年）,黒いリボンをつけた、かわいいピンクのウサギのキャラクターです。,https://www.irasutoya.com/2012/04/blog-post_27.html,ウサギのイラスト（卯年）,黒いリボンをつけた、かわいいピンクのウサギのキャラクターです。,https://www.irasutoya.com/2012/04/blog-post_27.html,1,お年賀状|動物キャラ|干支
672,irasutoya,https://blogger.googleusercontent.com/img/b/R29vZ2xl/AVvXsEg-YaBYU3IipD7JWE8VmX7gZDqZQQzbOkH0YeZrOOrDapZkPas7b2A7ZTrln1XzFfrcq-N0RYsCkMQMEz4vat1A9_6w_0zKKg6BgjEZWyr2e0S7irpMHUKFHDGvyJ1rUyrg5KvbGzE-baq_/s800/eto_remake_saru.png,681,800,2012-04-26,猿のイラスト・申年,かわいい申年の干支の猿が、おどけてジャンプしているイラストです。,https://www.irasutoya.com/2012/04/blog-post_26.html,猿のイラスト・申年,かわいい申年の干支の猿が、おどけてジャンプしているイラストです。,https://www.irasutoya.com/2012/04/blog-post_26.html,1,お年賀状|動物キャラ|干支
674,irasutoya,https://blogger.googleusercontent.com/img/b/R29vZ2xl/AVvXsEgeP-QJbQ4VXe0Q1sGgCFnQwQ7gtMr5DNcz6iSZCdU_2ex7I4FuQXOSGFO7EClBvshgvQZCFPXSxo4sG5SuStdd4ZdJus7UlFBncNB8iR46mZmf3EY4ldaeCWcyU3hfeEpj7ewQvPNPRW1o/s800/flower_sunflower.png,800,544,2012-04-25,ヒマワリのイラスト「向日葵三兄弟」,夏の花といえば、ヒマワリ。黄色い花びらと笑顔を振りまくヒマワリの兄弟のいらすとです,https://www.irasutoya.com/2012/04/blog-post_5157.html,ヒマワリのイラスト「向日葵三兄弟」,夏の花といえば、ヒマワリ。黄色い花びらと笑顔を振りまくヒマワリの兄弟のいらすとです,https://www.irasutoya.com/2012/04/blog-post_5157.html,1,夏|花
673,irasutoya,https://blogger.googleusercontent.com/img/b/R29vZ2xl/AVvXsEiI0PAevMGovHPtgKmvEcJVRuePMCft6OZ9drAyw6flU5lV_QdXlP0ZiPpiGAL0gC4OBzTDfHDuJWIicTlQ0M1XihY7UhMw6k8RVb9564RCrDxnlyAQHD40aUXQuFXQ5s0HWt1vthZLEdVw/s800/eto_uma.png,635,526,2012-04-25,馬のイラスト・午年,嬉しそうにジャンプしている、かわいい馬のイラストです。,https://www.irasutoya.com/2012/04/blog-post_9463.html,馬のイラスト・午年,嬉しそうにジャンプしている、かわいい馬のイラストです。,https://www.irasutoya.com/2012/04/blog-post_9463.html,1,お年賀状|動物キャラ|干支
676,irasutoya,https://blogger.googleusercontent.com/img/b/R29vZ2xl/AVvXsEgMRxnxc0un8VIB5jQwS8GcnJiKsqUXa2grfPhrafDOHNfLeytdl5dR2wXLcLaw96RJ_06B1py6geWMR6uJ8hO7Cq0SYhPSCyXimqK8ZWJNX6LMK9zAg2lrwrfxbMptaXbegQ3t4SrYquRf/s800/eto_remake_inu.png,760,626,2012-04-24,犬のイラスト・戌年,赤い首輪をした、かわいい犬のキャラクターです。,https://www.irasutoya.com/2012/04/blog-post_24.html,犬のイラスト・戌年,赤い首輪をした、かわいい犬のキャラクターです。,https://www.irasutoya.com/2012/04/blog-post_24.html,1,お年賀状|動物キャラ|干支|犬
675,irasutoya,https://blogger.googleusercontent.com/img/b/R29vZ2xl/AVvXsEjyKAveYSDeodIuYE490bzlBq7VbTobeJ89qeMbg9PJiVQ4Gm2DUNjJSWX4R8ywjbzjSK3O7RrHG1D-k_fpBNQ6VeOXgp-hDq6ZY3GU_1EG4CdSa9mHMxG02DNg4GOIa3fA0GQrRVXidHfO/s800/eto_remake_ushi.png,759,615,2012-04-24,牛のイラスト（丑年）,丸い顔をしたかわいい牛のキャラクターです。,https://www.irasutoya.com/2012/04/blog-post_1205.html,牛のイラスト（丑年）,丸い顔をしたかわいい牛のキャラクターです。,https://www.irasutoya.com/2012/04/blog-post_1205.html,1,お年賀状|動物キャラ|干支
678,irasutoya,https://blogger.googleusercontent.com/img/b/R29vZ2xl/AVvXsEhugpMvQYTwORyEPiv79itvDimBE-OuHSjbrU5BtnSRijly6_H0PfGEWNbWgKSenjBq8Y2IGNFUPs1bJ-Lba7dW_R2Avw8YbfuO3Y1QIz8UcMFXoWr-XvzHl2PxnpNbQlXvsn6oc7x4a89x/s800/eto_remake_tori.png,798,798,2012-04-23,ニワトリのイラスト（酉年）,真っ赤なとさかの可愛いにわとりのキャラクターです。,https://www.irasutoya.com/2012/04/blog-post_23.html,ニワトリのイラスト（酉年）,真っ赤なとさかの可愛いにわとりのキャラクターです。,https://www.irasutoya.com/2012/04/blog-post_23.html,1,お年賀状|動物キャラ|干支|鳥
677,irasutoya,https://blogger.googleusercontent.com/img/b/R29vZ2xl/AVvXsEhIhThbYjjiARZ1qEeTComrkH7G8r7rWkQZ55EzCpyeO6SYF484TC2-z0OELTK3uWEsJfXgYrblEYbl2RvwppXVk3FJGqh3oA8Iji0NgaNUostbqrUaCVg1jqJHjqBz02HbYqU027ngR70t/s800/eto_remake_inoshishi.png,774,619,2012-04-23,イノシシのイラスト・亥年,かわいくデフォルメされた猪のキャラクターイラストです。,https://www.irasutoya.com/2012/04/blog-post_8396.html,イノシシのイラスト・亥年,かわいくデフォルメされた猪のキャラクターイラストです。,https://www.irasutoya.com/2012/04/blog-post_8396.html,1,お年賀状|動物キャラ|干支
680,irasutoya,https://blogger.googleusercontent.com/img/b/R29vZ2xl/AVvXsEjofTnTDnb1honosvCsWGQTJlhMIUJvqMJOcFqcmcEmU1NmBXpD9aaI8PjGEYgMmHMDYNnIJDbUk-nrvMSvJlwShSlqedivAMqSNtLg2p0Wgjg_EDq7mUm_sP_rzWiAd1etLJu0IuxKMyE/s800/seijinshiki_woman.png,396,800,2012-04-22,成人式のイラスト「女性成人」,成人を迎えて、嬉しそうに笑っている振袖の女性の新成人のイラストです。,https://www.irasutoya.com/2012/04/blog-post_22.html,成人式のイラスト「女性成人」,成人を迎えて、嬉しそうに笑っている振袖の女性の新成人のイラストです。,https://www.irasutoya.com/2012/04/blog-post_22.html,1,成人式
679,irasutoya,https://blogger.googleusercontent.com/img/b/R29vZ2xl/AVvXsEgL082wkfPfDlZfw82SX2Ruyr5LMgg2i83PDc0ucG0tB8KLIKJd3RQwcdvkUO-qUbsHistv-ewoAUBzyN9TFragzPF-m9t1q1IxBSwZEuKIGVcCWNzIslpeT5BQ86LPKSDXc2S7VomaNqo/s800/seijinshiki_title.png,800,397,2012-04-22,成人式のイラスト「タイトル文字」,「成人式」とデザインされた、緑のリボンのイラスト文字です。,https://www.irasutoya.com/2012/04/blog-post_7267.html,成人式のイラスト「タイトル文字」,「成人式」とデザインされた、緑のリボンのイラスト文字です。,https://www.irasutoya.com/2012/04/blog-post_7267.html,1,成人式|文字
682,irasutoya,https://blogger.googleusercontent.com/img/b/R29vZ2xl/AVvXsEjDHzfNT9UEzjlvQ-iE0VLy6MnFKnBhf3PHst3qiK0w0W8et5Jer7b3iMZsveaC4AfvB9Uejx1paL89YxU41R-c7R3YLAFNglB3Wi6LN9j63Ccu1M4SwDzhmbL031mLWKyPmU36KuF-vi8/s800/seijinshiki_couple.png,800,795,2012-04-21,成人式のイラスト「成人男女」,成人を迎えた、スーツの男性と振袖の女性の新成人のイラストです。,https://www.irasutoya.com/2012/04/blog-post_21.html,成人式のイラスト「成人男女」,成人を迎えた、スーツの男性と振袖の女性の新成人のイラストです。,https://www.irasutoya.com/2012/04/blog-post_21.html,1,成人式
681,irasutoya,https://blogger.googleusercontent.com/img/b/R29vZ2xl/AVvXsEhVsUXsIF27JfsEw5v2bI-I0LPeBk2PFQQwQBjaYcwdna1-l-Iuw7aCNG6YC9toF5Y5y4685EToysngoRXcIUad0CyTx0W6_NTUObFui1Hs1VMnDGL-uGEyTDYSIJVecQorT_NAytBH-CQ/s800/seijinshiki_man.png,383,800,2012-04-21,成人式のイラスト「成人男性」,成人を迎えて、キラキラと輝いている、スーツ姿の男性の新成人のイラストです。,https://www.irasutoya.com/2012/04/blog-post_4943.html,成人式のイラスト「成人男性」,成人を迎えて、キラキラと輝いている、スーツ姿の男性の新成人のイラストです。,https://www.irasutoya.com/2012/04/blog-post_4943.html,1,成人式
684,irasutoya,https://blogger.googleusercontent.com/img/b/R29vZ2xl/AVvXsEhcfJkJYFlppRPDBs0FkBZEI8epoEFS06oJn9Bc2RgImyQwVySsDxDTE1VroUm_k-E6ZMf9cSEIQyBYQ5K6m1p-0DJzCpl1jKicoCanDys1DuRkMVRF6sBlLoIbFl4qymuWEkac69j5M3Q/s800/seijinshiki_beer.png,800,685,2012-04-20,成人式のイラスト「ビールで乾杯！」,成人を迎えて、ビールで乾杯をしているスーツの男性と振袖姿の女性の新成人のイラストです。,https://www.irasutoya.com/2012/04/blog-post_20.html,成人式のイラスト「ビールで乾杯！」,成人を迎えて、ビールで乾杯をしているスーツの男性と振袖姿の女性の新成人のイラストです。,https://www.irasutoya.com/2012/04/blog-post_20.html,1,パーティ|成人式
683,irasutoya,https://blogger.googleusercontent.com/img/b/R29vZ2xl/AVvXsEgm5p5hmhpjNG1HgJsaWmk_x3eeX_jOaEw11NsgWp28AWBfNKfe_F5ue6C1KozrhDQNKpVIFsdiUzsxdFUciDUT7Zfcz4fq84bjMokSHyK97YKjf280fWNnMk0tOuuHGt6xeS4nCK8bc4E/s800/seijinshiki_animal.png,800,725,2012-04-20,成人式のイラスト「ウサギとクマ」,成人を迎えた、振袖姿のウサギとクマのイラストです。,https://www.irasutoya.com/2012/04/blog-post_7998.html,成人式のイラスト「ウサギとクマ」,成人を迎えた、振袖姿のウサギとクマのイラストです。,https://www.irasutoya.com/2012/04/blog-post_7998.html,1,キャラクター|成人式
689,irasutoya,https://blogger.googleusercontent.com/img/b/R29vZ2xl/AVvXsEi73VOz2siuYRcniTJFBbv5pfCroTiRNM9Gw25KH2rsYUY1GkfIOqMkCOutbk3_526nc_vYVm7qsmLGqacEe4r5cmOFiweCph3_dduWSOu4nGo9WDAUPCysesgVy_CzbSSV8sO8N6HM6zE/s800/seijinshiki_20th.png,800,391,2012-04-19,成人式のイラスト「20周年記念！」,「20th ANNIVERSARY（20周年記念）」とデザインされた、赤いリボンのイラスト文字です。,https://www.irasutoya.com/2012/04/20.html,成人式のイラスト「20周年記念！」,「20th ANNIVERSARY（20周年記念）」とデザインされた、赤いリボンのイラスト文字です。,https://www.irasutoya.com/2012/04/20.html,1,思い出|成人式|文字
688,irasutoya,https://blogger.googleusercontent.com/img/b/R29vZ2xl/AVvXsEjOOO2pG15460rRgKdgrSgUF-eXXsf5h-5_4kRRS4heChk8jd_QE6tb_rEuifyx_44BhNi6S0IZfIXdaA56do6P9kiGDG5cCRj3SvtEzdR67osOvr3Xa4cJf7UMC4n_9V70St-WjqN4YP0d/s600/wedding_hanayome.png,280,600,2012-04-19,結婚式のイラスト「ウェディングドレスの花嫁」,ウェディングドレスを着た花嫁さんのイラストです。ピンクのブーケも持っています。,https://www.irasutoya.com/2012/04/blog-post_5337.html,結婚式のイラスト「ウェディングドレスの花嫁」,ウェディングドレスを着た花嫁さんのイラストです。ピンクのブーケも持っています。,https://www.irasutoya.com/2012/04/blog-post_5337.html,1,ウェディング
687,irasutoya,https://blogger.googleusercontent.com/img/b/R29vZ2xl/AVvXsEgWbyhwOjaMJ-hiGi_f-UQGPRfwU0Maa_RAwUC8pu_ySCy9TJk-AqOiyMQXxesrltzSIrpBmn0xaJbLgPLjeb9-Eu0qSwb4aAGxSsu6T6pC1K-c6b67H61Y_3_9t1GxDRNzwe7Ms9IDjMtY/s600/wedding_cake.png,438,600,2012-04-19,結婚式のイラスト「ウェディングケーキ」,「Happy Wedding」と書かれたウェディングケーキのイラストです。一番上には新郎新婦の人形が乗っています。,https://www.irasutoya.com/2012/04/blog-post_1435.html,結婚式のイラスト「ウェディングケーキ」,「Happy Wedding」と書かれたウェディングケーキのイラストです。一番上には新郎新婦の人形が乗っています。,https://www.irasutoya.com/2012/04/blog-post_1435.html,1,ウェディング
686,irasutoya,https://blogger.googleusercontent.com/img/b/R29vZ2xl/AVvXsEh0cOySqd_XzScKhY-WggD-2O-a_oY5y5kLht2022TbFjHZu47uUm3qSDbV2U_gCe2yj0jNGVRBrtaOJGrOHZhaCORGfAFECHrxjsWG77mKsq18W3n9YawzwYO1LLA4frC7haqbiFBht8rI/s600/wedding_couple.png,495,600,2012-04-19,結婚式のイラスト「新郎新婦・ウェディングドレス・タキシード」,ウェディングドレスを着た花嫁さんと、タキシードを着た新郎のイラストです。腕を組んで立っています。,https://www.irasutoya.com/2012/04/blog-post_9711.html,結婚式のイラスト「新郎新婦・ウェディングドレス・タキシード」,ウェディングドレスを着た花嫁さんと、タキシードを着た新郎のイラストです。腕を組んで立っています。,https://www.irasutoya.com/2012/04/blog-post_9711.html,1,ウェディング
685,irasutoya,https://blogger.googleusercontent.com/img/b/R29vZ2xl/AVvXsEhm-X2mx3jBtIXevxvwogszqGNOCbuw6arTwPaWvjmn1S6ZjyQlSBUHNbNsaR7D4ocPkazzS6PwJhkljQOAPE4AZ1hCnmUf1hMNBB8eur_irT2kPogbrMiaoSyGkvmwPpFakiZF6DLk2NA/s800/seijinshiki_syuku.png,800,403,2012-04-19,成人式のイラスト「祝成人」,「祝成人」とデザインされた、黄色いリボンのイラスト文字です。,https://www.irasutoya.com/2012/04/blog-post_19.html,成人式のイラスト「祝成人」,「祝成人」とデザインされた、黄色いリボンのイラスト文字です。,https://www.irasutoya.com/2012/04/blog-post_19.html,1,成人式|文字
700,irasutoya,https://blogger.googleusercontent.com/img/b/R29vZ2xl/AVvXsEhBMftx6xrmxz7-BkIkp7uZwjPvaNgvHf7u9rsw7alFK8cu80FVSaaUn60SuxUh0Rmh_eHaGzNDktoAhGhIxr2dQidhXnmg5H-6jtXxHumhHjYbG4Op1BmevCsG-meqK8TUClyfmRqki9A/s800/hatsumoude_woman.png,525,708,2012-04-18,初詣のイラスト「女性のお参り」,初詣に来て、賽銭箱の前でお参りをしている女性のイラストです。,https://www.irasutoya.com/2012/04/blog-post_18.html,初詣のイラスト「女性のお参り」,初詣に来て、賽銭箱の前でお参りをしている女性のイラストです。,https://www.irasutoya.com/2012/04/blog-post_18.html,1,お正月|初詣
699,irasutoya,https://blogger.googleusercontent.com/img/b/R29vZ2xl/AVvXsEhnFfSJ2SSX9Plljpgzg-azAwZULTffkzm75Rh9-wMA4mYXMTTS13oKTCOUyF_1CINRPYeXKcXPBUh03Qaz4LwSqLsBvJz_VUP2-MNQgR4KO5MtsdxPk0hp7FAAvEtAjH7glHMH3R_d1OpT/s600/weddingbell.png,600,504,2012-04-18,結婚式のイラスト「ウェディングベル」,結婚式で鳴らすウェディングベルのイラストです。周りにピンクのハートが沢山あります。,https://www.irasutoya.com/2012/04/blog-post_203.html,結婚式のイラスト「ウェディングベル」,結婚式で鳴らすウェディングベルのイラストです。周りにピンクのハートが沢山あります。,https://www.irasutoya.com/2012/04/blog-post_203.html,1,ウェディング
698,irasutoya,https://blogger.googleusercontent.com/img/b/R29vZ2xl/AVvXsEiUpIsm8ZgPJlEkUY_tjW50uH81OPTDHamSyTL7QSQfSG5y1tpaeritIC0AzjnGwL7ISxamDVgxdbuxrH7A73F5YjiBu7fiU-1uY8XSmx8xn55OcB1gd_ngmxcgXtCu6KtaVT2Y3oYsKLPv/s600/wedding_bouquet.png,484,600,2012-04-18,結婚式のイラスト「白いバラの花束・ブーケ」,結婚式の最後に花嫁が投げる、バラのブーケのイラストです。受け取った人はきっと幸せになれるはず！,https://www.irasutoya.com/2012/04/blog-post_8920.html,結婚式のイラスト「白いバラの花束・ブーケ」,結婚式の最後に花嫁が投げる、バラのブーケのイラストです。受け取った人はきっと幸せになれるはず！,https://www.irasutoya.com/2012/04/blog-post_8920.html,1,ウェディング|花
697,irasutoya,https://blogger.googleusercontent.com/img/b/R29vZ2xl/AVvXsEi8rK15LlQD40Ha0bIOwTtgHPooEukQI-A3_ehftfBjh2pnylmkXpq69MbGkmwUfkQgf0c0JI7_Ui1OkP5uu5eXJzyiBoaM9BIq6fkx8Fl2X6cuUs0OscRT4gYwQpXRK30Jh-aR0ZVvKW_s/s600/wedding_chapel.png,600,594,2012-04-18,結婚式のイラスト「教会・チャペル」,結婚式を上げるための、白くてかわいいチャペルのイラストです。周りにはハートが飛んでいます。,https://www.irasutoya.com/2012/04/blog-post_5630.html,結婚式のイラスト「教会・チャペル」,結婚式を上げるための、白くてかわいいチャペルのイラストです。周りにはハートが飛んでいます。,https://www.irasutoya.com/2012/04/blog-post_5630.html,1,ウェディング|建物
696,irasutoya,https://blogger.googleusercontent.com/img/b/R29vZ2xl/AVvXsEj27a3yY1Wp62bB9Yp8sKYKJkm5XeJhQUXBNVA4qLwMwVGg6wV8dxFcpd04yKx9qm1YZY9H5eNwrt_VLMYZwy6_WRDFKUp-wsyH1NUIBeTUwlhITCWMcCLMkL_Gq3yYNi69puv8b2oIxQOd/s600/wedding_hanamuko.png,280,600,2012-04-18,結婚式のイラスト「タキシード姿のお婿さん」,黒いタキシードを着た新郎のイラストです。,https://www.irasutoya.com/2012/04/blog-post_1182.html,結婚式のイラスト「タキシード姿のお婿さん」,黒いタキシードを着た新郎のイラストです。,https://www.irasutoya.com/2012/04/blog-post_1182.html,1,ウェディング
695,irasutoya,https://blogger.googleusercontent.com/img/b/R29vZ2xl/AVvXsEjfWBFRYK8AGZvZc8xEk_jy0AcS4E_FlHXpKWMHT0q99YrYcBOS3-rtY9kVIELFtvqwf2Y1q0wUxXDHLdqk9-IKnRqdDotAi1pT49EwZyrNGFzhyrSi4tNyZMW-tpRuB72tuwu_-W3aFcbh/s600/wedding_heart.png,600,439,2012-04-18,結婚式のイラスト「ハートの飾り・オーナメント」,ハート型の模様の飾りのイラストです。結婚式にぴったり。,https://www.irasutoya.com/2012/04/blog-post_6990.html,結婚式のイラスト「ハートの飾り・オーナメント」,ハート型の模様の飾りのイラストです。結婚式にぴったり。,https://www.irasutoya.com/2012/04/blog-post_6990.html,1,ウェディング|花
694,irasutoya,https://blogger.googleusercontent.com/img/b/R29vZ2xl/AVvXsEhpt_yTC7pNX7aHpdAeVFswB0ZU9HjtyNZ3V4oUIc2LaZC8-AcdnxmYbp6wz3Yf9G21SZZ8SUIA_aZme2zb2w61RFFVnbaul9Yt9ke05EBQ9nezTlL6_0pNPAFZpP-rvXPH8IiXnDGgi7VU/s800/shinzenshiki_couple2.png,749,800,2012-04-18,結婚式のイラスト「新郎新婦・神前式」,神前式で、袴と白無垢を着た新郎新婦のイラストです。,https://www.irasutoya.com/2012/04/blog-post_2338.html,結婚式のイラスト「新郎新婦・神前式」,神前式で、袴と白無垢を着た新郎新婦のイラストです。,https://www.irasutoya.com/2012/04/blog-post_2338.html,1,ウェディング
693,irasutoya,https://blogger.googleusercontent.com/img/b/R29vZ2xl/AVvXsEiWbJxR6eqSxyW-NkJnHVnl57lg7wZKonhsc5-z9Bb1f5qzCYApedcgdv8SWRqru0y4p0qpGguymyYrUFW6o3UTCbPzxrRa5ttf_nLdE7bJtKSkQOJssjdZf3pxP8rylr25e_AufySvGVQY/s800/shinzenshiki_hanamuko2.png,374,800,2012-04-18,結婚式のイラスト「袴姿の新郎」,神前式で袴を着た新郎のイラストです。,https://www.irasutoya.com/2012/04/blog-post_3910.html,結婚式のイラスト「袴姿の新郎」,神前式で袴を着た新郎のイラストです。,https://www.irasutoya.com/2012/04/blog-post_3910.html,1,ウェディング
692,irasutoya,https://blogger.googleusercontent.com/img/b/R29vZ2xl/AVvXsEiCz6VgAhJ7lrFRmESFtJrOFBU8iMaocHnlyL0QRvMz2rrYShXzzSC_T9jpqHhRFvCJ4suBQCXusEKOKCfUOMQ5xa5bGQ-C3QYL4IPg5f1qNd578mHX8Rz0OcZzUpnotRL1Dkiq4pShX7Mp/s800/shinzenshiki_hanayome2.png,374,800,2012-04-18,結婚式のイラスト「白無垢姿の新婦」,神前式で白無垢（わたぼうし）を着た新婦のイラストです。,https://www.irasutoya.com/2012/04/blog-post_8798.html,結婚式のイラスト「白無垢姿の新婦」,神前式で白無垢（わたぼうし）を着た新婦のイラストです。,https://www.irasutoya.com/2012/04/blog-post_8798.html,1,ウェディング
691,irasutoya,https://blogger.googleusercontent.com/img/b/R29vZ2xl/AVvXsEhpNsbvBSDu_KlDoGdE5epCuXUPcUmhE2wg__4_dycodxTpH8-17BsKO77MgU9kt0q4Lh7YWxS_5BanAofOaQ2J5kHnFMr1GvTZEPxyRd00cEf5qd7JGvsgn-cxP895X9jfPIWxiHulA4zd/s600/happy_wedding.png,600,339,2012-04-18,結婚式のイラスト「Happy Wedding・タイトル文字」,「Happy Wedding」と書かれた、ハートとキラキラのイラスト文字です。,https://www.irasutoya.com/2012/04/happy-wedding.html,結婚式のイラスト「Happy Wedding・タイトル文字」,「Happy Wedding」と書かれた、ハートとキラキラのイラスト文字です。,https://www.irasutoya.com/2012/04/happy-wedding.html,1,ウェディング|メッセージ
690,irasutoya,https://blogger.googleusercontent.com/img/b/R29vZ2xl/AVvXsEhFlMMTnLtGkv49k6UFjgEQg3UDe0Yv5yRRsDdlgRkg852GxLwVS0noQisBCeZSxMO1BHozhhB3dleoejTKQK0sQpjS-C2T2uGIk_4r119WTE6_aeZXNUUCQIg8V0oG3qUnFfqDiX3hiJY/s800/hatsumoude_torii.png,710,786,2012-04-18,初詣のイラスト「鳥居の前のカップル」,初詣に来て、鳥居の前で笑っている、男性と女性のイラストです。,https://www.irasutoya.com/2012/04/blog-post_804.html,初詣のイラスト「鳥居の前のカップル」,初詣に来て、鳥居の前で笑っている、男性と女性のイラストです。,https://www.irasutoya.com/2012/04/blog-post_804.html,1,お正月|初詣
702,irasutoya,https://blogger.googleusercontent.com/img/b/R29vZ2xl/AVvXsEjoh7vzWHceAExSMC2fh5ku8R1OdB0RgPJkvZjlWWqn1TFZDn7Tlj63d-CbYWEOueJLy0u1CM5ydnWtvlJ0GA9qJqyzxtjF1DX1KjtxGRrtqfrvYMFBgEWdzqIAaL6g6wEbBzVHKvc-9i0/s800/torii.png,610,544,2012-04-17,鳥居のイラスト,真っ赤な鳥居のイラストです。,https://www.irasutoya.com/2012/04/blog-post_17.html,鳥居のイラスト,真っ赤な鳥居のイラストです。,https://www.irasutoya.com/2012/04/blog-post_17.html,1,お正月|初詣
701,irasutoya,https://blogger.googleusercontent.com/img/b/R29vZ2xl/AVvXsEjQYZk1De142by1FwDfSPMJ8mG55ir6iSRQ6ugVGWUw0dDxLDnVE8LJwqN4nrSBX62oWNdRr6foC-Odu6RFqjiW0DNNtAJfki7G8J2KXLmmfP0Ti7SZ0-7FMc5T13lUwdV60Er8HljGne0/s800/hatsumoude_title.png,800,623,2012-04-17,初詣のイラスト「タイトル文字・絵馬」,「初詣」と絵馬デザインした、タイトル文字です。,https://www.irasutoya.com/2012/04/blog-post_915.html,初詣のイラスト「タイトル文字・絵馬」,「初詣」と絵馬デザインした、タイトル文字です。,https://www.irasutoya.com/2012/04/blog-post_915.html,1,お年賀状|お正月|初詣
704,irasutoya,https://blogger.googleusercontent.com/img/b/R29vZ2xl/AVvXsEid5T11ItFfOaiNI9c8xI2rMP-JswnBgdPnBMiVBmCuczoabAW-UJeZOzTM7877dNOq3cHF2eb4uzKhZgn8IAIX2vUo0NEkFIdB28u5b3GBFU1xffvjWu-FfIox6dnaGREXGjLxUPdMlPQ/s800/hatsumoude_usagi.png,628,726,2012-04-16,破魔矢のイラスト「ウサギと破魔矢」,破魔矢を持ってうれしそうに走っているウサギのイラストです。,https://www.irasutoya.com/2012/04/blog-post_16.html,破魔矢のイラスト「ウサギと破魔矢」,破魔矢を持ってうれしそうに走っているウサギのイラストです。,https://www.irasutoya.com/2012/04/blog-post_16.html,1,お年賀状|お正月|キャラクター|初詣
703,irasutoya,https://blogger.googleusercontent.com/img/b/R29vZ2xl/AVvXsEiOxrOk9u-rtVFdcD2MDHcv1vhJyPPY4YL_zg9ogX2BbO6xODv0hIc5NITLQhGYqH28OIyl2gETP-p5Y3BghrNAArsJbayIXQEbOtZPo3qz9i4mc0rYQ1Rx5QWXtAVfm4LNgvqrgpkST4c/s800/hatsumoude_man.png,538,720,2012-04-16,初詣のイラスト「男性のお参り」,初詣にきて、賽銭箱の前でお参りをしている男性のイラストです。,https://www.irasutoya.com/2012/04/blog-post_6830.html,初詣のイラスト「男性のお参り」,初詣にきて、賽銭箱の前でお参りをしている男性のイラストです。,https://www.irasutoya.com/2012/04/blog-post_6830.html,1,お正月|初詣
705,irasutoya,https://blogger.googleusercontent.com/img/b/R29vZ2xl/AVvXsEiumqB6Jt1wpjoBucPES4wnsNnZ4UdJaoCyW2KuKOb8NSm2nIJ33mbiWiOqUPsmdj7XJczipDRNXu6m11NMNpqE7nv44rtPlHNtN7-kuI2nwoSSMf8MmIc_x9tbz3QRYIq8x8u441YlUVY/s800/hatsumoude_hamaya.png,510,483,2012-04-15,破魔矢のイラスト,お正月の定番、破魔矢のイラストです。,https://www.irasutoya.com/2012/04/blog-post_15.html,破魔矢のイラスト,お正月の定番、破魔矢のイラストです。,https://www.irasutoya.com/2012/04/blog-post_15.html,1,お年賀状|お正月|初詣
707,irasutoya,https://blogger.googleusercontent.com/img/b/R29vZ2xl/AVvXsEgTjKUB_p4F82lmTDGXLEhtiRgzCVJqTNPjTLkazrGohI0QLu0BoC31NierQQMd-cpywZa4HLQPsD81j98pm33TktlfUBdZEbvScWZ6ZlnTUxAl-PBRGpItOqYpzWuu9YiwcWexsxi8OHg/s800/hatsumoude_couple.png,780,728,2012-04-14,初詣のイラスト「カップルで初詣」,初詣にやってきて、、賽銭箱の前でお参りをしているカップルのイラストです。,https://www.irasutoya.com/2012/04/blog-post_14.html,初詣のイラスト「カップルで初詣」,初詣にやってきて、、賽銭箱の前でお参りをしているカップルのイラストです。,https://www.irasutoya.com/2012/04/blog-post_14.html,1,お正月|初詣
706,irasutoya,https://blogger.googleusercontent.com/img/b/R29vZ2xl/AVvXsEjBSzxD5rOd0H9LXwRnhFXw88nXT4r_dp9IBcy9aBsbPwMhXqRTEpzGl684j9Ks9qyjs61zot19LydB965DB6J8UOIC5PD7n5C-5KrsrZ3QpV9TU0vqDiDryTPIETT_RJc21go5leQ-Uy4/s800/hatsumoude_ai250_wpng_38.png,780,668,2012-04-14,絵馬のイラスト「鶴と亀」,お正月の定番、鶴と亀の描かれた絵馬のイラストです。,https://www.irasutoya.com/2012/04/blog-post_6791.html,絵馬のイラスト「鶴と亀」,お正月の定番、鶴と亀の描かれた絵馬のイラストです。,https://www.irasutoya.com/2012/04/blog-post_6791.html,1,お年賀状|お正月
709,irasutoya,https://blogger.googleusercontent.com/img/b/R29vZ2xl/AVvXsEj3K5_Gz5YhCRYhf_21rp_O7NIMTbgYD2_rGQ1irqgPrqeO96VULZttz7Jh34-9upBDw9HTfLapucxIIbWFcP7CnGPtujLh1so1av-M9N3Spj1JYXB09ycg46OhyphenhyphennkU37k8-rq0_cioWhbU/s1600/gashi_kotoshimo.png,900,359,2012-04-13,今年もよろしくお願いします「イラスト文字」,「今年もよろしくお願いします」とデザインされた、イラスト文字です。,https://www.irasutoya.com/2012/04/blog-post_13.html,今年もよろしくお願いします「イラスト文字」,「今年もよろしくお願いします」とデザインされた、イラスト文字です。,https://www.irasutoya.com/2012/04/blog-post_13.html,1,お年賀状|メッセージ
708,irasutoya,https://blogger.googleusercontent.com/img/b/R29vZ2xl/AVvXsEjdTU_EqcVHOcSo4uPd56sCdWOO1OyVcIxy_bihha2zf4T-EFE2CaxvWRECwCjsfH3ZBAfclWna2_1VuxBWesjuLqpuJm8M0LOMTVnrFEwClBVoTbKJIef2oK_6ED0QefVx7CH26s4hZ0s/s800/hatsumoude_kuma.png,610,761,2012-04-13,破魔矢のイラスト「クマと破魔矢」,破魔矢を持って嬉しそうに走っている、クマのイラストです。,https://www.irasutoya.com/2012/04/blog-post_3247.html,破魔矢のイラスト「クマと破魔矢」,破魔矢を持って嬉しそうに走っている、クマのイラストです。,https://www.irasutoya.com/2012/04/blog-post_3247.html,1,お年賀状|お正月|キャラクター|初詣
711,irasutoya,https://blogger.googleusercontent.com/img/b/R29vZ2xl/AVvXsEiGomZN2lIEdFzQao3NG1kxeHt8BmNAscOKAr3hzkq3DYl1SE-45iuSyOc83_vI-HZJAXq88GoTMJYDEbqLE4yceSXS2cUkXsj-ZAFMQB6JxDZ5Ze-WfiMXImQLpEAft7nv-JhCpJOQKGLw/s1600/gashi_kotobuki.png,258,290,2012-04-12,寿「イラスト文字」,「寿」とデザインされた、イラスト文字です。,https://www.irasutoya.com/2012/04/blog-post_12.html,寿「イラスト文字」,「寿」とデザインされた、イラスト文字です。,https://www.irasutoya.com/2012/04/blog-post_12.html,1,お年賀状|ウェディング|文字
710,irasutoya,https://blogger.googleusercontent.com/img/b/R29vZ2xl/AVvXsEit1XFktyhBeBEqTM-JROnpMSCgrvIwtJZnHywNpA_W9-C88bY7y6J06CMNawM0GL8xDYKmChj91rqg_PbgHc2rQUavOvccOaeMkVLCDXYIi6wrFp5zG856pEdPEFnFJ0DY_K6B2F3YX6O5/s1600/gashi_kingasinnen.png,1159,302,2012-04-12,謹賀新年「イラスト文字」,「謹賀新年」とデザインされた、イラスト文字です。,https://www.irasutoya.com/2012/04/blog-post_1780.html,謹賀新年「イラスト文字」,「謹賀新年」とデザインされた、イラスト文字です。,https://www.irasutoya.com/2012/04/blog-post_1780.html,1,お年賀状|メッセージ
712,irasutoya,https://blogger.googleusercontent.com/img/b/R29vZ2xl/AVvXsEhXhO0HLJXJm6t3AcDqeBB9ObKuHAtvTfG3RgYYRqIXwMy0vDcvAL10XqswGShrjnJrjnVriwdbzvl21VehOUGsZgq-srJbgHPlB4wQLPTyooKA2CsJJgE4XFAhy0TvO4ZgRVbzAgEytHJ8/s1600/gashi_kingasinsyun.png,1193,314,2012-04-11,謹賀新春「イラスト文字」,「謹賀新春」とデザインされた、イラスト文字です。,https://www.irasutoya.com/2012/04/blog-post_2996.html,謹賀新春「イラスト文字」,「謹賀新春」とデザインされた、イラスト文字です。,https://www.irasutoya.com/2012/04/blog-post_2996.html,1,お年賀状|メッセージ
613,irasutoya,https://blogger.googleusercontent.com/img/b/R29vZ2xl/AVvXsEibHVZf0yaGnWevZFtpinbAodPs2ken6OUxZBzhHkmUz07DnU7XVARPXIqD_HnxiMAWPlVq5ZaLSTFaE9jPW9wvOZv4-Xut9krFarox6CuSCBnVHm0hH2DTEIT4H2uLGqh1OuHM3gkeQy6g/s1600/gashi_ki.png,314,288,2012-04-11,禧「イラスト文字」,「禧」とデザインされた、イラスト文字です。禧は、うれしいという意味です。,https://www.irasutoya.com/2012/04/blog-post_11.html,禧「イラスト文字」,「禧」とデザインされた、イラスト文字です。禧は、うれしいという意味です。,https://www.irasutoya.com/2012/04/blog-post_11.html,1,お年賀状|文字
615,irasutoya,https://blogger.googleusercontent.com/img/b/R29vZ2xl/AVvXsEjYZyLIoaOgjQiOZHwJ1ZOToABVKmA4POLeUqh88X3pNsF80359loNlO1tJTD7jmmEz8N_WIpAej_OY1LZlTv0tEXo8P8bG2ARW5Ak0vJ2UXakY9aR-KcaHPn39fPfMgnIYBp9TJeVT2MDy/s1600/gashi_happy_new_year.png,900,356,2012-04-10,Happy New Year!! 「イラスト文字」,「Happy New Year!!」とデザインされた、イラスト文字です。,https://www.irasutoya.com/2012/04/happy-new-year.html,Happy New Year!! 「イラスト文字」,「Happy New Year!!」とデザインされた、イラスト文字です。,https://www.irasutoya.com/2012/04/happy-new-year.html,1,お年賀状|メッセージ
614,irasutoya,https://blogger.googleusercontent.com/img/b/R29vZ2xl/AVvXsEhZZg777iRhssfHxvzuSC7zdVYalPzqA_6a1JqKPmGA_3uKYhCZUHteGQsvnTkKazFCVjpMMwR9ufaPFy2y9VPirEwon2sfgMu1rjqH9xRYf__Amps3F9tm8I-2cGatXaNJYWaQo6VCyZ5l/s1600/gashi_haru.png,262,322,2012-04-10,春「イラスト文字」,「春」とデザインされた、イラスト文字です。,https://www.irasutoya.com/2012/04/blog-post_10.html,春「イラスト文字」,「春」とデザインされた、イラスト文字です。,https://www.irasutoya.com/2012/04/blog-post_10.html,1,お年賀状|文字
622,irasutoya,https://blogger.googleusercontent.com/img/b/R29vZ2xl/AVvXsEhjsAI_PNa9o1T7mT5Lnl89cpbwNjAM8Ubj5aZXBxQUQ1ZbVPKBuuaO3Q68ESSmPOXuHUZXxIEVg3fvR4IHEnInR63pa2HPm9Jq2LPNoJ3d6M64sA7pT_obvb65XOV8ik06U828uw5y_UNY/s1600/gashi_gasyun.png,467,274,2012-04-09,賀春「イラスト文字」,「賀春」とデザインされた、イラスト文字です。,https://www.irasutoya.com/2012/04/blog-post_8601.html,賀春「イラスト文字」,「賀春」とデザインされた、イラスト文字です。,https://www.irasutoya.com/2012/04/blog-post_8601.html,1,お年賀状|文字
621,irasutoya,https://blogger.googleusercontent.com/img/b/R29vZ2xl/AVvXsEiqH2DlMil3i_kgpHfilGh1zEL2VtN25z8x911NtNC2sm5pHglv6-SuG8R8Tuxvof3sZmieuKUEEChDPEZAbFWxKuvNfnQ4QRimh28FbcTWUIW3c1ILVXgG3BdDH3fyGzL9qzboz9J8lG_c/s600/birthday_cake.png,582,600,2012-04-09,誕生日のイラスト「バースデーケーキ」,「Happy Birthday」と書かれた誕生日ケーキのイラストです。いくつになってもお祝いされるのは嬉しいものですね。,https://www.irasutoya.com/2012/04/blog-post_09.html,誕生日のイラスト「バースデーケーキ」,「Happy Birthday」と書かれた誕生日ケーキのイラストです。いくつになってもお祝いされるのは嬉しいものですね。,https://www.irasutoya.com/2012/04/blog-post_09.html,1,お誕生日|スイーツ|パーティ
620,irasutoya,https://blogger.googleusercontent.com/img/b/R29vZ2xl/AVvXsEjf87U9GFOlaseryDc2t5Ak7UTrN3URlGus-tr4ppiCe136z1zLk-IEAmE6NorlL5y-9C71xM4dkDZ6IHQUocCyUKJqRy3T27D2n5JohOrPfMX4wM131Ir_j22jbEx9aWKLFwtQTawhP-T-/s800/boy_hanataba.png,519,732,2012-04-09,プレゼントのイラスト「男性と花束」,花束を後ろに抱えて、プレゼントしようとしている男性のイラストです。,https://www.irasutoya.com/2012/04/blog-post_8918.html,プレゼントのイラスト「男性と花束」,花束を後ろに抱えて、プレゼントしようとしている男性のイラストです。,https://www.irasutoya.com/2012/04/blog-post_8918.html,1,お誕生日|パーティ|恋愛|花
619,irasutoya,https://blogger.googleusercontent.com/img/b/R29vZ2xl/AVvXsEgZnfBrmnk97hBFlpAWYR_43hyphenhyphentEO2ka2HOzeDzQC4W_bmX-svpVzDpwXsb9_cvXCEGKdt7LoHdhHHH5c_lscBfCroDe99IdZcPfhe561QKVJa-eR6KWcPXCxgBW15kO_phcsPmMtsUxaW-/s800/girl_hanataba.png,519,732,2012-04-09,誕生日のイラスト「女性と花束」,花束を後ろに隠してプレゼントしようと待っている、女性のイラストです。,https://www.irasutoya.com/2012/04/blog-post_8955.html,誕生日のイラスト「女性と花束」,花束を後ろに隠してプレゼントしようと待っている、女性のイラストです。,https://www.irasutoya.com/2012/04/blog-post_8955.html,1,お誕生日|パーティ|恋愛|花
618,irasutoya,https://blogger.googleusercontent.com/img/b/R29vZ2xl/AVvXsEgtwmIEjgaoGkZoNNA5L2JuOx1dC_hNNdD7cwD7CqfdswEzjeoO564Ng9b6oNNfixrKveWFV0j_xOeO7gBMr3XAx1Un48h5aqJ64hR3r_xp-plshgjW8fAVAE3iVeqqe38v-fHmw4d-wYM/s800/birthdayparty_boy2.png,800,604,2012-04-09,誕生日のイラスト「バースデーパーティー・男の子」,誕生日パーティーを嬉しそうに開いている、3人の子供達のイラストです。,https://www.irasutoya.com/2012/04/blog-post_5185.html,誕生日のイラスト「バースデーパーティー・男の子」,誕生日パーティーを嬉しそうに開いている、3人の子供達のイラストです。,https://www.irasutoya.com/2012/04/blog-post_5185.html,1,お誕生日|こども|パーティ
617,irasutoya,https://blogger.googleusercontent.com/img/b/R29vZ2xl/AVvXsEjLVRX03NnoVZGPVFYm1x-DHQgvW0NMbsPR4WMEIw16fVijyP9sgZxEAyeYZB5bKF-KXCwCwF4SFZTKVrVIUE3uYZd-YsaMB0MMgU-1MwBl2UOfTKe3YsT9PdvSxpDeFf2bxXnZYEc94L3I/s800/birthday_present.png,556,528,2012-04-09,誕生日のイラスト「誕生日プレゼント」,「Happy Birthday」と書かれた、誕生日プレゼントの箱のイラストです。,https://www.irasutoya.com/2012/04/blog-post_5473.html,誕生日のイラスト「誕生日プレゼント」,「Happy Birthday」と書かれた、誕生日プレゼントの箱のイラストです。,https://www.irasutoya.com/2012/04/blog-post_5473.html,1,お誕生日|パーティ
616,irasutoya,https://blogger.googleusercontent.com/img/b/R29vZ2xl/AVvXsEjMYImNHRCnf3pApXayjIkRfmLv75snjcxKCXd21hYWp7Jzv5IqS92wxeNK5yrtlgAM0j21gSAIm51svUhfpStdK4M2f_xVdUMI94Jk7EGEC6Wne3ICszKH8b8ILGBLVWKvT3dkcOAt_pzX/s1600/gashi_geisyun.png,540,298,2012-04-09,迎春「イラスト文字」,「迎春」とデザインされた、イラスト文字です。,https://www.irasutoya.com/2012/04/blog-post_2637.html,迎春「イラスト文字」,「迎春」とデザインされた、イラスト文字です。,https://www.irasutoya.com/2012/04/blog-post_2637.html,1,お年賀状|文字
625,irasutoya,https://blogger.googleusercontent.com/img/b/R29vZ2xl/AVvXsEiaScTvXKUh6PmxTNnTB4rUcUqxI3ZIuC40BqARRIxNZtRe6-t_pZOIAqKTCNaUHRT7fXwi9YcmGNvGzconhldsJy3H0mZEqoICHNnEcryJDphCSLozZdTriGCfvr-ASTEFXd8dBfikbVv8/s1600/gashi_fuku.png,304,282,2012-04-08,福「イラスト文字」,「福」とデザインされた、イラスト文字です。,https://www.irasutoya.com/2012/04/blog-post_08.html,福「イラスト文字」,「福」とデザインされた、イラスト文字です。,https://www.irasutoya.com/2012/04/blog-post_08.html,1,お年賀状|文字
624,irasutoya,https://blogger.googleusercontent.com/img/b/R29vZ2xl/AVvXsEgksMhSxN_LXR3P9U2ZxbkHFoTjCIMhx0DQHAP6dzRUsX3k5QAhVdiW9kgHD_4AF39uNsDxF6WsFL2iFqVBi0Qa5UAo5RFPQ-kcNfTj-V5yC90ZE2OWbqLp8rTe0OG6SJTf5JrdyVA4hPnI/s1600/gashi_ga.png,265,286,2012-04-08,賀「イラスト文字」,「賀」とデザインされた、イラスト文字です。,https://www.irasutoya.com/2012/04/blog-post_6117.html,賀「イラスト文字」,「賀」とデザインされた、イラスト文字です。,https://www.irasutoya.com/2012/04/blog-post_6117.html,1,お年賀状|文字
623,irasutoya,https://blogger.googleusercontent.com/img/b/R29vZ2xl/AVvXsEiOqFtbyVhyjLPObTVGcPiHB4cPW58A8dO6OGu-uh_8mGA25gLBdV_oTfvG4OPRPXhR8pytnL_ojeoK3pYl6uJlmy9Uze_ZjEVyBXICk9DGZaQK7DgueX6WzqA_sprrlH1RRZGJUCXL0Pof/s1600/gashi_gasyou.png,482,260,2012-04-08,賀正「イラスト文字」,「賀正」とデザインされた、イラスト文字です。,https://www.irasutoya.com/2012/04/blog-post_3285.html,賀正「イラスト文字」,「賀正」とデザインされた、イラスト文字です。,https://www.irasutoya.com/2012/04/blog-post_3285.html,1,お年賀状|文字
628,irasutoya,https://blogger.googleusercontent.com/img/b/R29vZ2xl/AVvXsEglx-IJtiH6CUGvdXF6GAfm_Sh8mbWExuxTjGKhWZbbVk8oiJNWfkXNqSg8v8rreg7cdRN5v8RyMpVPPl_y4GAlCDx0YHia7rtMs5QfOE7qiX8_pdi3xv-9mYanwTjNBOg2WFrEgiIo8RcI/s1600/omikuji_suekichi.png,459,1029,2012-04-07,おみくじのイラスト「末吉」,おみくじ（末吉）のイラストです。打出の小槌が描かれています。,https://www.irasutoya.com/2012/04/blog-post_07.html,おみくじのイラスト「末吉」,おみくじ（末吉）のイラストです。打出の小槌が描かれています。,https://www.irasutoya.com/2012/04/blog-post_07.html,1,お正月|文字
627,irasutoya,https://blogger.googleusercontent.com/img/b/R29vZ2xl/AVvXsEhhjqxIjcS2_4hGG8FLlhHSDe1pnMU-XeAXEGWUy10y8Nj-Ohhuchx2ZqxYmPcW2FexxQAdbPyVbJvyCqnAbJ9_DGY7nN3WK0-P0Rz8UlfeouDwdfqgjlx0cBtwXWrTLe7zY8JUGciZcia8/s1600/omikuji_syoukichi.png,462,1035,2012-04-07,おみくじのイラスト「小吉」,おみくじ（小吉）のイラストです。獅子舞が描かれています。,https://www.irasutoya.com/2012/04/blog-post_8972.html,おみくじのイラスト「小吉」,おみくじ（小吉）のイラストです。獅子舞が描かれています。,https://www.irasutoya.com/2012/04/blog-post_8972.html,1,お正月|文字
626,irasutoya,https://blogger.googleusercontent.com/img/b/R29vZ2xl/AVvXsEhRgMWmTvTJ3wEp7gyaHss-gIci2OZJVU2R6N8ULVuuX2Wy7Wa2PXcKhuuzct5UT7LNUsLShFIg9Kmz__R6aFT86A29EL5LqT4CkN9ET_YqGAsZRYqXQ8B5CCGf3dgo_DIHY5KZ_rdELw-e/s1600/gashi_akemashite.png,900,535,2012-04-07,明けましておめでとうございます「イラスト文字」,「明けましておめでとうございます」とデザインされた、イラスト文字です。,https://www.irasutoya.com/2012/04/blog-post_6610.html,明けましておめでとうございます「イラスト文字」,「明けましておめでとうございます」とデザインされた、イラスト文字です。,https://www.irasutoya.com/2012/04/blog-post_6610.html,1,お年賀状|メッセージ
643,irasutoya,https://blogger.googleusercontent.com/img/b/R29vZ2xl/AVvXsEiuwodes4xJ2-y2fIHWbfUH_qlChGfit1TTr5t0GIXAEYddMYn6nmRQVR93tEm6Fpgor5X87ir1_9lgslCIpW0fK_P3hLdpahzMdFq9DKQf0ORhSuryJG1kK3Cy-nji-n8JIihyphenhyphenueX99xY/s800/party_baloon.png,712,592,2012-04-06,風船のイラスト,パーティに似合う、赤と緑の風船のイラストです。周りにはキラキラと光る星が輝いています。,https://www.irasutoya.com/2012/04/blog-post_06.html,風船のイラスト,パーティに似合う、赤と緑の風船のイラストです。周りにはキラキラと光る星が輝いています。,https://www.irasutoya.com/2012/04/blog-post_06.html,1,おもちゃ|パーティ|飾り
642,irasutoya,https://blogger.googleusercontent.com/img/b/R29vZ2xl/AVvXsEjrGqlVqNdFEbhtLxY65Jauv71aSTUnG697jCzFvVlxxMcn4PX5MbYi0X4ePQyLeOWiytzS2y9FoNiLRvZcD_YUXllylhf92-vFhoMek3afceVtIKynVZZKSo_yCflX9in5hN4Veit18gY/s800/party_kuma.png,525,702,2012-04-06,乾杯のイラスト「クマのパーティ」,パーティに参加して、乾杯をしている赤い服を着たクマのイラストです。,https://www.irasutoya.com/2012/04/blog-post_5520.html,乾杯のイラスト「クマのパーティ」,パーティに参加して、乾杯をしている赤い服を着たクマのイラストです。,https://www.irasutoya.com/2012/04/blog-post_5520.html,1,パーティ|動物キャラ
641,irasutoya,https://blogger.googleusercontent.com/img/b/R29vZ2xl/AVvXsEipUNP1FwTUvQUFzi1A0zqWfxHmr1Ts9Bf23yq6xcc5KiSXjZc9RQG2T7_hV_EEeU5ceWE6SUKNy6uMT-_5-hRlRJpnpR4C2c5KblfmhG1YymxlCAGU2SIVDXdly2XTbUqALKI-GfwFwWw/s800/party_neko.png,551,550,2012-04-06,乾杯のイラスト「猫のパーティ」,パーティで乾杯をする猫のイラストです。頭にパーティ帽子をかぶって楽しんでいます。,https://www.irasutoya.com/2012/04/blog-post_1642.html,乾杯のイラスト「猫のパーティ」,パーティで乾杯をする猫のイラストです。頭にパーティ帽子をかぶって楽しんでいます。,https://www.irasutoya.com/2012/04/blog-post_1642.html,1,パーティ|動物キャラ|猫
640,irasutoya,https://blogger.googleusercontent.com/img/b/R29vZ2xl/AVvXsEiczwllTtpHMnF9dg5VICQGAhAg1LU0autFFrpWCLsHUpPRn2Spka4ylQHTAZ6Yj-AO_5rm41vCeKd1EsAqFv9rFRzqXKydf5YHYCo23e2mGUe_WPIoiBS9QG7iQAJxrRqssqSJ7ilfq3ed/s1600/party_cracker_kamifubuki.png,738,738,2012-04-06,パーティーのクラッカーのイラスト,パーティのスタートを飾るクラッカーのイラストです。,https://www.irasutoya.com/2012/04/blog-post_351.html,パーティーのクラッカーのイラスト,パーティのスタートを飾るクラッカーのイラストです。,https://www.irasutoya.com/2012/04/blog-post_351.html,1,おもちゃ|パーティ
639,irasutoya,https://blogger.googleusercontent.com/img/b/R29vZ2xl/AVvXsEjA7cCqsP8L5qsV8E5TnV7r4mVXhOdjftUlOeZITqK1bgRDwjNyZ8NHWOJrNEpEeRGHBavy3_PBN7NhENNqdZpgt6OCPpeqT_If5fLSEkrKD0pxpZzTjxJIyPxwkdnKJ8AHK7KDAghkOr8/s800/party_inu.png,534,519,2012-04-06,乾杯のイラスト「犬のパーティ」,パーティで乾杯を待っている犬のイラストです。,https://www.irasutoya.com/2012/04/blog-post_5501.html,乾杯のイラスト「犬のパーティ」,パーティで乾杯を待っている犬のイラストです。,https://www.irasutoya.com/2012/04/blog-post_5501.html,1,パーティ|動物キャラ|犬
638,irasutoya,https://blogger.googleusercontent.com/img/b/R29vZ2xl/AVvXsEimpKtspceL47HWV8CIjCG83OLzaXss2VrjPQt65pfItad0LzQVB13lABAZ8zvViixYeemTkX9O3F2W9vfmDrv2u00nRzGmVD4OIj81oM6zOk84edl8Loj2BvpLIkT4TgWCiPJr4YMSzQZE/s1600/omikuji_daikichi.png,471,1034,2012-04-06,おみくじのイラスト「大吉」,おみくじ（大吉）のイラストです。だるまが描かれています。,https://www.irasutoya.com/2012/04/blog-post_5459.html,おみくじのイラスト「大吉」,おみくじ（大吉）のイラストです。だるまが描かれています。,https://www.irasutoya.com/2012/04/blog-post_5459.html,1,お正月|文字
637,irasutoya,https://blogger.googleusercontent.com/img/b/R29vZ2xl/AVvXsEibTglkbsTtx8NytwwQaZYyOw5GAjcw0ta64oacAyyfZ37smc1pg4fr_7CQy0VSy8D_oTFBa3171FlUWSYQA29dL7pReSWV9w2HW-kWErelmgYNdS5b8Z2fyOQnsGkneBrCv_XwNnK_7IA/s800/party_zou.png,520,606,2012-04-06,乾杯のイラスト「象のパーティ」,パーティに参加して、グラスを傾け乾杯をしている象のイラストです。,https://www.irasutoya.com/2012/04/blog-post_4953.html,乾杯のイラスト「象のパーティ」,パーティに参加して、グラスを傾け乾杯をしている象のイラストです。,https://www.irasutoya.com/2012/04/blog-post_4953.html,1,パーティ|動物キャラ
636,irasutoya,https://blogger.googleusercontent.com/img/b/R29vZ2xl/AVvXsEj4vMJSECA9w5QTru6-0OHohVAbZbwCzNly9ZmYSpkYVY0yMunMwtsAqCjapRXuVvPoEKgFVFBddIj0kTAa3jeRQiHtv-bvguxlxzKxgLsj2HMDvHrEKaEAtsR6_Ny2vHSq_KUD0cKsAcM/s800/party_usagi.png,502,629,2012-04-06,乾杯のイラスト「ウサギのパーティ」,パーティでグラスを持ち上げて乾杯をしているピンクのウサギのイラストです。,https://www.irasutoya.com/2012/04/blog-post_1558.html,乾杯のイラスト「ウサギのパーティ」,パーティでグラスを持ち上げて乾杯をしているピンクのウサギのイラストです。,https://www.irasutoya.com/2012/04/blog-post_1558.html,1,パーティ|動物キャラ
635,irasutoya,https://blogger.googleusercontent.com/img/b/R29vZ2xl/AVvXsEhwOLKDjf6w03PuH3AO9UR93BF9nWAZlrsPZbn4Vlh-QnURxejvJvmbNLHerI7Fqd3cLdLZgTodAczwaMQ3hc9-RQZjNeE3R5zx6iG-20LNpPAs5MExe67GgF2z3bQfiDua44W_csPcFf4/s800/party_boygirl.png,800,579,2012-04-06,パーティーのイラスト「男の子と女の子」,パーティーを楽しんでいる、男の子と女の子のイラストです。青と赤のパーティー帽子をかぶっています。,https://www.irasutoya.com/2012/04/blog-post_1369.html,パーティーのイラスト「男の子と女の子」,パーティーを楽しんでいる、男の子と女の子のイラストです。青と赤のパーティー帽子をかぶっています。,https://www.irasutoya.com/2012/04/blog-post_1369.html,1,パーティ
634,irasutoya,https://blogger.googleusercontent.com/img/b/R29vZ2xl/AVvXsEgXdTFatxW_trhjwJ5mk9kHjruA1sSz3ti0p9S3f5O9nMXthaXjkAWj1Pp7K7pxBrQwkq_t6-hEAoQOjivC8BkhBAi9QKQYtbpb14UHaX3UpqHQ6XsUEtfoPnmUaWSecLyWpbiX1GlTeXw/s800/party_table.png,641,701,2012-04-06,パーティーのテーブルのイラスト「ケーキとワインとクラッカー」,ピンクのテーブルクロスに乗った、料理とワインとケーキのイラストです。,https://www.irasutoya.com/2012/04/blog-post_1967.html,パーティーのテーブルのイラスト「ケーキとワインとクラッカー」,ピンクのテーブルクロスに乗った、料理とワインとケーキのイラストです。,https://www.irasutoya.com/2012/04/blog-post_1967.html,1,パーティ|飲み物
633,irasutoya,https://blogger.googleusercontent.com/img/b/R29vZ2xl/AVvXsEjthbXVikESGG3CacMSKepd7vYYADBqxd74UV72uImqMRO8mOKqq5X09ugLdbmhCpDPzWet8hWVbe2fx5pxe2kI4_8V76iHPbD-qvrQSyzqDLW1-rMuFovsRwQhVC8RLKAmBVwoZhYrOgy7/s1600/party_text_title.png,883,738,2012-04-06,パーティーのイラスト「タイトル文字」,「Party!（パーティ！）」と書かれたパーティ用のタイトル文字です。,https://www.irasutoya.com/2012/04/blog-post_8289.html,パーティーのイラスト「タイトル文字」,「Party!（パーティ！）」と書かれたパーティ用のタイトル文字です。,https://www.irasutoya.com/2012/04/blog-post_8289.html,1,パーティ|文字
632,irasutoya,https://blogger.googleusercontent.com/img/b/R29vZ2xl/AVvXsEiWNAS5NvyjRypZqZ-2FOdHqr8eQANbbPs9Q1yvyQpVeo0wxYNldTS7s7LFyXqV0Sd9zQonb-lC0V6wgOomTKHk1XaUJxjoolDt-CCt9gmJarYzw4K4nV6p2Fk7BUQ7mFZSsWQIWtwJ1mU/s800/red_wine.png,526,744,2012-04-06,ワインのイラスト「赤ワイン」,赤ワインのボトルと、グラスに入った赤ワインのイラストです。,https://www.irasutoya.com/2012/04/blog-post_2222.html,ワインのイラスト「赤ワイン」,赤ワインのボトルと、グラスに入った赤ワインのイラストです。,https://www.irasutoya.com/2012/04/blog-post_2222.html,1,パーティ|飲み物
631,irasutoya,https://blogger.googleusercontent.com/img/b/R29vZ2xl/AVvXsEhjxC19pmr99qkfC6_5dwg1UC8EUJgRwcS2V4th_9ldn8y8pOUFFd0JRQHjbCNH10XBaq4qgnEe10MNvcWuw-UycyS3yARkiuYICL6TVnCVDOx5zxaQvD75aDRyOLXgURLRWwDCDT0RBCQ/s800/white_wine.png,526,744,2012-04-06,ワインのイラスト「白ワイン」,,https://www.irasutoya.com/2012/04/blog-post_3961.html,ワインのイラスト「白ワイン」,,https://www.irasutoya.com/2012/04/blog-post_3961.html,1,パーティ|飲み物
630,irasutoya,https://blogger.googleusercontent.com/img/b/R29vZ2xl/AVvXsEiM7jD5fZAfHSZ6vk0KH99puqk6oQNcwCgmImN28pHYZey7VxVDIlSnF5ZKxrBx0GVVCyIJXlSRR46S3U3_xMex4LIVAHB_kYJHpJ3RVxjEQLZUEUl6R0B3QidHyZazb-rhwzJxRzI_d6xe/s1600/omikuji_daikyou.png,453,1029,2012-04-06,おみくじのイラスト「大凶」,おみくじ（大凶）のイラストです。梅の花が 描かれています。当たりたくはないですね・・・。,https://www.irasutoya.com/2012/04/blog-post_6341.html,おみくじのイラスト「大凶」,おみくじ（大凶）のイラストです。梅の花が 描かれています。当たりたくはないですね・・・。,https://www.irasutoya.com/2012/04/blog-post_6341.html,1,お正月|文字
629,irasutoya,https://blogger.googleusercontent.com/img/b/R29vZ2xl/AVvXsEjYwJAbs5msucqL3TQJEYwCuR7ehewBO-F9HuYH_ERwC9wgzSCHUG3EEUvwF9A281BjEG02Lp8tDY4bKdoTDvr1j-QA78qQXN-DKolTIfj97z2zvFDWC3gJBOHfrdW3hgrXPsMS5yli-Sqo/s1600/omikuji_kyou.png,464,1035,2012-04-06,おみくじのイラスト「凶」,おみくじ（凶）のイラストです。羽子板が描かれています。,https://www.irasutoya.com/2012/04/blog-post_4050.html,おみくじのイラスト「凶」,おみくじ（凶）のイラストです。羽子板が描かれています。,https://www.irasutoya.com/2012/04/blog-post_4050.html,1,お正月|文字
646,irasutoya,https://blogger.googleusercontent.com/img/b/R29vZ2xl/AVvXsEg-lkUrPz4FefK-mZ_qHfGzi6D33zfpAKvebjNJGJYUpmutnqjEsUgQ8-6R_ethLiMN_zssD4yx4ZJgJYRYWSxVfB7CENnP9AgDY52SR-sfxgJQmk1BhzHLfwlmS1wzDxzzhxGl6Pmo5wo/s800/syougatsu2_otoshidama.png,520,592,2012-04-05,お年玉のイラスト「ぽち袋」,子供に上げるための、ぽち袋に入ったお年玉のイラストです。,https://www.irasutoya.com/2012/04/blog-post_05.html,お年玉のイラスト「ぽち袋」,子供に上げるための、ぽち袋に入ったお年玉のイラストです。,https://www.irasutoya.com/2012/04/blog-post_05.html,1,お正月
645,irasutoya,https://blogger.googleusercontent.com/img/b/R29vZ2xl/AVvXsEiZJRSTAA36NUh7rjEofQi3XDAzX-82g_YBK6rFOr9ts95dgt2Sqtb5gBaGQ7yNrUzrOWtNzp010gCEqUlgq75hqToyIgZHHsV87V6oFVeDMv5X9RIFDBDqGbqLiiyFx_sotBJ7ZyFpELg/s800/syougatsu2_title.png,767,354,2012-04-05,お正月のイラスト「タイトル文字」,「お正月」とデザインされたタイトル文字です。,https://www.irasutoya.com/2012/04/blog-post_9406.html,お正月のイラスト「タイトル文字」,「お正月」とデザインされたタイトル文字です。,https://www.irasutoya.com/2012/04/blog-post_9406.html,1,お年賀状|お正月|文字
644,irasutoya,https://blogger.googleusercontent.com/img/b/R29vZ2xl/AVvXsEjDPy0X_GAJUV8pauG2Pwpn1dC5O7FfDAJdfDQNxcDB2JpPK85arrtw_qaLKdlvD1YQ9KqkHVrWe_Yfo1hJbYOQNwp8Zb-IZmaISp7_jFDX9pwXINlc7aJtIrlwEAMk6lCkQbweriNT9Lvx/s1600/omikuji_chuukichi.png,464,1026,2012-04-05,おみくじのイラスト「中吉」,おみくじ（中吉）のイラストです。招き猫が描かれています。,https://www.irasutoya.com/2012/04/blog-post_7444.html,おみくじのイラスト「中吉」,おみくじ（中吉）のイラストです。招き猫が描かれています。,https://www.irasutoya.com/2012/04/blog-post_7444.html,1,お正月|文字|猫
649,irasutoya,https://blogger.googleusercontent.com/img/b/R29vZ2xl/AVvXsEhPQAIVsfVKz1bFEvqAKlHKe5tY_OCzPGNrcJ6jNGSNFsGJ9lKQISf84mPMBg0ODB3LvxnPAPM9HG-FJyzHOIkc3WlMlg95PLQo_2jVc7WYrGaLd-xcTEPrrF5EoSSLDjdC1j_ysvtbPaM/s800/syougatsu2_omikuji.png,422,653,2012-04-04,おみくじのイラスト「大吉」,初詣になると毎年引いている、おみくじ（大吉）のイラストです。占いは信じないのに、ついついおみくじは引いてしまうんですよね・・・。,https://www.irasutoya.com/2012/04/blog-post_04.html,おみくじのイラスト「大吉」,初詣になると毎年引いている、おみくじ（大吉）のイラストです。占いは信じないのに、ついついおみくじは引いてしまうんですよね・・・。,https://www.irasutoya.com/2012/04/blog-post_04.html,1,お正月
648,irasutoya,https://blogger.googleusercontent.com/img/b/R29vZ2xl/AVvXsEjmg2kn9DyMES8p81iw0-civQjYw0bIDleQAH8gOAp_mv75OnJaeBgcv6vsVIRNnHT-BTuDfmmQ4X8bgRi3U6tQdG-m5C0nYzWahyDp4vyYTPs7BvcsAZVIhzkHt-scsWxKhE3B3JMs_Y8/s800/syougatsu2_omijikuji2.png,446,567,2012-04-04,おみくじのイラスト「おみくじ入れ」,おみくじが入っている、六角形の木の箱のイラストです。正式名称はなんていうんでしょう。これって意外と重くて振るのが大変じゃないですか？,https://www.irasutoya.com/2012/04/blog-post_7236.html,おみくじのイラスト「おみくじ入れ」,おみくじが入っている、六角形の木の箱のイラストです。正式名称はなんていうんでしょう。これって意外と重くて振るのが大変じゃないですか？,https://www.irasutoya.com/2012/04/blog-post_7236.html,1,お正月
647,irasutoya,https://blogger.googleusercontent.com/img/b/R29vZ2xl/AVvXsEgfgvM779oO-VkYFCZlkc6Meu4MQdMf4Xd1g2aqsZR3x8ZyT9HJc02ZjV_6m8Ajt2PxuujSaFZG8AfsVGtTv_mtOh7WCXuCFAENcMwWlkXKxtAO-QSA42wA0ELCOoCBa7aNjrvlc-H2Ndw/s800/syougatsu2_oshiruko.png,492,546,2012-04-04,おしるこのイラスト,お正月のお菓子といえばこれ！おしるこのイラストです。甘いあんこに入った、ふわふわのお餅が美味しいんです。,https://www.irasutoya.com/2012/04/blog-post_3915.html,おしるこのイラスト,お正月のお菓子といえばこれ！おしるこのイラストです。甘いあんこに入った、ふわふわのお餅が美味しいんです。,https://www.irasutoya.com/2012/04/blog-post_3915.html,1,お正月|スイーツ
652,irasutoya,https://blogger.googleusercontent.com/img/b/R29vZ2xl/AVvXsEjEG1ch4A4vR-koSVCg_AmDoYqFmW-6DWqvjstpqhflX7wJyZoj_pfeRmbgKO4bFxEV8SxKy4SmPmZ4P5xvFH1bvGEtrG-hXuHNFobM0EB3ZEeKJ_SMbYxcO1d-85O-xuWcyFOKS2Pb5o0/s800/syougatsu2_manekineko.png,500,558,2012-04-03,招き猫のイラスト,かわいい招き猫のイラストです。縁起物ですので、取り扱いはお大事に。,https://www.irasutoya.com/2012/04/blog-post_03.html,招き猫のイラスト,かわいい招き猫のイラストです。縁起物ですので、取り扱いはお大事に。,https://www.irasutoya.com/2012/04/blog-post_03.html,1,お年賀状|お正月|お金|キャラクター|猫
651,irasutoya,https://blogger.googleusercontent.com/img/b/R29vZ2xl/AVvXsEhZLf4xAZBCPqJTRHedx2o2ShFCceFfrFwGjlbHEaYYAo4z1VPUfz3FEokItrxCR0PEkbPna-DUhbF5gePM1NDMjY9fRwasq18esxu26pv_62HxinK0c73u6KsIKtUawUKm-c_Y4HJO2lc/s800/syougatsu2_masu.png,510,407,2012-04-03,升のイラスト「寿」,お酒を入れる升のイラストです。「寿」の文字が入っています。,https://www.irasutoya.com/2012/04/blog-post_3953.html,升のイラスト「寿」,お酒を入れる升のイラストです。「寿」の文字が入っています。,https://www.irasutoya.com/2012/04/blog-post_3953.html,1,お正月
650,irasutoya,https://blogger.googleusercontent.com/img/b/R29vZ2xl/AVvXsEiWhifj2cOPutn9U5LBEpCH-LnZT616pmS1KFT0YudXcRFZxv-40u9OlUdxwMgjvs7maUxwflZoQogNF0dxjXnMROgah9DUSBNHJ2lhVZOFiQrotEmz4h2Iw_A9YFTOP8MAu3NYHKP7bks/s800/syougatsu2_mochi.png,471,531,2012-04-03,お餅のイラスト,ぷっくり膨れた、焼いたお餅のイラストです。お正月になると、たっくさん食べます。,https://www.irasutoya.com/2012/04/blog-post_1970.html,お餅のイラスト,ぷっくり膨れた、焼いたお餅のイラストです。お正月になると、たっくさん食べます。,https://www.irasutoya.com/2012/04/blog-post_1970.html,1,お年賀状|お正月|スイーツ|食べ物
655,irasutoya,https://blogger.googleusercontent.com/img/b/R29vZ2xl/AVvXsEh4sqHAOqA5ClXoH6Amy-LCQe_3SSN8L5UbWgyroZS8qh00wo-OcqVdqh8lCPKYbj7rWoLdAnlRSfQYJlOAQnEejUZfDEvCsre0ob-PHxZrke37dUoHy9thP1Kv3gFvA8x6oJYp8frhmc6J/s800/syougatsu_komainu.png,800,697,2012-04-02,張り子犬のイラスト「お正月飾り」,犬をモチーフにしたお正月の飾り物、かわいい張り子犬（犬張子）のイラストです。,https://www.irasutoya.com/2012/04/blog-post_02.html,張り子犬のイラスト「お正月飾り」,犬をモチーフにしたお正月の飾り物、かわいい張り子犬（犬張子）のイラストです。,https://www.irasutoya.com/2012/04/blog-post_02.html,1,あかちゃん|おもちゃ|お年賀状|お正月|キャラクター|犬
654,irasutoya,https://blogger.googleusercontent.com/img/b/R29vZ2xl/AVvXsEhKLMg3Y4PTz2QvdbYY-ckXrE3hnaNlllcIyr0lkdSz4muoel1rnDW6hi4GZKBm7oE4cKSWHiOpo42erqiLRukCJrIBSghRIJJG3l4PLFlUz6du6D7XiGyxFPci3eelwi9XlEiuRSKCOqY/s800/syougatsu2_kagamiwari.png,574,530,2012-04-02,鏡割りのイラスト,縁起物といえば、鏡割り！酒樽と、升のイラストです。景気よく割りたいですね。,https://www.irasutoya.com/2012/04/blog-post_1152.html,鏡割りのイラスト,縁起物といえば、鏡割り！酒樽と、升のイラストです。景気よく割りたいですね。,https://www.irasutoya.com/2012/04/blog-post_1152.html,1,お年賀状|お正月|飲み物
653,irasutoya,https://blogger.googleusercontent.com/img/b/R29vZ2xl/AVvXsEijHJvfSUBZDo649DO0721UZYJPoFcgzrr5AgCk9didrAmA5n_A77vL_gYbk9NbuDvLjMtyOrdi0s83Qc19cuTG720blUFN-t9QV6x5FA6SH2zJzgjNfg4I-VCvht0DKPXsCZ46SGiI6YU/s800/syougatsu2_uchide.png,660,648,2012-04-02,打出の小槌のイラスト,打出の小槌のイラストです。良い物でてこーい！,https://www.irasutoya.com/2012/04/blog-post_2519.html,打出の小槌のイラスト,打出の小槌のイラストです。良い物でてこーい！,https://www.irasutoya.com/2012/04/blog-post_2519.html,1,お年賀状|お正月
658,irasutoya,https://blogger.googleusercontent.com/img/b/R29vZ2xl/AVvXsEjC6QKgjVwkgAppoapEjqStY5LKe-_oRp0SzWFP4BwQMH2HahY1ffs_89JjxNA9x8IyM7l67EtDHHId_MNSZ-m7MIiISf1gpUdoQ8nx9PxcMogj3hEPCbEKrGLrx-aBmsNIzgAcweX9M88/s800/syougatsu_shimekazari.png,491,590,2012-04-01,お正月飾り・しめ飾りのイラスト,お正月に玄関や車に飾る正月飾り（しめ飾り・輪飾り）のイラストです。,https://www.irasutoya.com/2012/04/blog-post.html,お正月飾り・しめ飾りのイラスト,お正月に玄関や車に飾る正月飾り（しめ飾り・輪飾り）のイラストです。,https://www.irasutoya.com/2012/04/blog-post.html,1,お年賀状|お正月|飾り
657,irasutoya,https://blogger.googleusercontent.com/img/b/R29vZ2xl/AVvXsEgR_tsh4ZSRdwLBd0SNDfzQaqnZCh_xqpbiSTMZhdE9w1a8PR7jOhf1eI6aQc8qCrayZfogorm7MsrNNKU3V-mMZxXLWsdcVNeWY_5jr8tIFYaO1xPOVguBuhEG5o45xYb6pxQrg49kN1c/s800/syougatsu_tsurukame.png,746,628,2012-04-01,鶴と亀のイラスト「縁起物」,縁起物の鶴と亀のイラストです。可愛いコンビです。,https://www.irasutoya.com/2012/04/blog-post_01.html,鶴と亀のイラスト「縁起物」,縁起物の鶴と亀のイラストです。可愛いコンビです。,https://www.irasutoya.com/2012/04/blog-post_01.html,1,お年賀状|お正月|キャラクター
656,irasutoya,https://blogger.googleusercontent.com/img/b/R29vZ2xl/AVvXsEjVcZ1sQf4-FHvv0PwENVMvQxqDWhKOyxg0csM5tDeyZoapv1ilNG8FC9xgQwoeqWkTslBCmb4DFM7RXrdjPy-C64sMq6HHpIuG3DhoGqOv9JK-BbtjdH6DSXFK7vN4uZ-l7UGMNMxHfXk/s800/syougatsu_sakura.png,595,518,2012-04-01,梅の花のイラスト,可愛い梅の花とつぼみのイラストです。,https://www.irasutoya.com/2012/04/blog-post_8211.html,梅の花のイラスト,可愛い梅の花とつぼみのイラストです。,https://www.irasutoya.com/2012/04/blog-post_8211.html,1,お年賀状|お正月|花
662,irasutoya,https://blogger.googleusercontent.com/img/b/R29vZ2xl/AVvXsEjKVKbRn5k3de7Zxp0xMb7c1H4YkmPVPjvT8l6a7_AH3xtG206z94BwacEkHR8Vhp2POUzTUR1H22bNPXKTcWhuNEaRlGXbRF-JOGRWGb8zU1WdJjdL2ydvDurRE3_WvUYTUQUG5QqJGSE/s800/syougatsu_matsu.png,518,406,2012-03-31,松の葉のイラスト「お正月」,松の枝と葉っぱのイラストです。お正月らしいマークです。,https://www.irasutoya.com/2012/03/blog-post_31.html,松の葉のイラスト「お正月」,松の枝と葉っぱのイラストです。お正月らしいマークです。,https://www.irasutoya.com/2012/03/blog-post_31.html,1,お年賀状|お正月|植物|花
661,irasutoya,https://blogger.googleusercontent.com/img/b/R29vZ2xl/AVvXsEgj7VSnipXQxGNBzqjmD_p23xuLSap6GIlbdK-2buYwmkAYpjczMB0wZh2XZp5BaD752_0Wu0zW7517bd9vSP0lc4hK74z9lqPVUGn7f15gMGgFrlSj8QNqG13KtaKz1HqX8FG4ABnHB30/s800/syougatsu_ozouni.png,456,520,2012-03-31,お雑煮のイラスト,いろいろな材料が入ったお正月の定番料理、お雑煮のイラストです。,https://www.irasutoya.com/2012/03/blog-post_4250.html,お雑煮のイラスト,いろいろな材料が入ったお正月の定番料理、お雑煮のイラストです。,https://www.irasutoya.com/2012/03/blog-post_4250.html,1,お正月|スープ|食べ物|飲み物
660,irasutoya,https://blogger.googleusercontent.com/img/b/R29vZ2xl/AVvXsEijbcSGk0QA4IheFQvbFqbMigqmLHOxjYG0s403AcFK0TZmP1D6R2TM8aWE4suNXyRLuHDqc58A4Z6Q3cm2fNKUF8Zi7ipLOv_P_RizkURrS6G96kUlSA0oSV__SLgZ4KP9nLSox1khLzk/s800/syougatsu_koma.png,476,486,2012-03-31,コマのイラスト,赤と緑のシンプルなコマ（こま・独楽）のイラストです。,https://www.irasutoya.com/2012/03/blog-post_5976.html,コマのイラスト,赤と緑のシンプルなコマ（こま・独楽）のイラストです。,https://www.irasutoya.com/2012/03/blog-post_5976.html,1,お年賀状|お正月
659,irasutoya,https://blogger.googleusercontent.com/img/b/R29vZ2xl/AVvXsEgCRxc8Mr-MwmbfvTuPicgA9kyFVBVc3g7LkSJwDh5u-NYDMOhPuh-ufOf4817KQK2-jHYCn6WS_XkkEgaQmjsWOhwfn4iosz2tk8fi6MG8u5yp-G507i5e3KXSpzpdX27NwQUKAb4A-vI/s800/syougatsu_shishimai.png,646,516,2012-03-31,獅子舞のイラスト,お正月の人気者、獅子舞のイラストです。頭をかまれると賢くなるらしいですよ。,https://www.irasutoya.com/2012/03/blog-post_170.html,獅子舞のイラスト,お正月の人気者、獅子舞のイラストです。頭をかまれると賢くなるらしいですよ。,https://www.irasutoya.com/2012/03/blog-post_170.html,1,お年賀状|お正月|キャラクター
565,irasutoya,https://blogger.googleusercontent.com/img/b/R29vZ2xl/AVvXsEgzbyzeZ1L8PkgrWPqGRM7jBlxvYrHsk_ZpJFVOjI0xA2TxNqIaj6MIGdegMV0Tg56LyVrC2Qywi0e4dkLobwW4zK-K8Fhd5QhoUSuqN9Pvx3LIOt7NUQ5ygqApvKUib8R0d_orfNVnBxc/s800/syougatsu_kadomatsu.png,483,623,2012-03-30,門松のイラスト,お正月の飾りもの、門松のイラストです。玄関にどーんと構えているとカッコイイですよね。,https://www.irasutoya.com/2012/03/blog-post_30.html,門松のイラスト,お正月の飾りもの、門松のイラストです。玄関にどーんと構えているとカッコイイですよね。,https://www.irasutoya.com/2012/03/blog-post_30.html,1,お年賀状|お正月
564,irasutoya,https://blogger.googleusercontent.com/img/b/R29vZ2xl/AVvXsEjIHOWxx83_m9Fvub1oxWmFsKoy4sE6o9v0oTj81xI8jOKWSl_KUjYYNRJ2YWGQjL1MEzrL7GWCkeCx26kKU9elHJdvzwKS6Jgb29XP7RiHPUFE8vw7jaezMrkhLP462ORrf4ZhwsRD3RE/s800/syougatsu_kagamimochi.png,518,531,2012-03-30,鏡餅のイラスト,お正月に飾るシンプルな鏡餅のイラストです。,https://www.irasutoya.com/2012/03/blog-post_5171.html,鏡餅のイラスト,お正月に飾るシンプルな鏡餅のイラストです。,https://www.irasutoya.com/2012/03/blog-post_5171.html,1,お年賀状|お正月|スイーツ|食べ物
563,irasutoya,https://blogger.googleusercontent.com/img/b/R29vZ2xl/AVvXsEidnury8q04RNoRa6oeWUsXdTJxhtJiXLOq03VPUSuHcJ132DLcK0xmoa06tPN2cb0EIt8SYOlYWZ5ZbHhRUGEBUXXCzh903bVK3ke1cnOpq3pWIvze5dvKN6hZGiobbUCHy4iwX9_2dPU/s800/syougatsu_fujisan.png,691,569,2012-03-30,富士山のイラスト「初日の出」,富士山と初日の出のイラストです。一度でいいから元旦に富士山に行ってみたいです。,https://www.irasutoya.com/2012/03/blog-post_608.html,富士山のイラスト「初日の出」,富士山と初日の出のイラストです。一度でいいから元旦に富士山に行ってみたいです。,https://www.irasutoya.com/2012/03/blog-post_608.html,1,お年賀状|お正月
569,irasutoya,https://blogger.googleusercontent.com/img/b/R29vZ2xl/AVvXsEijRyoMHEqZz8KcFJSk84LC8Jmr7kcK3M549Ke_z4s30CQ__xG3HquXj7NhhdrgnVZty7hjDvlQLj7riHz_1CnL1J1yIgipIWIAxigv2IP_ghXRwW8rU3u4VKKlPo1UtyJNixU6lCU2dIg/s800/syougatsu_daruma.png,448,443,2012-03-29,だるまのイラスト,真っ赤なだるまのイラストです。お正月や、選挙のときなど、色々使われる縁起物ですね。,https://www.irasutoya.com/2012/03/blog-post_29.html,だるまのイラスト,真っ赤なだるまのイラストです。お正月や、選挙のときなど、色々使われる縁起物ですね。,https://www.irasutoya.com/2012/03/blog-post_29.html,1,お年賀状|お正月|キャラクター
568,irasutoya,https://blogger.googleusercontent.com/img/b/R29vZ2xl/AVvXsEhe-eDuZ_HHNEGwPWtvft45HSkui1CrJxZ0vXdzNmS0zWmFuv3BQnqoXxBiHLoCv-GI_4sABj2s2ACUcHuBcepr8bD6aj5UZTmQ6bies2nGvp2C3H0hg5Me0P7aZniw9q9wlbcX4QNvcVuX/s600/kaisuiyoku_title.png,600,269,2012-03-29,海水浴のイラスト「タイトル文字」,ビーチボールとビーチパラソルがデザインされた、「海水浴」というタイトル文字です。,https://www.irasutoya.com/2012/03/blog-post_2130.html,海水浴のイラスト「タイトル文字」,ビーチボールとビーチパラソルがデザインされた、「海水浴」というタイトル文字です。,https://www.irasutoya.com/2012/03/blog-post_2130.html,1,夏|文字|海
567,irasutoya,https://blogger.googleusercontent.com/img/b/R29vZ2xl/AVvXsEhTv3TBrUdvu2rUFFDdWcAovqsM3FtepXlAS-Vvl7QvZHQLAM1-W6jFwNl862DeVGpuFUkJpalQZRML5vda4wZl0-l4LdQTp24GpqBL7bgK392xK8jwwLOyIJiR5_OkPkD6JroAhhCxpeDg/s600/ukiwa.png,410,293,2012-03-29,海のイラスト「うきわ」,赤いストライプの浮き輪のイラストです。,https://www.irasutoya.com/2012/03/blog-post_3745.html,海のイラスト「うきわ」,赤いストライプの浮き輪のイラストです。,https://www.irasutoya.com/2012/03/blog-post_3745.html,1,夏|海
566,irasutoya,https://blogger.googleusercontent.com/img/b/R29vZ2xl/AVvXsEi5NJOm1yAgRD1SoGQ80P4OV430GZcrTYpyDC4OsSrSpTF_ZrGddOUrDvh1kyb6C-lH9EYqWCy-a9AsCWRvkZKKKbV4DxgtNRnaYav2O0s2sXAqVhHDjm2JVRQL2oKvzgs4d4WXHjLgr7A/s800/syougatsu_hagoita.png,501,508,2012-03-29,羽つき・羽子板のイラスト,お正月の遊びの定番、羽つき・羽子板のイラストです。,https://www.irasutoya.com/2012/03/blog-post_6053.html,羽つき・羽子板のイラスト,お正月の遊びの定番、羽つき・羽子板のイラストです。,https://www.irasutoya.com/2012/03/blog-post_6053.html,1,お年賀状|お正月
572,irasutoya,https://blogger.googleusercontent.com/img/b/R29vZ2xl/AVvXsEhSNymFu_s-iMCpR47kaAbeAxoBccRjq3f4hj4cYt4Zm24xwa90IB7qmvQuLsN33mYimO52UFG8v7Be5MRQa0Dd_b3xxa-QuU2Y266ekTgGakIfjHhJBxU2aZ-1mfWkBanBQd60W-LXIgR0/s600/beach_sandal_green.png,391,455,2012-03-28,ビーチサンダルのイラスト「緑」,緑のビーチサンダルのイラストです。,https://www.irasutoya.com/2012/03/blog-post_28.html,ビーチサンダルのイラスト「緑」,緑のビーチサンダルのイラストです。,https://www.irasutoya.com/2012/03/blog-post_28.html,1,夏|海
571,irasutoya,https://blogger.googleusercontent.com/img/b/R29vZ2xl/AVvXsEi3SRYlxLoRLUIIBQ7FQrVt1lbKXiXV4OC-8ceUTOmtk9o-CnI0_bOrxWLwt52DjyAlIo3wUSvn4uagtVokouhJ1kwpk80avWXdvJ7JgkcTOB-ME03CTtptcR5TiaZKtmkYjc-SaeRynliV/s600/suikawari.png,600,397,2012-03-28,海のイラスト「スイカ割り」,海辺でスイカ割りを楽しんでいる男の子のイラストです。,https://www.irasutoya.com/2012/03/blog-post_5318.html,海のイラスト「スイカ割り」,海辺でスイカ割りを楽しんでいる男の子のイラストです。,https://www.irasutoya.com/2012/03/blog-post_5318.html,1,こども|夏|海
570,irasutoya,https://blogger.googleusercontent.com/img/b/R29vZ2xl/AVvXsEjbBfQxOu8yQXemw-iI_NPkr-X11v6lTpL00zo7EQ1zwkotDphb1OzIhfGqUybs-5avWgFneVwlCDF6r1oNvd5pJxNZra_KsNBryrBr1RzAApnIf8Gx2VQaGTSEwDdtDzGT_6svLq_7Hi6A/s600/umi_boy.png,600,331,2012-03-28,海水浴のイラスト「クロールをする男の子」,海水浴やプールで泳ぐのを楽しんでいる男の子のイラストです。,https://www.irasutoya.com/2012/03/blog-post_37.html,海水浴のイラスト「クロールをする男の子」,海水浴やプールで泳ぐのを楽しんでいる男の子のイラストです。,https://www.irasutoya.com/2012/03/blog-post_37.html,1,体育|夏|海
575,irasutoya,https://blogger.googleusercontent.com/img/b/R29vZ2xl/AVvXsEh7Kzxhmrr0AU_4zFItE-pzoo2AW6JDH8R6Dyg-BP7N63mtDzmBs-Ne-fVN9FICKG177Nj6ZL-R5wBR_ERRa5okkZm9XD6U8O5KzIcXbNvhG4X8xwPjoGUuFr3bNDqO6OWBrOnzq7aOYurV/s600/umibiraki.png,600,393,2012-03-27,海のイラスト「海開き」,海開きの「OPEN」の文字の看板が立っているイラストです。,https://www.irasutoya.com/2012/03/blog-post_27.html,海のイラスト「海開き」,海開きの「OPEN」の文字の看板が立っているイラストです。,https://www.irasutoya.com/2012/03/blog-post_27.html,1,夏|文字|海
574,irasutoya,https://blogger.googleusercontent.com/img/b/R29vZ2xl/AVvXsEjkc-ceA31St-clLHzH83cL1JwBMghHv-qk1qXpyIUvAo_O5zvBp4HwgpHucxGnwAUZ5Bnplnb87Nz4JSiGGcw0xQOfB14A-BEmQ5bRicXhNt4F7NeQFieAtfVdskBo_WGRCRwr9227d0T0/s600/yashinoki.png,396,393,2012-03-27,ヤシの木のイラスト,ポップでかわいい、ヤシの木のイラストです。,https://www.irasutoya.com/2012/03/blog-post_9767.html,ヤシの木のイラスト,ポップでかわいい、ヤシの木のイラストです。,https://www.irasutoya.com/2012/03/blog-post_9767.html,1,南国|夏|海
573,irasutoya,https://blogger.googleusercontent.com/img/b/R29vZ2xl/AVvXsEj6bNsKdaqrIeMRlKuLC0PVx0aHAlqWynGc7tpzllhehdSDWwm3oB0ju_kMJRn_M7cjUY_wdknEwPj_qfdTke3-P5eVwBCT9uPOcS33yRuqVIYhA6xbrgd1E1azFidzzw3jo9tZz15hUju7/s600/beach_sandal_blue.png,391,455,2012-03-27,ビーチサンダルのイラスト「青」,青のビーチサンダルのイラストです。,https://www.irasutoya.com/2012/03/blog-post_4968.html,ビーチサンダルのイラスト「青」,青のビーチサンダルのイラストです。,https://www.irasutoya.com/2012/03/blog-post_4968.html,1,夏|海
584,irasutoya,https://blogger.googleusercontent.com/img/b/R29vZ2xl/AVvXsEgkwGS4ZNzMbMNjk5C73nSAlg338Yd3ILl_hPxORc_O2sXHiYqXRNfm74DOnBw8kLL20U6bXAJB-PJ3ufWEqFpCVXgabPS4-5CPddvvZpeb20Nj_oxNRHVLZz-H1p4jrhVUOE69fBS5srFi/s600/suiei_boy.png,431,576,2012-03-26,海水浴のイラスト「水着の男の子」,浮き輪を抱えている、水着姿の男の子のイラストです。,https://www.irasutoya.com/2012/03/blog-post_26.html,海水浴のイラスト「水着の男の子」,浮き輪を抱えている、水着姿の男の子のイラストです。,https://www.irasutoya.com/2012/03/blog-post_26.html,1,こども|夏|海
583,irasutoya,https://blogger.googleusercontent.com/img/b/R29vZ2xl/AVvXsEgOZHigF7aOwxVPWCMXNkgmU5lj6br99z2QbF5_qX97lysuLpi1rRIkbw5hnoSVEbYa0K9LoukvTRxH1PQ4omBKrZVkj91ASGoxfAvQCSbkDaWIcxQqXAv71-cI8L2_FqXxUMHUqmq-wp3m/s600/suiei_girl.png,431,576,2012-03-26,海水浴のイラスト「水着の女の子」,,https://www.irasutoya.com/2012/03/blog-post_9781.html,海水浴のイラスト「水着の女の子」,,https://www.irasutoya.com/2012/03/blog-post_9781.html,1,こども|夏|海
582,irasutoya,https://blogger.googleusercontent.com/img/b/R29vZ2xl/AVvXsEirEMiPazeRxnrCn1A_XizkjwFj-2x9AeMIm7TkBB1dMbR36RqO-3lwZsNPNS8OY8W61Vi09n46h0K9sGxfjLd6sevnuQWhMWOD7dj6-2W5hR_q5hYQSx7DrauE_O3C3UZjitaGRxJRCvM/s800/hikkoshi_shinkyo.png,670,629,2012-03-26,■,新生活が始まって、ピカピカの家具を置いたばかりの部屋のイラストです。,https://www.irasutoya.com/2012/03/blog-post_1848.html,■,新生活が始まって、ピカピカの家具を置いたばかりの部屋のイラストです。,https://www.irasutoya.com/2012/03/blog-post_1848.html,1,引越し
581,irasutoya,https://blogger.googleusercontent.com/img/b/R29vZ2xl/AVvXsEiAxFwcJWtKcFRBKnKiobg4j0a-qe4jctrqbArTbC-sQmq3UL8vbfq_79LdNZJmXFlozpbVDCIxyujojCrw_SaGr7T1mZoXhu9sd_g2BHCUjLulkANZheMrpxLv6XIAGwUpYeByEwOLbzo/s800/hikkoshi_woman.png,577,626,2012-03-26,引越しのイラスト「ダンボールと女の子」,引越ししたての、積み重なったダンボールに埋まっている女の子のイラストです。,https://www.irasutoya.com/2012/03/blog-post_4022.html,引越しのイラスト「ダンボールと女の子」,引越ししたての、積み重なったダンボールに埋まっている女の子のイラストです。,https://www.irasutoya.com/2012/03/blog-post_4022.html,1,引越し
580,irasutoya,https://blogger.googleusercontent.com/img/b/R29vZ2xl/AVvXsEiFQlwc7D9nYz93igx92ucx3I7vLj19WaSGIujB5OsJ2XmGtrEvDRt40pB5Yeu1H97GAqQchV8oZVoqqLIE1nV0-GkREXY12CPfsgolfRidCWTqrv8i_1ETxDT9xb50C0AAA9lH6Rf3_qI/s800/hikkoshi_title.png,594,593,2012-03-26,■,引越ししました！という、文字とトラックのイラストです。引越しの報告ハガキのデザインなどに！,https://www.irasutoya.com/2012/03/blog-post_8352.html,■,引越ししました！という、文字とトラックのイラストです。引越しの報告ハガキのデザインなどに！,https://www.irasutoya.com/2012/03/blog-post_8352.html,1,メッセージ|引越し
579,irasutoya,https://blogger.googleusercontent.com/img/b/R29vZ2xl/AVvXsEgum81XII1RSnNHJE9onTX7LZkmRJTmgXi1SeqZHErH6YwaRam20I_VRXQTuzAS8wuWflMDyoSbdeTO_KfYECH23K0JjLrAbcyH1P6dxqINJZQfzx3GfXTjxKlIPz894ItAGTYrZuOVAVg/s800/hikkoshi_man.png,645,724,2012-03-26,■,引越しが終わって喜んでいる男性と、家の前に泊まった引越しトラックのイラストです。,https://www.irasutoya.com/2012/03/blog-post_841.html,■,引越しが終わって喜んでいる男性と、家の前に泊まった引越しトラックのイラストです。,https://www.irasutoya.com/2012/03/blog-post_841.html,1,引越し
578,irasutoya,https://blogger.googleusercontent.com/img/b/R29vZ2xl/AVvXsEimW4bAuAfkl3uqvMeeJwYwep85xtPZhmKMwS3f5SeYfr_DzIgpMdWhASLXf4gYCnhGg5-dPP6oEjWW_1cmYq70vHO8DSktCjMw0bt7LBQ1swk1TmaLvNOiW3_Qi9JwU_JGfSFt9BaM05Y/s800/hikkoshi_woman.png,645,724,2012-03-26,■,引越しの終わった女性が家から顔を出しているイラストです。家の前には引越しのトラックが停まっています。,https://www.irasutoya.com/2012/03/blog-post_8235.html,■,引越しの終わった女性が家から顔を出しているイラストです。家の前には引越しのトラックが停まっています。,https://www.irasutoya.com/2012/03/blog-post_8235.html,1,引越し
577,irasutoya,https://blogger.googleusercontent.com/img/b/R29vZ2xl/AVvXsEi2ESYBEYTFsl0VpIkWlwJXxspcr5AO1uC_-zSCd8-6OGUKqsjaQ7_6fL8w5Oa6J0niHBqFHX7ZBbPD5bJuWhJGLxoWt9KuRROq72u-3wdQFD6h0q9VTybMQ0vOljX_2NEV99J623L8vdI/s800/shinseikatsu_title.png,800,405,2012-03-26,新生活のイラスト「タイトル文字」,「新生活」と書かれたタイトル文字のイラストです。,https://www.irasutoya.com/2012/03/blog-post_6998.html,新生活のイラスト「タイトル文字」,「新生活」と書かれたタイトル文字のイラストです。,https://www.irasutoya.com/2012/03/blog-post_6998.html,1,引越し|文字
576,irasutoya,https://blogger.googleusercontent.com/img/b/R29vZ2xl/AVvXsEjz0biB17cJqro957Jm6LcT1VK9yFkumQk1sbFyFW1VcFugcs_ZEyzMhqm3o9oYKHhMa0b_FRmcnjWdpCowiZxJKwx2YcmP6Ith5OF3Pp285NhZJma4HKyZJJ6v88m2hp04NuNn6rS7TmU1/s600/umi_kani.png,466,367,2012-03-26,カニのイラスト,ニコニコ笑っている、かわいいカニのイラストです。,https://www.irasutoya.com/2012/03/blog-post_5990.html,カニのイラスト,ニコニコ笑っている、かわいいカニのイラストです。,https://www.irasutoya.com/2012/03/blog-post_5990.html,1,キャラクター|夏|海|甲殻類
587,irasutoya,https://blogger.googleusercontent.com/img/b/R29vZ2xl/AVvXsEjnuX2ihX7U7knntfq_0F-9XBGMecTsPULAaNSxA51UyPH0_aQ5_zSync1P_-OOS9ZGmHsF-xtj_1u90-bHunWwJb6kC2Ri4HodmXldsn5yMubDEoAKMp2tCRyWGUnaCP-Nzx1f7YiBkjwt/s600/beach_parasol.png,503,449,2012-03-25,海のイラスト「ビーチパラソル」,ビーチパラソルと、ビーチボールが青空の下にあるイラストです。,https://www.irasutoya.com/2012/03/blog-post_25.html,海のイラスト「ビーチパラソル」,ビーチパラソルと、ビーチボールが青空の下にあるイラストです。,https://www.irasutoya.com/2012/03/blog-post_25.html,1,南国|夏|海|風景
586,irasutoya,https://blogger.googleusercontent.com/img/b/R29vZ2xl/AVvXsEgq3m6ieaVXOaz-vS-ZeXNKJbby5yge-iVr6ABiAbExV1ma088hg2x4s0Zd-owG61Y-SMGMXk04snSjbzscWTkSB-4YvwuuRbsZjUNuuAJSiHUiA71om7F8Abf5_tlA-mKGWzzY0UrnrAod/s600/beach_ball.png,360,336,2012-03-25,海のイラスト「ビーチボール」,赤と黄色と緑のストライプが入った、ビーチボールのイラストです。,https://www.irasutoya.com/2012/03/blog-post_6415.html,海のイラスト「ビーチボール」,赤と黄色と緑のストライプが入った、ビーチボールのイラストです。,https://www.irasutoya.com/2012/03/blog-post_6415.html,1,夏|海
585,irasutoya,https://blogger.googleusercontent.com/img/b/R29vZ2xl/AVvXsEikchd9rtPvEKfTra6mRBVGnlWhC2zwmPWW8EJImdCvPLoQCvEKFWjyT5ixsqBJm52q9EKGS5JxnvRO1IpdBKsEqK_sqAMTE5f8kKcC3vmUioqeSanW8fQZ9l7kzVsya-Woj52DMKYnRboi/s600/umi_animal.png,600,502,2012-03-25,海のイラスト「砂のお城を作る動物」,ウサギとくまの子供達がビーチで砂のお城を作っているイラストです。,https://www.irasutoya.com/2012/03/blog-post_8871.html,海のイラスト「砂のお城を作る動物」,ウサギとくまの子供達がビーチで砂のお城を作っているイラストです。,https://www.irasutoya.com/2012/03/blog-post_8871.html,1,動物キャラ|夏|海
590,irasutoya,https://blogger.googleusercontent.com/img/b/R29vZ2xl/AVvXsEjZUWN45QNFWbKRTn1B-ZJOhMJnryvndoA5uQrtbYqvS9pMZW37cerRczLoRTru2-k0owE4T6c8HhUEHYwKO8snbSNJ7NT0Gx8Mv46KWVuJNYjeelQPfkY1TBNR7cbbZTeuTLb3zNMJS8ON/s600/syukudai_boy.png,540,506,2012-03-24,夏休みのイラスト「夏休みの宿題」,夏休みの宿題を頑張っている男の子のイラストです。夏休みが終わる数日前に必死になって頑張ってます。,https://www.irasutoya.com/2012/03/blog-post_24.html,夏休みのイラスト「夏休みの宿題」,夏休みの宿題を頑張っている男の子のイラストです。夏休みが終わる数日前に必死になって頑張ってます。,https://www.irasutoya.com/2012/03/blog-post_24.html,1,こども|夏|夏休み
589,irasutoya,https://blogger.googleusercontent.com/img/b/R29vZ2xl/AVvXsEhrGZ-DGkmtYvzGv7CIsO1_84ZuCBOIa_UQgFQ8hgCB_WWAtBsd73rVRQl578AYVWIyy0inJCPtlDGUEkDDZMhMivV6P6oz4T8ICXWlAaV9TmIri845VAHjb1rYlQXrNKAQ03iR9NOg_NAl/s600/natsuyasumi_title.png,600,532,2012-03-24,夏休みのイラスト「タイトル文字」,「夏休み」というタイトル文字がブタの蚊取り線香から流れ出ています。,https://www.irasutoya.com/2012/03/blog-post_288.html,夏休みのイラスト「タイトル文字」,「夏休み」というタイトル文字がブタの蚊取り線香から流れ出ています。,https://www.irasutoya.com/2012/03/blog-post_288.html,1,夏|夏休み|文字
588,irasutoya,https://blogger.googleusercontent.com/img/b/R29vZ2xl/AVvXsEjHvbSjciDJdO23Qe5mB9D-_HeD4fbkQNOvFd-Wld0FxSLysTUFSPfMbj6c0uUy0WGy9ixRqz6gm-OsC-FlhYiyZ7hScvBui3xE4RgOnKPjyjj1jy-nqUMRGfMJz8eMyQo5baQpsZvwY_SM/s600/umi_beach.png,600,477,2012-03-24,海のイラスト「ヤシの木とビーチ」,ハワイやグアムのビーチのような白い砂浜にヤシの木が立っているイラストです。,https://www.irasutoya.com/2012/03/blog-post_7343.html,海のイラスト「ヤシの木とビーチ」,ハワイやグアムのビーチのような白い砂浜にヤシの木が立っているイラストです。,https://www.irasutoya.com/2012/03/blog-post_7343.html,1,南国|夏|海|風景
605,irasutoya,https://blogger.googleusercontent.com/img/b/R29vZ2xl/AVvXsEgAP-A467o4zIucUYmgZmMU7VcihlgGthKoeyu5koHidk31ZcugN5LoVjYWFbmZboHbefVnJyYHZt_XtK9lrpdYp42WMmM1HsMk6XdZ7iQEw6H6rjNyC63FwEhoXk01AHuQW3Wb02IdV7w1/s600/mushitori.png,597,600,2012-03-23,夏休みのイラスト「虫取り」,蝶を捕まえようとしている男の子のイラストです。,https://www.irasutoya.com/2012/03/blog-post_23.html,夏休みのイラスト「虫取り」,蝶を捕まえようとしている男の子のイラストです。,https://www.irasutoya.com/2012/03/blog-post_23.html,1,こども|夏|夏休み|虫
604,irasutoya,https://blogger.googleusercontent.com/img/b/R29vZ2xl/AVvXsEirzykvYShHOXe8Ub8j9zymge1l1yFnQhnC2EwxQD0xushcEfI602hOwNj-eZogwciVQ2XOj0bgay0jJd3DxVxlaiq0OQwmHQVzoQXCAPUGm_4RhnAHWV3UXaXUV4zn_hXhuzbip8dCKRKq/s600/radio_taisou.png,599,600,2012-03-23,夏休みのイラスト「ラジオ体操」,夏休みの恒例行事、ラジオ体操をしている男の子のイラストです。,https://www.irasutoya.com/2012/03/blog-post_5475.html,夏休みのイラスト「ラジオ体操」,夏休みの恒例行事、ラジオ体操をしている男の子のイラストです。,https://www.irasutoya.com/2012/03/blog-post_5475.html,1,夏|夏休み
603,irasutoya,https://blogger.googleusercontent.com/img/b/R29vZ2xl/AVvXsEjnNdadUvfl1Bu0lCAW6ZLog3zO5erFT51BoRqmeS6igtyT6r8gnNk7FhJ1PoAEWLFNUGp3lcOEhx_-5kq_uj94EuVOcJD89nwlhoLGQ13Ume0oasDxwsO0MDPjHSIUTQtL9P_PIFhadxIA/s800/flower_asagao.png,598,496,2012-03-23,朝顔のイラスト「青と紫」,青と紫色の朝顔のイラストです。子供の頃に夏休みの宿題や、絵日記で観察しました。,https://www.irasutoya.com/2012/03/blog-post_7863.html,朝顔のイラスト「青と紫」,青と紫色の朝顔のイラストです。子供の頃に夏休みの宿題や、絵日記で観察しました。,https://www.irasutoya.com/2012/03/blog-post_7863.html,1,夏|花
602,irasutoya,https://blogger.googleusercontent.com/img/b/R29vZ2xl/AVvXsEiQHGRJKUbxQgaLoFI_y9Dt0uafPM43jDClZrDxTAFWL2Cq79YGOrUFlCOkM3UCF1flDAxGF2d3ANvlZQK6uWEBJWL59kJw3czmT6TJLm5Hc6azNMSNnQsCxEUf7wp12duSGgaDyG6InnYb/s800/flower_clover.png,492,432,2012-03-23,四葉のクローバーのイラスト,幸運を呼ぶ、四つ葉のクローバーのイラストです。,https://www.irasutoya.com/2012/03/blog-post_9410.html,四葉のクローバーのイラスト,幸運を呼ぶ、四つ葉のクローバーのイラストです。,https://www.irasutoya.com/2012/03/blog-post_9410.html,1,植物|花
601,irasutoya,https://blogger.googleusercontent.com/img/b/R29vZ2xl/AVvXsEjE8-IN8L2QMjn-5hNSz03hFeZLleaZ4gRukN8hYVbVdb6Mqc43Js0CT4QO8JrP9X0w-rBHGme_GWz_CgM56RFkpQ84uBWMVS-bmNFszyEKqe7GLUbXLC_p2ib-Sz_h_LjdjIKjPRVXjPiu/s800/flower_hibiscus.png,562,500,2012-03-23,ハイビスカスのイラスト,南国の花、ハイビスカスです。ハワイや沖縄など、素敵なところに咲いていますよね。,https://www.irasutoya.com/2012/03/blog-post_5576.html,ハイビスカスのイラスト,南国の花、ハイビスカスです。ハワイや沖縄など、素敵なところに咲いていますよね。,https://www.irasutoya.com/2012/03/blog-post_5576.html,1,夏|花
600,irasutoya,https://blogger.googleusercontent.com/img/b/R29vZ2xl/AVvXsEhqE7vQiULREl0D3nIu_BuxWY-uYGkd2VmGBJ-uk-nAWFlzTYRqUBTkJD8Y22HcUT12PocoIJnOqFzd3njdWkSJwNEAz60FzRTcJ8dFbCnj9k36WSo5rDKQiWtlzYCo7013mwjH773z6Snk/s800/flower_kiku.png,382,574,2012-03-23,菊のイラスト「黄色い菊」,お葬式などで飾られる黄色い菊のイラストです。,https://www.irasutoya.com/2012/03/blog-post_2388.html,菊のイラスト「黄色い菊」,お葬式などで飾られる黄色い菊のイラストです。,https://www.irasutoya.com/2012/03/blog-post_2388.html,1,お葬式|花
599,irasutoya,https://blogger.googleusercontent.com/img/b/R29vZ2xl/AVvXsEgSsfr0FOLKXGEQhK_f8QR-hINkPPO8PkMZN8FeTQcaM7pYx2SiN5nGwmdAIRmsMHxQrGLf_s58PHZseyjZ2WT1iQ_ZacK0TwDqWtTAVZ95v8q4ykxnrC20uWcsnmKx-PpvXEX-vroWt4mF/s800/plant_nekojarashi.png,534,552,2012-03-23,猫じゃらしのイラスト,風になびく猫じゃらし（エノコログサ）のイラストです。,https://www.irasutoya.com/2012/03/blog-post_387.html,猫じゃらしのイラスト,風になびく猫じゃらし（エノコログサ）のイラストです。,https://www.irasutoya.com/2012/03/blog-post_387.html,1,植物|猫|花
598,irasutoya,https://blogger.googleusercontent.com/img/b/R29vZ2xl/AVvXsEgP7RoG3FApSpxv-qwG5X7Jp6zjoY_56m6ceAM8Yv2igEsLcMRnJaBzSAMsZyh6NgoV-d6gNAGKdnszPjclDnM5gn9-TDevF_iK40x51_dg0nyJEt_NSyLAhyphenhyphenKyosmcnTd1lINU9o74WXNO/s800/flower_lily.png,651,554,2012-03-23,ユリのイラスト,白い百合（ユリ）のイラストです。,https://www.irasutoya.com/2012/03/blog-post_2562.html,ユリのイラスト,白い百合（ユリ）のイラストです。,https://www.irasutoya.com/2012/03/blog-post_2562.html,1,花
597,irasutoya,https://blogger.googleusercontent.com/img/b/R29vZ2xl/AVvXsEgWs6Y9E87O-V-3rIepEtr0t09qtTh4U7WvagwdOdTkVE-n2chEf6lvApkntKGKvG53aegNsEKisRVUHsuWYjTcd-HeJr7ArgMEq9IVFwtZCA07-Fl4eSywTRvGkLRsVTfzDt3NU1nRTkz9/s800/flower_suisen.png,392,642,2012-03-23,水仙のイラスト,水仙のイラストです。ラッパのように伸びている黄色い部分が可愛いですよね。,https://www.irasutoya.com/2012/03/blog-post_6809.html,水仙のイラスト,水仙のイラストです。ラッパのように伸びている黄色い部分が可愛いですよね。,https://www.irasutoya.com/2012/03/blog-post_6809.html,1,花
596,irasutoya,https://blogger.googleusercontent.com/img/b/R29vZ2xl/AVvXsEjHTSGFD0DBkReaNdyRtp56PjQAWa1F9I5IuccXB6mX6sS-SIUOUYF2bZ-uIJK1u-f7a1aaljxDxl0qApQWlXJeAZaY3x1r5UFWD3ZceD6vpRdDcVg7myr1qdbl0UIUE3nCHEnT8zCiSg1E/s800/plant_cactus.png,602,576,2012-03-23,サボテンのイラスト,全身トゲだらけのサボテンのイラストです。花の咲いているサボテン、長く伸びているサボテン、小さなサボテンがいます。,https://www.irasutoya.com/2012/03/blog-post_1274.html,サボテンのイラスト,全身トゲだらけのサボテンのイラストです。花の咲いているサボテン、長く伸びているサボテン、小さなサボテンがいます。,https://www.irasutoya.com/2012/03/blog-post_1274.html,1,植物|花
595,irasutoya,https://blogger.googleusercontent.com/img/b/R29vZ2xl/AVvXsEiIkbsF5vHgcRBQxqZK9ybtEhgugFcMEXJTh1ZSk0hFIFAN1W7G6Cpwiwc5S27nHWiFyLT_lF8vHNYWpXX9gp2yqgoDIwoPW74Q7D4x9eQaE9S5koyIIz26cCO3uNpSpX8aO84DONnJ2vsC/s800/flower_ume.png,506,512,2012-03-23,梅のイラスト「梅の花」,梅の花のイラストです。梅の花が咲き始めると、少しずつ春を感じますね。,https://www.irasutoya.com/2012/03/blog-post_4217.html,梅のイラスト「梅の花」,梅の花のイラストです。梅の花が咲き始めると、少しずつ春を感じますね。,https://www.irasutoya.com/2012/03/blog-post_4217.html,1,冬|花
594,irasutoya,https://blogger.googleusercontent.com/img/b/R29vZ2xl/AVvXsEidgp2cVhwKi-GeGoXubVtXg8zuMmtrDCD5CyWGeeovZZn4sbSBvSoe4tTVtuAauZsPcLlwVokcAxA4KaLjPoLAysKQ9b6l48TlJSAxBGN8qO22uRFMtmKXNCdFUXiNicOtDmb_or89lwzJ/s800/flower_tulip.png,378,502,2012-03-23,チューリップのイラスト,赤（ピンク）のチューリップのイラストです。入学式を連想させる春の花ですね。,https://www.irasutoya.com/2012/03/blog-post_3796.html,チューリップのイラスト,赤（ピンク）のチューリップのイラストです。入学式を連想させる春の花ですね。,https://www.irasutoya.com/2012/03/blog-post_3796.html,1,入学式|春|花
593,irasutoya,https://blogger.googleusercontent.com/img/b/R29vZ2xl/AVvXsEiY39eN5mKoyu2L8Jr5Ujk1S4y61g6hV6wrG4a3b9G1MMoe2OsI_0nBCnsPU3Mf7Np7cEmdPoq5GgzeFZFh3w_LTmUwtD7xnx7IuLAaS9JiDsNd1bHMkzuvjtaN-ZT1pwz6TJuV2hSC2eZQ/s800/flower_tsubaki.png,550,520,2012-03-23,椿（つばき）のイラスト,冬の花、椿（つばき）のイラストです。,https://www.irasutoya.com/2012/03/blog-post_9934.html,椿（つばき）のイラスト,冬の花、椿（つばき）のイラストです。,https://www.irasutoya.com/2012/03/blog-post_9934.html,1,冬|花
592,irasutoya,https://blogger.googleusercontent.com/img/b/R29vZ2xl/AVvXsEhNnqdiAffftMW5rec6AVkYm98Bm7OqlGePfr5gx_0FC30Kh_RRLTItEBquWgBCX95GjfMRYSIOXVGKYet1JQIcW0HJEFYaGuiKcTE7WGolGEFpq1sFCVckUYxyudxIDrAJGRsrJna-AV1_/s800/flower_rose.png,376,580,2012-03-23,バラのイラスト「つぼみ一輪」,薔薇のつぼみ一輪のイラストです。,https://www.irasutoya.com/2012/03/blog-post_7543.html,バラのイラスト「つぼみ一輪」,薔薇のつぼみ一輪のイラストです。,https://www.irasutoya.com/2012/03/blog-post_7543.html,1,花
591,irasutoya,https://blogger.googleusercontent.com/img/b/R29vZ2xl/AVvXsEgcz6CLn1iHUeTSrZWlJym-AvdVkM-p9p-JakM8O2zlLG5SK2huWJkJRVqAwKmH9Y6TRVT0U6mTWOazwxAP3eYwKZhmxlelkrLyFwYudXINXsh2jcI-OFbl-zh9TUKnuo8J3wvALY1pQhVS/s1600/fruit_suika_red.png,605,605,2012-03-23,すいかのイラスト「丸々すいかとカットすいか」,まるまるのスイカ（西瓜）と、カットされたスイカのイラストです。,https://www.irasutoya.com/2012/03/blog-post_6144.html,すいかのイラスト「丸々すいかとカットすいか」,まるまるのスイカ（西瓜）と、カットされたスイカのイラストです。,https://www.irasutoya.com/2012/03/blog-post_6144.html,1,夏|野菜
612,irasutoya,https://blogger.googleusercontent.com/img/b/R29vZ2xl/AVvXsEgTFuQbaG6LRUrkYBws5aOTJefVbmKSs_mfDHOT4GzblquUo_63wi7IIpvwFeP4YTQNYL2zOWchQzp9cb8qg3zSXkhV9HNuit16MVb8MXcl3M0jDXi7IoKRr7ZMvqGte-Q65I5F9Io8nIv1/s800/sweets_icecandy.png,575,483,2012-03-22,アイスキャンディーのイラスト,カラフルなアイスキャンディのイラストです。暑い夏にはいくらでも食べられますね。,https://www.irasutoya.com/2012/03/blog-post_9675.html,アイスキャンディーのイラスト,カラフルなアイスキャンディのイラストです。暑い夏にはいくらでも食べられますね。,https://www.irasutoya.com/2012/03/blog-post_9675.html,1,スイーツ
611,irasutoya,https://blogger.googleusercontent.com/img/b/R29vZ2xl/AVvXsEgf2dDWAUtrottVEIkrjAmi4A3hYbhmBeK_kbUxfRBVFf7K6UZ4KzjSW-gBC-jNlHkpw2joU25oPd6BbadP_clMaWQUy5WSCpojZCk2Go8gr40oVABx-NAdpl9o9welNxaKdvVXcQJ2b3uD/s800/sweets_pafe.png,366,630,2012-03-22,パフェのイラスト,クリームとアイスとお菓子が入った、パフェのイラストです。,https://www.irasutoya.com/2012/03/blog-post_3267.html,パフェのイラスト,クリームとアイスとお菓子が入った、パフェのイラストです。,https://www.irasutoya.com/2012/03/blog-post_3267.html,1,スイーツ
610,irasutoya,https://blogger.googleusercontent.com/img/b/R29vZ2xl/AVvXsEjPbBO_8bypsmUtswSZX5M0964LVeZavcRUwxwkIzPSuBb8LVsq5UNse8zy1_n5lP0lnbBt0rBe6ffcd1ximw-307j1JYzU5IOkyIBHrsknUrBkxKg-A5Je23QKktSMopxULNczo4NCgUIv/s800/sweets_pancake.png,635,405,2012-03-22,ホットケーキ・パンケーキのイラスト,3段重ねの、山盛りホットケーキのイラストです。,https://www.irasutoya.com/2012/03/blog-post_6716.html,ホットケーキ・パンケーキのイラスト,3段重ねの、山盛りホットケーキのイラストです。,https://www.irasutoya.com/2012/03/blog-post_6716.html,1,スイーツ|パン
609,irasutoya,https://blogger.googleusercontent.com/img/b/R29vZ2xl/AVvXsEjqQiNkjtOs2FL5q-nxV-wtJ3rcf4griwuZ8-3nkcY0lsmWkeO1ADxYS6PHUcthLsSSn6val2hjkZ9gMa5KQjYsDB7s_zuIpfFyFCOpmk34YjRwaIi6oRnFjWgjIkTmwCVrSX7KYji6QkRM/s600/kakigoori_red.png,359,424,2012-03-22,夏のイラスト「かき氷・いちご」,かき氷のフレーバーで一番の定番、イチゴのシロップのかき氷のイラストです。,https://www.irasutoya.com/2012/03/blog-post_8827.html,夏のイラスト「かき氷・いちご」,かき氷のフレーバーで一番の定番、イチゴのシロップのかき氷のイラストです。,https://www.irasutoya.com/2012/03/blog-post_8827.html,1,お祭り|スイーツ|夏|文化祭
608,irasutoya,https://blogger.googleusercontent.com/img/b/R29vZ2xl/AVvXsEi1QGeiEGJllbNyITJcSiChg_goxf505s8G2EkuQ5s_IcSTI4TuyOAzSfGQwHu-m7qKdJsVptLha2rOXE92vnVUc0Gi0BkT4Lk01Kq2KNPpYV4GSxTngtSiE0sw2xTMOzeXbfIGZxpX2Ki1/s800/sweets_yakiimo.png,594,524,2012-03-22,焼き芋のイラスト,秋のお菓子といえば、やきいも！ふかふかで柔らかくて、甘い焼き芋のイラストです。,https://www.irasutoya.com/2012/03/blog-post_9980.html,焼き芋のイラスト,秋のお菓子といえば、やきいも！ふかふかで柔らかくて、甘い焼き芋のイラストです。,https://www.irasutoya.com/2012/03/blog-post_9980.html,1,スイーツ|秋|食べ物
607,irasutoya,https://blogger.googleusercontent.com/img/b/R29vZ2xl/AVvXsEi9UhJZC-Fdg8-KSeGfO0u8fxNeC-2TqykXFoMW2-6X6gpb1PxMjfocVWaNgdp0spy6DYQpg5eHY5MEAiwkPjN7sgkmUPMwDZfj9NrqQE4APjxrFBgrrXM4EFPguX-5OBvfG4p3hDj1cLzO/s600/kakigoori_yellow.png,359,424,2012-03-22,夏のイラスト「かき氷・レモン」,レモンのシロップがかかっているかき氷のイラストです。,https://www.irasutoya.com/2012/03/blog-post_3113.html,夏のイラスト「かき氷・レモン」,レモンのシロップがかかっているかき氷のイラストです。,https://www.irasutoya.com/2012/03/blog-post_3113.html,1,お祭り|スイーツ|夏|文化祭
606,irasutoya,https://blogger.googleusercontent.com/img/b/R29vZ2xl/AVvXsEgDWzukgVBpAGYYVkzfRerEBsbyy8PlShllC4VPN5WOQsWL4_AOc0Q0iurD3UE3O8EKziwgOPLuDlEPCAQphbR4cbRGWAK-qyvnnLLc8it3gSvCI5bIWlsIsBuQS9eZ3Qj6z6W6gIlrYhO0/s600/katorisenkou.png,539,495,2012-03-22,夏のイラスト「ブタの蚊取り線香」,ブタの形をした、蚊取り線香入れのイラストです。夏のシンボルですが、実物は持っていません。,https://www.irasutoya.com/2012/03/blog-post_2607.html,夏のイラスト「ブタの蚊取り線香」,ブタの形をした、蚊取り線香入れのイラストです。夏のシンボルですが、実物は持っていません。,https://www.irasutoya.com/2012/03/blog-post_2607.html,1,キャラクター|夏
556,irasutoya,https://blogger.googleusercontent.com/img/b/R29vZ2xl/AVvXsEi05fztt7TalWvaxv4QniyVhXy8PKzIreMu47SZuLXz8b2fGN1eNhtPrVi1AKy7Yulo4n209BOeRfmTuJTU5SKexhfZ4q0xrGu0UCdpe-wzvpxOmN-0jwVGDjwVEDqTxi-czQg37S1WIDch/s800/drink_beer.png,378,486,2012-03-22,ビールのイラスト「ジョッキビール」,飲み会のスタートで定番、ジョッキに入ったビールです！温かくなったらビアガーデンで飲みたいですね。,https://www.irasutoya.com/2012/03/blog-post_22.html,ビールのイラスト「ジョッキビール」,飲み会のスタートで定番、ジョッキに入ったビールです！温かくなったらビアガーデンで飲みたいですね。,https://www.irasutoya.com/2012/03/blog-post_22.html,1,飲み物
555,irasutoya,https://blogger.googleusercontent.com/img/b/R29vZ2xl/AVvXsEhSz-bZVeah5lHgzSG8R1u1uINbh5La2EyzYdhamHx1y5Iaat59EAc-gNUURlpxZCemB8XIyP2LyrQB8E2LP_ucdIjhhuhRPo3ORONZfNZR6Mbb2DTz2eTIMvAujYQsoESad23zaJb85CN-/s800/drink_coffee.png,690,549,2012-03-22,コーヒーのイラスト「コーヒーメーカーとコーヒーカップ」,ドリップしているコーヒーメーカーとカップに入ったコーヒーのイラストです。,https://www.irasutoya.com/2012/03/blog-post_8325.html,コーヒーのイラスト「コーヒーメーカーとコーヒーカップ」,ドリップしているコーヒーメーカーとカップに入ったコーヒーのイラストです。,https://www.irasutoya.com/2012/03/blog-post_8325.html,1,飲み物
554,irasutoya,https://blogger.googleusercontent.com/img/b/R29vZ2xl/AVvXsEhNd1XDtY0FBiegF3NpbI7T8x5nmadeFjPVmmR0ZNG1ZbBOK1KyPMmEoPT5enDMkH1rAssBXijj1s-V_NaDR6QkYmsUJeuylwy4U8taQk48M-tP84rqeaDdme_U8E-mY4XZh4HShBK3Qktg/s800/drink_coke.png,342,556,2012-03-22,コーラのイラスト,ファーストフードの定番ドリンク、コーラのイラストです。暑い夏、のどが乾くと欲しくなります。,https://www.irasutoya.com/2012/03/blog-post_8826.html,コーラのイラスト,ファーストフードの定番ドリンク、コーラのイラストです。暑い夏、のどが乾くと欲しくなります。,https://www.irasutoya.com/2012/03/blog-post_8826.html,1,夏|飲み物
553,irasutoya,https://blogger.googleusercontent.com/img/b/R29vZ2xl/AVvXsEi_Uh014NLF6s6agDkCSnKJrPZ8cwDv4uMF035h0dOpIjH9iUwu4zIxP8XKOIuj3M_AZcQNCCTlzFyNX_kuL3NpTazz9ln5_5IE47DJNGm-2uYcn_YdjooXDmWyCu0-nt0Sj5chR6SUyWUi/s800/drink_greentea.png,641,608,2012-03-22,緑茶のイラスト「きゅうすとゆのみ」,急須と、湯のみに入った緑茶のイラストです。飲めばほっこり癒されます。,https://www.irasutoya.com/2012/03/blog-post_8689.html,緑茶のイラスト「きゅうすとゆのみ」,急須と、湯のみに入った緑茶のイラストです。飲めばほっこり癒されます。,https://www.irasutoya.com/2012/03/blog-post_8689.html,1,飲み物
552,irasutoya,https://blogger.googleusercontent.com/img/b/R29vZ2xl/AVvXsEiXHAAljnU4tPFGo2RWoA6QaL0rH0EYAg931agSy5s-zkWJb9aze3sQILbkjaBloQgJk7XLSi51kzefVCN-OBfp5ycDur1nrDWALapuzBJR3AMLRuq58xvmeGlxyHONVzQwzLbJNKbUPiRN/s800/drink_melonsoda.png,342,558,2012-03-22,メロンソーダのイラスト,アイスクリームが上に乗った綺麗な緑色のメロンソーダ（フロート）のイラストです。,https://www.irasutoya.com/2012/03/blog-post_8134.html,メロンソーダのイラスト,アイスクリームが上に乗った綺麗な緑色のメロンソーダ（フロート）のイラストです。,https://www.irasutoya.com/2012/03/blog-post_8134.html,1,飲み物
551,irasutoya,https://blogger.googleusercontent.com/img/b/R29vZ2xl/AVvXsEhJnVFAE4KsHxSYtbGxJdoTKVg2PWjp5IWRH7emzBqf1_FJdMaIZJ4st0IKOAHBNJDWGcYMmJN9hYrMeFyZOxFTb6sRDfSFHNo0iBqDgTBKmXyNTLBKlDXdrr1FnJWxNYT4-whTqyZ2qlpA/s800/food_bread.png,452,390,2012-03-22,食パンのイラスト「一斤」,食パンのイラストです。厚くカットしました。ボリューム満点！,https://www.irasutoya.com/2012/03/blog-post_9583.html,食パンのイラスト「一斤」,食パンのイラストです。厚くカットしました。ボリューム満点！,https://www.irasutoya.com/2012/03/blog-post_9583.html,1,パン
550,irasutoya,https://blogger.googleusercontent.com/img/b/R29vZ2xl/AVvXsEjyV29ccisXZQ75FOq3hsYN3wRGuc1CDjwYKODkwgU0IJxMlXDNMXitJQ06E_f_GpxRzhlP05d7RS0smTxN53aPnafoFefo3bHCxHKfNBSA_6k05r1HweMUXNffY2l77E6r6rIwo-c7X1DX/s800/food_beefstew.png,640,644,2012-03-22,ビーフシチューのイラスト,ビーフシチューのイラストです。茶色いシチューに、人参、じゃがいも、ブロッコリー、牛肉が入っていて、冬に冷えた身体を温めてくれます。,https://www.irasutoya.com/2012/03/blog-post_3486.html,ビーフシチューのイラスト,ビーフシチューのイラストです。茶色いシチューに、人参、じゃがいも、ブロッコリー、牛肉が入っていて、冬に冷えた身体を温めてくれます。,https://www.irasutoya.com/2012/03/blog-post_3486.html,1,冬|食べ物
549,irasutoya,https://blogger.googleusercontent.com/img/b/R29vZ2xl/AVvXsEh1Pc6-k767DdKGGxn6EJ6B-aB0vFCw7s78OuQuA7N5wa-joZRAz5Qn7Z4HwODaz0FO-w2ohE4xmEY-xfAN34wgHlkUAE05uNEuro5XXczOxh-6w0-6XUyKRAn9U4hdhAwL2W-pANgrnwYO/s800/food_cha-han.png,626,426,2012-03-22,チャーハンのイラスト,中華料理の定番中の定番、チャーハンとレンゲのイラストです。具はシンプルにネギとお肉だけです。,https://www.irasutoya.com/2012/03/blog-post_3755.html,チャーハンのイラスト,中華料理の定番中の定番、チャーハンとレンゲのイラストです。具はシンプルにネギとお肉だけです。,https://www.irasutoya.com/2012/03/blog-post_3755.html,1,食べ物
548,irasutoya,https://blogger.googleusercontent.com/img/b/R29vZ2xl/AVvXsEjIrLb-ebzlCM5evJUYODWvYizNws6n126nwGhYSrfEhMQvoiHLcUjeOdSHxyjG0fsZu_tFc0zbLIElQYYqjWKlX7t6qbL4JgnInwtXsAoX91KhfbDwUO6EsIhWjwmW_BM_eX1VZAmgRwjm/s800/food_chukaman.png,526,550,2012-03-22,肉まん・中華まんのイラスト,せいろに入った肉まんのイラストです。中華街に行くと、美味しそうな肉まん（中華まん）が沢山売っていますよね。,https://www.irasutoya.com/2012/03/blog-post_6439.html,肉まん・中華まんのイラスト,せいろに入った肉まんのイラストです。中華街に行くと、美味しそうな肉まん（中華まん）が沢山売っていますよね。,https://www.irasutoya.com/2012/03/blog-post_6439.html,1,食べ物
547,irasutoya,https://blogger.googleusercontent.com/img/b/R29vZ2xl/AVvXsEhhEtJOVyNjPFHxMrUxYfgWXkOn_yYjqnR4FxasSntp783kwPG_tyOmyeKtkhgPHZtQ2sS84zTz9De78raoPpKmHivICxyRwtInACVLBdMS8zhuM1uxr6W5U5OhzC8DAKgfes3P-mqTlEYK/s800/food_creamstew.png,634,642,2012-03-22,クリームシチューのイラスト,冬の料理、白いクリームシチューのイラストです。温かいクリームの中に人参、じゃがいも、ブロッコリー、鶏肉が入っています。美味しいですよ～。,https://www.irasutoya.com/2012/03/blog-post_7824.html,クリームシチューのイラスト,冬の料理、白いクリームシチューのイラストです。温かいクリームの中に人参、じゃがいも、ブロッコリー、鶏肉が入っています。美味しいですよ～。,https://www.irasutoya.com/2012/03/blog-post_7824.html,1,冬|食べ物
546,irasutoya,https://blogger.googleusercontent.com/img/b/R29vZ2xl/AVvXsEjpjN92CMfQ_dLq55wvok9j_e4BFZdlUWQLJ5jaNY8onXGgu5cYY_oXy51GyZJ2uOPNevXlM8jVxWhdEUcOd1fWXoa0v5c7xuno09DaEG3dsBWkgClQNQYPBCdqyo2c1wAvbX4iQ668AN9H/s800/food_curryruce.png,564,390,2012-03-22,カレーライスのイラスト,お皿に守られたシンプルなカレーライスのイラストです。,https://www.irasutoya.com/2012/03/blog-post_3641.html,カレーライスのイラスト,お皿に守られたシンプルなカレーライスのイラストです。,https://www.irasutoya.com/2012/03/blog-post_3641.html,1,食べ物
545,irasutoya,https://blogger.googleusercontent.com/img/b/R29vZ2xl/AVvXsEjhBv5JPatuKH8aw1jXHlUjeb8LWSwzkDbHK8nM8D3LFlKGmvVi5ObsJQExI61fDpLuNqkTIsjl_pOBBWdWNG7_UUsGxV4cvHK8o8mbR81FbU2R7kN_yssn71k-rR5VPnyU0iXR7mcU_rAM/s800/food_ebifry.png,542,458,2012-03-22,エビフライのイラスト,エビフライのイラストです。さくさくの衣の中に、プリプリのえびが入っていますよ。,https://www.irasutoya.com/2012/03/blog-post_5621.html,エビフライのイラスト,エビフライのイラストです。さくさくの衣の中に、プリプリのえびが入っていますよ。,https://www.irasutoya.com/2012/03/blog-post_5621.html,1,食べ物
544,irasutoya,https://blogger.googleusercontent.com/img/b/R29vZ2xl/AVvXsEh_hxZ0Jv1IJ3BUA8Cc4_4KsL4qAdKFNkppw-XucSlu2uE0ZE5sXLrX1qMzT2VLX4Mn6SL4irID0ywTxTKSlDzrdoXbVJ_UusOO6c6d4S1Y_F0V0eBjfh_OkaD9mWJY16JR8ND2CbcTZU8v/s800/food_francepan.png,466,430,2012-03-22,フランスパンのイラスト,周りは固く中はふわふわのフランスパン（バゲット・バケット）のイラストです。,https://www.irasutoya.com/2012/03/blog-post_4938.html,フランスパンのイラスト,周りは固く中はふわふわのフランスパン（バゲット・バケット）のイラストです。,https://www.irasutoya.com/2012/03/blog-post_4938.html,1,パン
543,irasutoya,https://blogger.googleusercontent.com/img/b/R29vZ2xl/AVvXsEhZTQY6nHBE5zNXX8GxOUJOnZKSq6rib90CGxczSZK0N6mcacSC_-24KJbIIbDBdR6-hWWw3m8EhKKAj1HNrikaVeSXuoPAafwmwJchURjb5ym4aylJN6Ew4qbuJDnHvfGKB4k5p9wi5-LZ/s800/food_frenchfry.png,366,500,2012-03-22,フライドポテトのイラスト,ファーストフードの定番！フライドポテトのイラストです。フレンチフライとも言うらしいです。,https://www.irasutoya.com/2012/03/blog-post_4619.html,フライドポテトのイラスト,ファーストフードの定番！フライドポテトのイラストです。フレンチフライとも言うらしいです。,https://www.irasutoya.com/2012/03/blog-post_4619.html,1,食べ物
542,irasutoya,https://blogger.googleusercontent.com/img/b/R29vZ2xl/AVvXsEijoejb-fdCBe2gEX2vxnBIzObsaYnbtqXE4ZXGYl2wjfsQsZt1tzSYp2wymQkccRZ6ONYeS1kbmOkT-C-fNLp4ulPvAFLb-3DwQVxQHJGr4Bd0ZgGdIDSAAiMRJzMG6Kbfz0jN2WWbVSv-/s800/food_gohan.png,419,426,2012-03-22,ご飯のイラスト「山盛りの白米どんぶり」,お茶碗に山盛りになった白飯（白米・ご飯）のイラストです。,https://www.irasutoya.com/2012/03/blog-post_2547.html,ご飯のイラスト「山盛りの白米どんぶり」,お茶碗に山盛りになった白飯（白米・ご飯）のイラストです。,https://www.irasutoya.com/2012/03/blog-post_2547.html,1,農業|食べ物
541,irasutoya,https://blogger.googleusercontent.com/img/b/R29vZ2xl/AVvXsEj3I0n8JRPs9iFPgqhSEZMeEq-_3qv1EBRU73RsNr6quaM8Gdr72dD21-nhwAjvdS6FrlXlfTPjMZmH15WuBrhncllZmkXKinnHJPsTjr70g6uhdmPDSWj0kno8neZIS7gBSbpNSgbyGLta/s800/food_gyouza.png,600,542,2012-03-22,餃子のイラスト,中華料理の定番メニューの一つ餃子のイラストです。,https://www.irasutoya.com/2012/03/blog-post_1214.html,餃子のイラスト,中華料理の定番メニューの一つ餃子のイラストです。,https://www.irasutoya.com/2012/03/blog-post_1214.html,1,食べ物
540,irasutoya,https://blogger.googleusercontent.com/img/b/R29vZ2xl/AVvXsEgJ-z0eCOw0pxhiLjDeEQEMHr7VMBI_y8acXXMWSyyoOXh4cI94B-9JHpp7W-ai46KLfU7YIKUE2pDU9em05QbHTAQA8mKltRFznt2GmDEKRTnBjq5mLgToEGFDPVa3hTjpQsXGhNYo7cQQ/s800/food_hamburg.png,666,416,2012-03-22,ハンバーグのイラスト,子供に人気の肉料理、ハンバーグのイラストです。,https://www.irasutoya.com/2012/03/blog-post_8800.html,ハンバーグのイラスト,子供に人気の肉料理、ハンバーグのイラストです。,https://www.irasutoya.com/2012/03/blog-post_8800.html,1,食べ物
539,irasutoya,https://blogger.googleusercontent.com/img/b/R29vZ2xl/AVvXsEgujVNYlDUUQ7Lp8k9ahcr6gzPjDs0h_8QpLJ4MfvLv54yPzr77jxo-AsL1Da3j673fOLWmk29VUB8Z7aFn1pb0FEdoBv8HDDNj_tx3J4JPjvL7okazprqSeg9miTJdwvlKwmhv-0EPwM6r/s800/food_hamburger.png,453,477,2012-03-22,ハンバーガーのイラスト,ファーストフードの王様！ハンバーガーのイラストです。大きなハンバーグ、と大きなトマト、溶けるチーズがたまりません。,https://www.irasutoya.com/2012/03/blog-post_6579.html,ハンバーガーのイラスト,ファーストフードの王様！ハンバーガーのイラストです。大きなハンバーグ、と大きなトマト、溶けるチーズがたまりません。,https://www.irasutoya.com/2012/03/blog-post_6579.html,1,パン
538,irasutoya,https://blogger.googleusercontent.com/img/b/R29vZ2xl/AVvXsEiV_8zKBUBPosXtHl33pzJZba9WOsQUKGeGf6cYPFXigy0M2RopH1KOnc6Z1FFC4pVuE6WyS06V27Ih6JGsPO-fHCxGHPQqT31EJ9SppJ5xid7Jwyh4uxMgmS4TrhF7dCemyQJnMlrB9id8/s800/food_hotdog.png,522,422,2012-03-22,ホットドッグのイラスト,ファーストフードやIKEAなどで売っているシンプルなホットドッグのイラストです。,https://www.irasutoya.com/2012/03/blog-post_3144.html,ホットドッグのイラスト,ファーストフードやIKEAなどで売っているシンプルなホットドッグのイラストです。,https://www.irasutoya.com/2012/03/blog-post_3144.html,1,パン
537,irasutoya,https://blogger.googleusercontent.com/img/b/R29vZ2xl/AVvXsEgY49xqb6fDuVUt-OyGku1pdvmALLMU9qbkr9Ar5W_JxqQwtrDz8PwWVWFewgHDzvC9ISinG3y_YGYchX0AtQsVdKnLQabz9DW9kYZrnqXcRqSOtOL8OeLHTLb7uQpiH_PknSjtyuefDxHc/s800/food_medamayaki.png,542,418,2012-03-22,目玉焼きのイラスト,おおきな目玉焼きのイラストです。朝食にぴったりですね。,https://www.irasutoya.com/2012/03/blog-post_3261.html,目玉焼きのイラスト,おおきな目玉焼きのイラストです。朝食にぴったりですね。,https://www.irasutoya.com/2012/03/blog-post_3261.html,1,食べ物
536,irasutoya,https://blogger.googleusercontent.com/img/b/R29vZ2xl/AVvXsEi4qpJZtNv6Qbr8HjLeaoKjsqZtjeV0gCc8GT2wg7OHZTcomH87Fu7wfqLW3yISE3cod7yVg_rOStyvtGxuE3ZsHjuuurefZ6lN3wp9rHmRS0Si0emeBQz5yI4kdsEj9fS2UhaQgNnAgp0Q/s800/food_makizushi.png,552,347,2012-03-22,細巻きのイラスト「鉄火巻きとたくあん」,巻き寿司、細巻きのイラストです。鉄火巻きと、たくわん巻きです。,https://www.irasutoya.com/2012/03/blog-post_1951.html,細巻きのイラスト「鉄火巻きとたくあん」,巻き寿司、細巻きのイラストです。鉄火巻きと、たくわん巻きです。,https://www.irasutoya.com/2012/03/blog-post_1951.html,1,お寿司
535,irasutoya,https://blogger.googleusercontent.com/img/b/R29vZ2xl/AVvXsEgoudJ7EXQWeANeX0uzQ-n8MGOU5AOn8ZDZuY8F3S8Qbz0iGyyM1fFj3OstZqgt-O8mVvtP1qsa_qMI-FS58nwtLnLBUyBFIoRshdlaAvWYM1tDnEMPHlcg2VqU3YZPIkM26lICRw78v1lF/s800/food_misoshiru.png,437,419,2012-03-22,味噌汁のイラスト「豆腐とわかめ」,お味噌汁のイラストです。具はシンプルに豆腐とわかめだけです。日本人に生まれてよかった～！,https://www.irasutoya.com/2012/03/blog-post_9793.html,味噌汁のイラスト「豆腐とわかめ」,お味噌汁のイラストです。具はシンプルに豆腐とわかめだけです。日本人に生まれてよかった～！,https://www.irasutoya.com/2012/03/blog-post_9793.html,1,スープ|食べ物
534,irasutoya,https://blogger.googleusercontent.com/img/b/R29vZ2xl/AVvXsEhYZSAzLycnlChraacZKRmerz4ffetwGYXzFmj3dmlv0BbAYB7P1nNKxCiEqy6n5GIVs-2AlSwMVaTJXWesnz5fUpiSZTLEole0r-mh8ciR6slQB6tTIeA6rRAgtMKRQvGc-Ll4q3bhFhTl/s800/food_nabe.png,640,549,2012-03-22,鍋のイラスト「鍋料理」,冬といったら鍋！鉄鍋に入った鍋料理（すき焼き）のイラストです。しいたけ、ホタテ、豆腐、ネギ、たくさん食べて暖まりたいですね。冬の忘年会の定番料理です。,https://www.irasutoya.com/2012/03/blog-post_6166.html,鍋のイラスト「鍋料理」,冬といったら鍋！鉄鍋に入った鍋料理（すき焼き）のイラストです。しいたけ、ホタテ、豆腐、ネギ、たくさん食べて暖まりたいですね。冬の忘年会の定番料理です。,https://www.irasutoya.com/2012/03/blog-post_6166.html,1,冬|食べ物
533,irasutoya,https://blogger.googleusercontent.com/img/b/R29vZ2xl/AVvXsEiVtzehEmHLqWm1G9Nibf8EvrtMCorCxa1kXlzhzJL2F2wBOfykrWPTZS0ToWGMul8_sQjZFFKxIvg9S69bEs_lTVPkgUCvBX5pQ2LR-z1BSisYkNvkeBlHZzBL5tCBuzguaRLT_yv_7FkP/s800/food_natto.png,486,549,2012-03-22,納豆のイラスト,お碗に入れた納豆を箸で持ち上げてネバネバの糸が伸びているイラストです。,https://www.irasutoya.com/2012/03/blog-post_8109.html,納豆のイラスト,お碗に入れた納豆を箸で持ち上げてネバネバの糸が伸びているイラストです。,https://www.irasutoya.com/2012/03/blog-post_8109.html,1,食べ物
532,irasutoya,https://blogger.googleusercontent.com/img/b/R29vZ2xl/AVvXsEgNYb8_90UwsnC-IkWACgv4Er302m9Fp9_1iKEyXMTEmq5fpftwJTg4gmCwFO4ASkj4LoEAor7vwnD-kJzmkq8dHaI3ktvWrU9d59Blf_F37ehxPvFKddW6cKG257ClpwhAhWC0fvR2rTIa/s800/food_obentou.png,800,453,2012-03-22,お弁当のイラスト「かわいいお弁当箱」,可愛いカラフルなお弁当箱に入ったお弁当のイラストです。ピクニックや遠足やお花見に持っていきたいですね。,https://www.irasutoya.com/2012/03/blog-post_3818.html,お弁当のイラスト「かわいいお弁当箱」,可愛いカラフルなお弁当箱に入ったお弁当のイラストです。ピクニックや遠足やお花見に持っていきたいですね。,https://www.irasutoya.com/2012/03/blog-post_3818.html,1,お弁当|お花見|旅行
531,irasutoya,https://blogger.googleusercontent.com/img/b/R29vZ2xl/AVvXsEhsJN8SjhOH-8VRFxg9grgW1-f9qN_vPYtiojaogZDXjSBXzD04nFR8VJFEmgvyzk0pLQUdh_J8ZXPznmL0PYvZbrGIllurQpR1Lv2CdXoDbOrDpRGt2nBhbmPXFPelfdubteSa2TKuBKsf/s800/food_okayu.png,498,536,2012-03-22,おかゆのイラスト,梅干しが入ったおかゆのイラストです。風邪や病気の時にはやさしいおかゆが欲しくなります。,https://www.irasutoya.com/2012/03/blog-post_6667.html,おかゆのイラスト,梅干しが入ったおかゆのイラストです。風邪や病気の時にはやさしいおかゆが欲しくなります。,https://www.irasutoya.com/2012/03/blog-post_6667.html,1,医療|食べ物
530,irasutoya,https://blogger.googleusercontent.com/img/b/R29vZ2xl/AVvXsEhg5nDb_mCwhuyWtSDadS6fFWmUKskJCha5EifBMoq68cjQDZ11qrrEbRvUApAUlslPxUMNSshjnXqQpSZz1SBgwWdBTD7-i4tCsU39fQukZDMjRHmB8V5UgTak5uhbV-RwF37CIRnRt9Ex/s800/food_omurice.png,672,420,2012-03-22,オムライスのイラスト,ふわふわの玉子に、ケチャップがかかった、オムライスのイラストです。付け合せにブロッコリも。,https://www.irasutoya.com/2012/03/blog-post_7333.html,オムライスのイラスト,ふわふわの玉子に、ケチャップがかかった、オムライスのイラストです。付け合せにブロッコリも。,https://www.irasutoya.com/2012/03/blog-post_7333.html,1,食べ物
529,irasutoya,https://blogger.googleusercontent.com/img/b/R29vZ2xl/AVvXsEhARTomxbLFyIgWtnA2WHAL9G7ExCN13b3uyzL2KNA89mXTDWDOTR0O3z0gfXzckOHmvJGZbWGLfe68TpCsBsET3WGuaLWRhsRFpXPBwR1A0ciMKtkqxT2zmW2G0iHTotXtaeHbd4688mKa/s800/food_onigiri.png,672,366,2012-03-22,おにぎりのイラスト,笹の葉に乗った、おにぎり２つのイラストです。,https://www.irasutoya.com/2012/03/blog-post_8887.html,おにぎりのイラスト,笹の葉に乗った、おにぎり２つのイラストです。,https://www.irasutoya.com/2012/03/blog-post_8887.html,1,食べ物
528,irasutoya,https://blogger.googleusercontent.com/img/b/R29vZ2xl/AVvXsEiKRRO6gZk0dO3Fvmn9wYUnXOzKuiYT5xaUAPwIyYogjcQX4wL5UZY1_c0MrKQtL3S6YUVz84ld4QU5diwgqCJgA4L_Nd1ExrxuVLyGRxpEAARivlk0um-rLxPkhyphenhyphenpL1ruoiTLjDQ8YYIVq/s800/food_osuimono.png,435,421,2012-03-22,お吸い物のイラスト,三つ葉、茸、人参が入った、お吸い物のイラストです。,https://www.irasutoya.com/2012/03/blog-post_9857.html,お吸い物のイラスト,三つ葉、茸、人参が入った、お吸い物のイラストです。,https://www.irasutoya.com/2012/03/blog-post_9857.html,1,食べ物|飲み物
527,irasutoya,https://blogger.googleusercontent.com/img/b/R29vZ2xl/AVvXsEh3GhV_3UJbwvLkmIf-09hVLQavEe9I-LPb11T01TEEEaCPwJYmW4ZKGigx7Lyl1Nu7s7-w3VIa-eCGb65xEB_Ud3I2miaTw5EeIFQqFSUeiKCzvRChpAygC7FM2ZZp08WfhuM1eC-ZozQ3/s800/food_oyakodon.png,500,463,2012-03-22,親子丼のイラスト,親子丼のイラストです。ふわふわの玉子と鶏肉が乗っています。,https://www.irasutoya.com/2012/03/blog-post_4560.html,親子丼のイラスト,親子丼のイラストです。ふわふわの玉子と鶏肉が乗っています。,https://www.irasutoya.com/2012/03/blog-post_4560.html,1,食べ物
526,irasutoya,https://blogger.googleusercontent.com/img/b/R29vZ2xl/AVvXsEjBk83LSys5HDAg3Mr2IAe4Iyupj392FEaNishaLj48rplyfo9iNCig_cDmbVHEMULsRVhz-hjSFSaSKfxMvmHrXcegB6eQ-KsJD_vJ2FsWQBa8AvjW8ifsMWMZFC_3813qThSFLlFPNVln/s800/food_pizza.png,554,548,2012-03-22,ピザのイラスト「トマトとサラミのピザ」,木のプレートに乗った丸いピザのイラストです。とろとろのチーズが美味しそうです。,https://www.irasutoya.com/2012/03/blog-post_1372.html,ピザのイラスト「トマトとサラミのピザ」,木のプレートに乗った丸いピザのイラストです。とろとろのチーズが美味しそうです。,https://www.irasutoya.com/2012/03/blog-post_1372.html,1,パン|食べ物
525,irasutoya,https://blogger.googleusercontent.com/img/b/R29vZ2xl/AVvXsEjxQah9LQKHURxskPQz2igYG7tEeEq-nDd9Kw3pD8tMtFcLWA5aNhK3TVraKYiBrvN4kZ6N0TWUq03Um_2J9JAvJc_IhPQ5Xv6mjwZBzyP3DIDzpURZOT1q4Cpc9JfqummREDppQ0fFTYRq/s800/food_ramen.png,526,513,2012-03-22,ラーメンのイラスト,チャーシューと海苔と玉子が乗ったラーメンのイラストです。,https://www.irasutoya.com/2012/03/blog-post_3026.html,ラーメンのイラスト,チャーシューと海苔と玉子が乗ったラーメンのイラストです。,https://www.irasutoya.com/2012/03/blog-post_3026.html,1,食べ物
524,irasutoya,https://blogger.googleusercontent.com/img/b/R29vZ2xl/AVvXsEhakef4Jr9pF8uWJJIVmH2mcqcAZUT3H2mKvb_V9WKw-NRrb7zo_YKVyUTNwJ7YuSgaJ49iUU2Fi7vivafR_tba98lyrGUaG5yPrxdT6UeOoY4Ixj9GmKUJWT58fgKSyOq8Qa0DPYZSNY4A/s800/food_sashimi.png,783,496,2012-03-22,お刺身のイラスト「刺身盛り合わせ」,マグロ、エビ、サーモン、かんぱちのお刺身の盛り合わせのイラストです。,https://www.irasutoya.com/2012/03/blog-post_2776.html,お刺身のイラスト「刺身盛り合わせ」,マグロ、エビ、サーモン、かんぱちのお刺身の盛り合わせのイラストです。,https://www.irasutoya.com/2012/03/blog-post_2776.html,1,食べ物
523,irasutoya,https://blogger.googleusercontent.com/img/b/R29vZ2xl/AVvXsEjTTO5IybF3GTeW_-SY8jz9qZmgTXKAA389DE4RqVzKnkhSU5F8G7YCqaN9cQz39vv3F2YcBnDjcO3cCKzgk1i8HuDoM3BBzbyj-b490aDp5k04DRcxvWX8Cdhm4WPRaif-7gon0zL8BUAy/s800/food_stake.png,636,484,2012-03-22,ステーキのイラスト,ジュージューに焼いた、ステーキのイラストです。フォークとナイフもセットになっています。,https://www.irasutoya.com/2012/03/blog-post_9864.html,ステーキのイラスト,ジュージューに焼いた、ステーキのイラストです。フォークとナイフもセットになっています。,https://www.irasutoya.com/2012/03/blog-post_9864.html,1,食べ物
522,irasutoya,https://blogger.googleusercontent.com/img/b/R29vZ2xl/AVvXsEiZwCpyc9-1O5wiV82pkRooZQAGrIeUsTzns-XnCFd90bnQLUeD1_gDVhixSJZDqNggyBvSgpoi6harecrs7r3f9kKylYxuIQ5m9NwcBn4zSgARb1bQe7bSQeVhWTBFauCJDKiBXkZBupza/s800/food_sushi.png,800,454,2012-03-22,寿司のイラスト「えび まぐろ サーモン 玉子」,海老、まぐろ、サーモン、玉子の握り寿司が下駄に乗せられたイラストです。,https://www.irasutoya.com/2012/03/blog-post_9544.html,寿司のイラスト「えび まぐろ サーモン 玉子」,海老、まぐろ、サーモン、玉子の握り寿司が下駄に乗せられたイラストです。,https://www.irasutoya.com/2012/03/blog-post_9544.html,1,食べ物
521,irasutoya,https://blogger.googleusercontent.com/img/b/R29vZ2xl/AVvXsEjx0G1fQr277AhjDsA3BiRriI55q_FmzkPQBpRX6EVB57iPqI8KJm5bJkMk7m55Ge83nkDuvdUSG7UKS1Ju7pNXkIkzGXdoJIqkT86duzcyZXIM3paaQRDVD9f4g_ZU9EfvGx-kleEKkuLY/s800/food_takoyaki.png,567,450,2012-03-22,たこ焼きのイラスト,青のりと鰹節がかかった大阪の人気おやつ、タコ焼きのイラストです。,https://www.irasutoya.com/2012/03/blog-post_2655.html,たこ焼きのイラスト,青のりと鰹節がかかった大阪の人気おやつ、タコ焼きのイラストです。,https://www.irasutoya.com/2012/03/blog-post_2655.html,1,お祭り|文化祭|食べ物
520,irasutoya,https://blogger.googleusercontent.com/img/b/R29vZ2xl/AVvXsEicO2-V4wvKujO7ZCgiWTu3qBilVqiST0NMMr4HrnmRrbawb6LJTNRoqIYMJ-LjakfkGPsQC2tINzlKQjjgfREMgRrZ2Sk6Pv9MZuKqSSJq21kKqF9dkm1EQvNio0nOvRO4UtNzBbpZDONJ/s800/food_tendon.png,572,589,2012-03-22,天丼のイラスト「海老天・れんこん・しそ・いんげん」,海老、レンコン、しそ、いんげんの天ぷらが入った天丼です。,https://www.irasutoya.com/2012/03/blog-post_2379.html,天丼のイラスト「海老天・れんこん・しそ・いんげん」,海老、レンコン、しそ、いんげんの天ぷらが入った天丼です。,https://www.irasutoya.com/2012/03/blog-post_2379.html,1,食べ物
519,irasutoya,https://blogger.googleusercontent.com/img/b/R29vZ2xl/AVvXsEjG0YsE_2D9QIiM2-fs6_dZ8BOJcqJl9ev5u4AEUEfiyG1afwleCRfLUNbt1pwzpVd0TrPPhEYN5_nr-SzwcyRpbs9nF3dw4iZh7wXNIarhgUjL0f61R749GyxiFLUrjkZSf6p-pkDfFf4V/s800/food_toast.png,628,501,2012-03-22,パン・トーストのイラスト,朝食の定番、バターの乗った薄切りのパン（トースト）のイラストです。,https://www.irasutoya.com/2012/03/blog-post_8886.html,パン・トーストのイラスト,朝食の定番、バターの乗った薄切りのパン（トースト）のイラストです。,https://www.irasutoya.com/2012/03/blog-post_8886.html,1,パン
518,irasutoya,https://blogger.googleusercontent.com/img/b/R29vZ2xl/AVvXsEjr4pJuFfFx9-3dJJnO1YO_AtWXImcmnzg56JcE8ANXt9kNK2dV5kUMab-PIo7VEkUyUzOyEObNTtGZDP5P11Bk7kR08-AJVBy_HYPpyRpxTf6yg8ELt5fWYB5Q3W6z8SAHC60Rb_1pR9Ht/s800/food_tonkatsu.png,626,456,2012-03-22,とんかつのイラスト,キャベツの山盛りとトマトが一緒になったトンカツ（チキンカツ）のイラストです。,https://www.irasutoya.com/2012/03/blog-post_1657.html,とんかつのイラスト,キャベツの山盛りとトマトが一緒になったトンカツ（チキンカツ）のイラストです。,https://www.irasutoya.com/2012/03/blog-post_1657.html,1,食べ物
517,irasutoya,https://blogger.googleusercontent.com/img/b/R29vZ2xl/AVvXsEiR6s_0YiJ0brlB6Pj4Rp2qYdz0JZiCBnmQ7lAB8x0P0Pt9WOYPlDHmYzVK3l9ZcHkL1zSSdMYBQSGqTFu5JvqR2QtSw606u4ekdU30rEg9Y3Sc5ijyjBeFo-LwmNc9YN8fMeJ3wODuIjL0/s800/food_udon.png,516,554,2012-03-22,うどんのイラスト「きつねうどん」,ぶあつい油揚げが乗っかった、きつねうどんのイラストです。,https://www.irasutoya.com/2012/03/blog-post_3888.html,うどんのイラスト「きつねうどん」,ぶあつい油揚げが乗っかった、きつねうどんのイラストです。,https://www.irasutoya.com/2012/03/blog-post_3888.html,1,食べ物
516,irasutoya,https://blogger.googleusercontent.com/img/b/R29vZ2xl/AVvXsEgiRAC9bKtKHr6VIeyBNN15twK9kd-H4eJ8s2Fkh7jZ3c_KpH3E5ViXQiv5keF_LcGtdkaArPGyMjrhyJF47_uJ5Exb7BO-1qgzDGLNJL9f71CLk7HNoYtSIRLMx_L_zycxvP6NBnyuDp-i/s800/food_unadon.png,508,439,2012-03-22,うな重のイラスト,お重に入った鰻重のイラストです。,https://www.irasutoya.com/2012/03/blog-post_8153.html,うな重のイラスト,お重に入った鰻重のイラストです。,https://www.irasutoya.com/2012/03/blog-post_8153.html,1,食べ物
515,irasutoya,https://blogger.googleusercontent.com/img/b/R29vZ2xl/AVvXsEjBgyekxZM4sEbsc6nUrgq2J7L4a9wn_ejeVbtcZMrFrLJSla0gUQ4ctdt-9Uak3efWGCwjWW3Qq8S4vh8w2ksfCRs5q2hHQf9sJKm-K_CjuDlR0TorC_Q0gYN-Q6n2WG4H_M4aDahBU3wS/s800/food_yakitori.png,360,606,2012-03-22,焼き鳥のイラスト「ねぎま」,おつまみの定番、焼き鳥のイラストです。ネギと鶏肉のねぎま焼き鳥です。,https://www.irasutoya.com/2012/03/blog-post_1494.html,焼き鳥のイラスト「ねぎま」,おつまみの定番、焼き鳥のイラストです。ネギと鶏肉のねぎま焼き鳥です。,https://www.irasutoya.com/2012/03/blog-post_1494.html,1,食べ物
514,irasutoya,https://blogger.googleusercontent.com/img/b/R29vZ2xl/AVvXsEh4rqdZj2fDLu-OUvW6VHFSr3Kr9dF2u83dMgLuuMGm4kAdKaWkZtz_RTk5wfY1KkyQg6psrqMOyUwHugh7f6wTknpiir9ZvYG-xlhCnJtJuvotXApN7_gvCa_LphK8Ic4NwGVmNBQJoHek/s800/sweets_dango.png,632,502,2012-03-22,団子のイラスト「あんこ・みたらし」,和菓子の定番、お団子（みたらし団子・つぶあん団子）のイラストです。,https://www.irasutoya.com/2012/03/blog-post_6657.html,団子のイラスト「あんこ・みたらし」,和菓子の定番、お団子（みたらし団子・つぶあん団子）のイラストです。,https://www.irasutoya.com/2012/03/blog-post_6657.html,1,お花見|スイーツ
513,irasutoya,https://blogger.googleusercontent.com/img/b/R29vZ2xl/AVvXsEgLIufLMGhZntmXSNGTirbVttwnqAzCQxvIpuOfZMaGOR_ZOunlOPP1kTfxnoB0g1-97G_UgVkxR2dGCOufxsragaDveSews1MWzfao2r-kOJjHkU1rAfB-6nEWlhM5Aacsc-67kOk7rg0B/s800/sweets_donut.png,520,400,2012-03-22,ドーナツのイラスト「チョコ・ピンク」,チョコレートと、ピンクのチョコレートが乗ったドーナッツのイラストです。,https://www.irasutoya.com/2012/03/blog-post_8037.html,ドーナツのイラスト「チョコ・ピンク」,チョコレートと、ピンクのチョコレートが乗ったドーナッツのイラストです。,https://www.irasutoya.com/2012/03/blog-post_8037.html,1,スイーツ
559,irasutoya,https://blogger.googleusercontent.com/img/b/R29vZ2xl/AVvXsEh2reGple2_MFwCuYJdZe6XCCT0sG_wXLNjV4I_4GylEksaJeR1NtfcpnyrjcWza1yi7hkMyFuXOc6ejMb30m65_BkpRgUXGhNOGeLC6qrVTAVJMI05WN_Zj5NlODr9m0nota67ai-bZDTg/s600/fuurin.png,441,489,2012-03-21,夏のイラスト「風鈴」,涼し気な風に揺れる、青い風鈴のイラストです。,https://www.irasutoya.com/2012/03/blog-post_21.html,夏のイラスト「風鈴」,涼し気な風に揺れる、青い風鈴のイラストです。,https://www.irasutoya.com/2012/03/blog-post_21.html,1,夏
558,irasutoya,https://blogger.googleusercontent.com/img/b/R29vZ2xl/AVvXsEiiJ-vKIrJiCWMl_KOTGx0AQhOu8GbSsHbt0uGMRi_A819T8JZw-HP86deVeSY1xkWhO1-weKvddTC_mZMe2NnfJ5x8kbgRIjcxcx_tuoMiq_t8WEH1fw4DbJhvJmjMEtuoZTmwwv-J-9SW/s600/himawari.png,436,549,2012-03-21,夏のイラスト「向日葵」,一本どーんとのびる、黄色い向日葵のイラストです。,https://www.irasutoya.com/2012/03/blog-post_7585.html,夏のイラスト「向日葵」,一本どーんとのびる、黄色い向日葵のイラストです。,https://www.irasutoya.com/2012/03/blog-post_7585.html,1,夏|花
557,irasutoya,https://blogger.googleusercontent.com/img/b/R29vZ2xl/AVvXsEhKvGu3fbhPP_MFWh0ufTqa1CG8opUmOpxDj-mz0cb8Tu0YpeudzG7pRX4ieXt1MfYvY9eKPTl_pzg20MQPVnq7Cr0OCCDwv-3swAYWg4FmB_rgWgBtVqYsIxhP2ZJf-s6HqqDEu7QQmC_E/s600/kakigoori_blue.png,359,425,2012-03-21,夏のイラスト「かき氷・ブルーハワイ」,青いシロップのブルーハワイのかき氷のイラストです。かき氷の味付けって、全部同じで匂いだけの違いらしいですね。,https://www.irasutoya.com/2012/03/blog-post_9305.html,夏のイラスト「かき氷・ブルーハワイ」,青いシロップのブルーハワイのかき氷のイラストです。かき氷の味付けって、全部同じで匂いだけの違いらしいですね。,https://www.irasutoya.com/2012/03/blog-post_9305.html,1,お祭り|スイーツ|夏|文化祭
561,irasutoya,https://blogger.googleusercontent.com/img/b/R29vZ2xl/AVvXsEgRJC5f4aSBNjyznfPDHmADI49T9OlNgtyWCX5AfJWrDQGUo6mqz7DGzHG5b7YXuWyw3q-11b4wrc91eIm3MbSLo0m2P-g6-RMMD7sFCmi40aHpmJoxMbrUzQJxTUV54vUuy52_bBkFPsUD/s800/chichinohi_rose_white.png,564,636,2012-03-20,父の日のイラスト「白いバラ1輪」,父の日のプレゼント、一輪の白いバラのイラストです。,https://www.irasutoya.com/2012/03/1_20.html,父の日のイラスト「白いバラ1輪」,父の日のプレゼント、一輪の白いバラのイラストです。,https://www.irasutoya.com/2012/03/1_20.html,1,父の日|花
560,irasutoya,https://blogger.googleusercontent.com/img/b/R29vZ2xl/AVvXsEgTykKpWZQ-VHh1uJ7GK4m40Gj9-05Icj4yVULzgIm6fLbScNI1lOfe8cBBLQCvBo6Lc19Y66ezGGN4wzIIcLHrcMIRpKz59B6r1fN9fstqSGooDW1PoeeiZZuTd_920RWNW_rTfz6yLs6Z/s600/camp_oyako.png,600,504,2012-03-20,夏休みのイラスト「家族でキャンプ」,親子でテントを張ってキャンプを楽しんでいるイラストです。,https://www.irasutoya.com/2012/03/blog-post_20.html,夏休みのイラスト「家族でキャンプ」,親子でテントを張ってキャンプを楽しんでいるイラストです。,https://www.irasutoya.com/2012/03/blog-post_20.html,1,夏|夏休み|家族|旅行
562,irasutoya,https://blogger.googleusercontent.com/img/b/R29vZ2xl/AVvXsEjKQkMA4hHjuvnfbUvwuxiEVjzQ8MbI9ESAZJAq26R8_o1ZvVhMInsyl4RHm0dFTCJQCYzR974LNlUJkrPfdm174CPZN-M-bPthTYCcbWWXz2IyfoCx3dPqIlIXvjG7s_rhGVUbU9mFA4o7/s800/text_chichinohi.png,800,450,2012-03-19,父の日のイラスト「タイトル文字」,,https://www.irasutoya.com/2012/03/blog-post_2100.html,父の日のイラスト「タイトル文字」,,https://www.irasutoya.com/2012/03/blog-post_2100.html,1,文字|父の日
466,irasutoya,https://blogger.googleusercontent.com/img/b/R29vZ2xl/AVvXsEhJsDqAisTmi7exRpqNLjSbv48dB0LU0hvb1meYiolKF1O28gDJU-QK9uCruNwvau0XYHOo6p31GmwwS8j-EqwzACbWFeRYuv7RS-avz4fSTRk4Oopcb47DHTdAglNiygvfQGyzjKZ3HcEb/s800/chichinohi_flower_boy_white.png,800,800,2012-03-19,父の日のイラスト「お父さんにプレゼント」,父の日に、お父さんに白いバラを送る、息子のイラストです。,https://www.irasutoya.com/2012/03/blog-post_19.html,父の日のイラスト「お父さんにプレゼント」,父の日に、お父さんに白いバラを送る、息子のイラストです。,https://www.irasutoya.com/2012/03/blog-post_19.html,1,こども|家族|父の日|花
465,irasutoya,https://blogger.googleusercontent.com/img/b/R29vZ2xl/AVvXsEi7cFho4Pqv5rhYKx5B6gbcvgR1j7aj1vGWU7npv43g4RpM2HSOaKK8fGliGteyeN9TGadI3y9rif6pQWDJxGKJ6SDyFO5QgHsj0V-685-E8jNbrvrksfK6azFtoPAy0H2qZUP_SHZYbQY7/s800/chichinohi_present_oyako_white.png,800,722,2012-03-19,父の日のイラスト「お父さんにプレゼント」,父の日に、お父さんに白いバラを送る、息子のイラストです。,https://www.irasutoya.com/2012/03/blog-post_19.html,父の日のイラスト「お父さんにプレゼント」,父の日に、お父さんに白いバラを送る、息子のイラストです。,https://www.irasutoya.com/2012/03/blog-post_19.html,1,こども|家族|父の日|花
464,irasutoya,https://blogger.googleusercontent.com/img/b/R29vZ2xl/AVvXsEhPHZ-D1RqyOMNTAZz94GBFLXxAFmxNootYIkqK4WOvm9YhsDcRpEDHGC4zSKQu3x57IOKAVvWhyphenhyphenNpGndq3d90MMsspU8LxfNR1ahiME1nDV01VMxGZB47jodvq0XeJ8or_aZcGyxp5CjPN/s800/chichinohi_hanataba_white.png,800,800,2012-03-19,父の日のイラスト「白いバラの花束」,父の日のプレゼントの定番、白いバラの花束のイラストです。,https://www.irasutoya.com/2012/03/blog-post_4772.html,父の日のイラスト「白いバラの花束」,父の日のプレゼントの定番、白いバラの花束のイラストです。,https://www.irasutoya.com/2012/03/blog-post_4772.html,1,父の日|花
469,irasutoya,https://blogger.googleusercontent.com/img/b/R29vZ2xl/AVvXsEiTKt3EXHc9FFrFG67H8AiNveievMamW7Ow2fg_jg2y_5IQgg2ETVqrFNwnS0yPTZc8pYc8_QGiWS1Xzmy6mGHk7Khz2NY6EUzH_50_xqpeWlxNYosdB7FbWxt88aIgSnTsFIhidGGNb3eK/s800/chichinohi_kataguruma.png,739,800,2012-03-18,父の日のイラスト「肩車」,娘を肩車する、お父さんのイラストです。,https://www.irasutoya.com/2012/03/blog-post_18.html,父の日のイラスト「肩車」,娘を肩車する、お父さんのイラストです。,https://www.irasutoya.com/2012/03/blog-post_18.html,1,家族|父の日
468,irasutoya,https://blogger.googleusercontent.com/img/b/R29vZ2xl/AVvXsEh7oUADEJclQPFC_DfsB_PiCt9fD5jS53xSj8vV46BCvQngPU3q9vrYg19awhc4cQFfKc4tfKIfuFbDn5IJP_Hbn4KIozt3zgDeDJe7pCsbw5sMi2bIOQrSanDo38AUOfUXX4nG78fbqkNM/s800/chichinohi_necktie_rose_white.png,800,800,2012-03-18,父の日のイラスト「ネクタイと白いバラ」,赤いネクタイと、父の日のプレゼント、白いバラのイラストです。,https://www.irasutoya.com/2012/03/blog-post_171.html,父の日のイラスト「ネクタイと白いバラ」,赤いネクタイと、父の日のプレゼント、白いバラのイラストです。,https://www.irasutoya.com/2012/03/blog-post_171.html,1,父の日|花
467,irasutoya,https://blogger.googleusercontent.com/img/b/R29vZ2xl/AVvXsEhFpV5hkhxFSip8BYy9QrFMz0Pk51z1QXBzceNGZK9_Tr1taV51AObRsjglgDRUyiGMNMfqA-RN8w8A1VJmur5p_ghOyFp9M7SBuyB0fCK-6DZPftrdOXvfe3SyYnj3o4Up4UzF7YF4DVKb/s800/necktie_blue.png,646,800,2012-03-18,父の日のイラスト「ネクタイ」,青いネクタイのイラストです。,https://www.irasutoya.com/2012/03/blog-post_2469.html,父の日のイラスト「ネクタイ」,青いネクタイのイラストです。,https://www.irasutoya.com/2012/03/blog-post_2469.html,1,ファッション|父の日
471,irasutoya,https://blogger.googleusercontent.com/img/b/R29vZ2xl/AVvXsEhzweLEZPJ43eq8APqw-kgDoKUiOQGYcga0LHuR0cavXxSO3iWxHbVAS-f4eX-fok6mYdPt3oJBGHInkXiCICRsH-20FdBcAhUK5E4DuBZ0lkePHBbrQGdRT5ZmGz0c09kaV00672hRlklC/s800/chichinohi_present.png,765,765,2012-03-17,父の日のイラスト「プレゼント」,「Dear Papa」と書かれた、お父さんへのプレゼントのイラストです。,https://www.irasutoya.com/2012/03/blog-post_17.html,父の日のイラスト「プレゼント」,「Dear Papa」と書かれた、お父さんへのプレゼントのイラストです。,https://www.irasutoya.com/2012/03/blog-post_17.html,1,父の日
470,irasutoya,https://blogger.googleusercontent.com/img/b/R29vZ2xl/AVvXsEh7cUPle7qIwhyphenhyphen41uy54iD0nQ23BXYsJqvN6BBANvYM-8pc0wiZBujRhiDEIJoRA3wzKDU8vmu4h67F24xIotlsiDfJHdaPEq0hJd1IZ3tHreS9bB8z6uES0pgd2_joB6anOmMGYHYqoE5R/s800/chichinohi_father_flower_white.png,743,800,2012-03-17,父の日のイラスト「お父さんと白いバラ」,父の日に、白いバラを受け取るお父さんのイラストです。,https://www.irasutoya.com/2012/03/blog-post_3052.html,父の日のイラスト「お父さんと白いバラ」,父の日に、白いバラを受け取るお父さんのイラストです。,https://www.irasutoya.com/2012/03/blog-post_3052.html,1,父の日|花
474,irasutoya,https://blogger.googleusercontent.com/img/b/R29vZ2xl/AVvXsEgECqNxApd8Yy_wGhg-2Hez4tZOLQayrULsBOV6_guShZPLAYMPywV3LTS90S7uEb5MFr9mpY7BxYB7L9oCaY5ZnjxCGMBIrc61GvFrdqth7gvH-jDTXCjvYdvHS-4ol9AEI-aKC7w-MQUJ/s600/_ajisai.png,507,529,2012-03-16,梅雨のイラスト「紫陽花と雨」,紫色の紫陽花のイラストです。,https://www.irasutoya.com/2012/03/blog-post_16.html,梅雨のイラスト「紫陽花と雨」,紫色の紫陽花のイラストです。,https://www.irasutoya.com/2012/03/blog-post_16.html,1,天気|梅雨|花
473,irasutoya,https://blogger.googleusercontent.com/img/b/R29vZ2xl/AVvXsEjWtYMCrUC2s8FoNPKdAeWLTAL6uC6ywPvaYgTSohzlXi4tLeVd3PO-ZYscozZsKKI5BnrJlebUY41mIfCWlIkyIJOMS08-dP56o00lpHn18LmoPs4n5zKrz0SVUrMT9_92lY564f29eSg-/s800/chichinohi_bears_oyako.png,732,800,2012-03-16,父の日のイラスト「くまの親子」,お父さんと子供の熊のイラストです。,https://www.irasutoya.com/2012/03/blog-post_2943.html,父の日のイラスト「くまの親子」,お父さんと子供の熊のイラストです。,https://www.irasutoya.com/2012/03/blog-post_2943.html,1,動物キャラ|家族|父の日
472,irasutoya,https://blogger.googleusercontent.com/img/b/R29vZ2xl/AVvXsEhoYrPrqCy91_nyJECoVkTAlhyUexppRzzpKB1lY8YC6pz3Q5b6_8139BunjO17OcYyUm_CazKVj3JxI0vl_TPE-pjkY9Ha7DZglO6QXoaGqmh3TcWHl7hjO8EF9FRYVz6sAZDrOmqu_PaF/s800/chichinohi_kuma_necktie.png,707,800,2012-03-16,父の日のイラスト「くまのお父さん」,ネクタイをきゅっと締める、お父さんクマのイラストです。,https://www.irasutoya.com/2012/03/blog-post_8739.html,父の日のイラスト「くまのお父さん」,ネクタイをきゅっと締める、お父さんクマのイラストです。,https://www.irasutoya.com/2012/03/blog-post_8739.html,1,動物キャラ|父の日
477,irasutoya,https://blogger.googleusercontent.com/img/b/R29vZ2xl/AVvXsEhd4tM1yHdK6MxNXw-NeRHCbM3lQgS4986CCwomw27PNDuS6z8jFAk2GRiCr6-2_fbEVumFWJ4f9pIPCovBXtyr4YGm0cNfmP4KUlQDZP2GEYOLSz0yD3RcLt_FRUInMBVzFUKCr67HmKH9/s600/_kasa_girl.png,493,600,2012-03-15,梅雨のイラスト「傘と女の子」,黄色い傘をさした女の子のイラストです。,https://www.irasutoya.com/2012/03/blog-post_15.html,梅雨のイラスト「傘と女の子」,黄色い傘をさした女の子のイラストです。,https://www.irasutoya.com/2012/03/blog-post_15.html,1,こども|梅雨
476,irasutoya,https://blogger.googleusercontent.com/img/b/R29vZ2xl/AVvXsEij8_loX_ulJtsPBgap8-rAOcVMNqxsov2EUjtgDtdlTIZ0C-t5w-s0wf2nZD-d3Dvc76BBOR9fodl6h_grz8XFYgCUVz7VzIaoODss0tpdgLWcsOm-V-VrohnxWoSp7-eQx9vAf-Xo6ZQR/s600/_tsuyu_usagi.png,556,600,2012-03-15,梅雨のイラスト「窓際のウサギ」,雨の日に、窓から外を眺めているウサギさんのイラストです。,https://www.irasutoya.com/2012/03/blog-post_8406.html,梅雨のイラスト「窓際のウサギ」,雨の日に、窓から外を眺めているウサギさんのイラストです。,https://www.irasutoya.com/2012/03/blog-post_8406.html,1,動物キャラ|天気|梅雨
475,irasutoya,https://blogger.googleusercontent.com/img/b/R29vZ2xl/AVvXsEh75zPwnEPMKGbX4yihWQi3bo7Y_U4C1gMRIXupt8IZq2SSb8VknHPATapgLJrFJ9s-uP0JRwgvKDAy_3SdHxlfLtQ1q_t_a4q6R5qjvIxkqqhNMwyxYn9kMPytNw62UQALIwWQbRUXMvQy/s600/_kaeru.png,467,600,2012-03-15,梅雨のイラスト「蛙と葉っぱの傘」,大きな葉っぱの傘を持った、蛙のイラストです。,https://www.irasutoya.com/2012/03/blog-post_1963.html,梅雨のイラスト「蛙と葉っぱの傘」,大きな葉っぱの傘を持った、蛙のイラストです。,https://www.irasutoya.com/2012/03/blog-post_1963.html,1,キャラクター|梅雨|爬虫類両生類
480,irasutoya,https://blogger.googleusercontent.com/img/b/R29vZ2xl/AVvXsEg1SbUshSWrJGXxiO4UZIYyoc3bIxTC36gq5nXg4fXfYdV-pSu9Dm_og_xcmcaD5j4FMlfI9IJpmErHJPYrQT5IzkzBVUxcNWw7jU28O5gGJSRMiq2_lATayR0xIPNi_T03UuuLPUh4AsRX/s600/_ajisai_niji.png,567,593,2012-03-14,梅雨のイラスト「虹とあじさい」,紫陽花に向かって虹が伸びているイラストです。,https://www.irasutoya.com/2012/03/blog-post_14.html,梅雨のイラスト「虹とあじさい」,紫陽花に向かって虹が伸びているイラストです。,https://www.irasutoya.com/2012/03/blog-post_14.html,1,梅雨|花
479,irasutoya,https://blogger.googleusercontent.com/img/b/R29vZ2xl/AVvXsEimoOOqQDgyO50gMnZ5IqyehKmgnNDWO2x6ImcwR-YZA7hGBkPJwmCAjlgsfBFPXr-KB_BuCSq9SN3lNpD1rK_EJK31XvNIUl2ou4F2JzJ9aGX6Lz4CWeuHhyCmg4IOdXeDmhpkJmiTHDdt/s600/_ajisai2.png,600,407,2012-03-14,梅雨のイラスト「紫陽花」,梅雨のシンボル、水色と紫のあじさいのイラストです。,https://www.irasutoya.com/2012/03/blog-post_3409.html,梅雨のイラスト「紫陽花」,梅雨のシンボル、水色と紫のあじさいのイラストです。,https://www.irasutoya.com/2012/03/blog-post_3409.html,1,梅雨|花
478,irasutoya,https://blogger.googleusercontent.com/img/b/R29vZ2xl/AVvXsEg8KrmjcyIXIWquxxyJ71yt6y1ulclpk6MA1zL-9yr1zEQQc58arr7ZMSysCAouzUsw8yEAsvgD5VBbtd8hQdbybEfr3kqcFo5H_394-LFNKYPh4wLbXUtBj55nHOKCsXESC4xL8qZcROgO/s600/_ajisai_katatsumuri.png,464,600,2012-03-14,梅雨のイラスト「紫陽花とかたつむり」,紫陽花の上に、かたつむりが乗っているイラストです。,https://www.irasutoya.com/2012/03/blog-post_4930.html,梅雨のイラスト「紫陽花とかたつむり」,紫陽花の上に、かたつむりが乗っているイラストです。,https://www.irasutoya.com/2012/03/blog-post_4930.html,1,キャラクター|梅雨|花|虫|貝
483,irasutoya,https://blogger.googleusercontent.com/img/b/R29vZ2xl/AVvXsEjZ2CHvlE1yMj80rvLh7ooetrYMfN5zLBRt6BO-wyLYFsxHhWWQ5aCpNaet_xBMljxbGGuye8eq_EhPbd_jHt3t26XK6I5skK8x0d6daDpq8FSZrvdEVEWLxZrc9GpNuu-_eAM_XzbTV0Ag/s600/happymothersday.png,600,384,2012-03-13,母の日のイラストHAPPY MOTHER'S DAY」,「Happy Mother's Day!」と書かれた文字タイトルです。,https://www.irasutoya.com/2012/03/blog-post_13.html,母の日のイラストHAPPY MOTHER'S DAY」,「Happy Mother's Day!」と書かれた文字タイトルです。,https://www.irasutoya.com/2012/03/blog-post_13.html,1,文字|母の日
482,irasutoya,https://blogger.googleusercontent.com/img/b/R29vZ2xl/AVvXsEjzblDn5gqiG4imKfSTx4arcGTbpqzKT3SsOOSb72sZgZ5hKB6mkN01o-ZsHO4xPKsCa3DA_1nytlqdWqw2tbbdeSt1FcCvmLhf6sW2f8lv2k79vk1gOi7cJurNnKHOT21QUYPVQwtlZl0r/s600/_kasa_nagagutsu.png,600,555,2012-03-13,梅雨のイラスト「傘と長ぐつ」,黄色い傘と、黄色い長靴のイラストです。,https://www.irasutoya.com/2012/03/blog-post_5920.html,梅雨のイラスト「傘と長ぐつ」,黄色い傘と、黄色い長靴のイラストです。,https://www.irasutoya.com/2012/03/blog-post_5920.html,1,梅雨
481,irasutoya,https://blogger.googleusercontent.com/img/b/R29vZ2xl/AVvXsEhiwKe8MPAokw-B5lyL0ebQV32oNOgjIS4tbZ0pTRN-wDMmOPOG7t7QXQsCpafWhhzXB2hZ7GnC83CrV88QYdLyE4t6ccZsIiLGiR5wn91Uc07fnSy_26z6wQy6bDgJhMETxWsW08wTIgT7/s600/_tsuyu_title.png,600,373,2012-03-13,梅雨のイラスト「タイトル文字」,梅雨という文字をイラストにしました。,https://www.irasutoya.com/2012/03/blog-post_5941.html,梅雨のイラスト「タイトル文字」,梅雨という文字をイラストにしました。,https://www.irasutoya.com/2012/03/blog-post_5941.html,1,文字|梅雨
486,irasutoya,https://blogger.googleusercontent.com/img/b/R29vZ2xl/AVvXsEh_kcDJsjhdnCSM80_pL8S3q_97To9JilgeSeM3ZQ8rQO0mv0-Zr1MkXWmgNFgGrX7SORn2T3a7p4x-R1i95qsFQsCF35JuQ5IJYzH-pR3FNTcAh77_slES8ud7fkVplEv1rmrFxKewD-96/s600/hahanohi_musume.png,600,523,2012-03-12,母の日のイラスト「カーネーションをあげてる女の子」,母の日に、カーネーションを持った女の子のイラストです。,https://www.irasutoya.com/2012/03/blog-post_12.html,母の日のイラスト「カーネーションをあげてる女の子」,母の日に、カーネーションを持った女の子のイラストです。,https://www.irasutoya.com/2012/03/blog-post_12.html,1,こども|母の日
485,irasutoya,https://blogger.googleusercontent.com/img/b/R29vZ2xl/AVvXsEgHFGyUkbwQZtXAiNZW9rZYD6uN6RhKPesjaUlKJAujWWzZoXNqQWOxxJVYgvt01z_z5Rw65DHPCdtg0D3Ip9Aeih8noy5DTMUK1_Jiv18twVGvnvvOWgf9MvL8N86cQwmgruY0ksjUHdw5/s600/carnation_hanataba.png,457,600,2012-03-12,母の日のイラスト「カーネーションの花束」,花束になっているカーネーションのイラストです。,https://www.irasutoya.com/2012/03/blog-post_8700.html,母の日のイラスト「カーネーションの花束」,花束になっているカーネーションのイラストです。,https://www.irasutoya.com/2012/03/blog-post_8700.html,1,母の日|花
484,irasutoya,https://blogger.googleusercontent.com/img/b/R29vZ2xl/AVvXsEgsMNFUaFzsZe2YtXm5r7B2y13-jlWA7yXrt0HiJb_pVqmySzoe7KsQq3_in3gX9raJ-tUdjOettAWCUavUzcJ_sXtZ89tEf7uR1Zop01AueUwmIQqTDignIR92Ui0En4vrKVuAmqX62fQq/s600/carnation.png,444,600,2012-03-12,母の日のイラスト「カーネーション1輪」,母の日のプレゼントの定番、一輪のカーネーションのイラストです。,https://www.irasutoya.com/2012/03/1.html,母の日のイラスト「カーネーション1輪」,母の日のプレゼントの定番、一輪のカーネーションのイラストです。,https://www.irasutoya.com/2012/03/1.html,1,母の日|花
487,irasutoya,https://blogger.googleusercontent.com/img/b/R29vZ2xl/AVvXsEif_1YaTY2WHurP1vT7juVBj3FiCVUctFD9Iheck5TceybzUsq2Z68SMB7foadRYzAOJI0KDoZVX8T1Kcv9FJcadpPm-1ld5q8Oued4K13hYcePbwLqVAZXGxgLZAgfTfJLMe9CmqNZueBv/s600/dearmom.png,550,513,2012-03-11,母の日のイラスト「プレゼント」,Dear Motherとメッセージの入った母の日のプレゼントです。,https://www.irasutoya.com/2012/03/blog-post_11.html,母の日のイラスト「プレゼント」,Dear Motherとメッセージの入った母の日のプレゼントです。,https://www.irasutoya.com/2012/03/blog-post_11.html,1,母の日
488,irasutoya,https://blogger.googleusercontent.com/img/b/R29vZ2xl/AVvXsEhTTW9CmeL51l8DoZ3Rtq1MQRBcPHGr5M_zzYOeOlvFNYhbg7yMlKaPYJLWqTobGk9bUukowxmerNKqNOWpHc5tAVIWGXjpHjVv1TwaX9tSeWlQghfy0pUyjMz3HINf4nw6asOm4Lc6dIvX/s600/carnation4.png,512,600,2012-03-10,母の日のイラスト「カーネーション4輪」,カーネーションの花を4輪デザインしたイラストです。,https://www.irasutoya.com/2012/03/3.html,母の日のイラスト「カーネーション4輪」,カーネーションの花を4輪デザインしたイラストです。,https://www.irasutoya.com/2012/03/3.html,1,母の日|花
491,irasutoya,https://blogger.googleusercontent.com/img/b/R29vZ2xl/AVvXsEh2C4Jp1fhet6nZHQUQRhE-ChV-hENhE0tK4R2x-q6PJYWoUy3WLcP5UN2q9mCesIFJ0JADBh3niOr-g8LXa2xT8sCAzqjlUG0v7dCIOWvcDtJXViBofIeTJgV40C_KX7_xQZ2NWA0ywztq/s600/driving_blue.png,600,396,2012-03-09,ドライブのイラスト「青い車」,青い車でドライブに出かける家族のイラストです。,https://www.irasutoya.com/2012/03/blog-post_09.html,ドライブのイラスト「青い車」,青い車でドライブに出かける家族のイラストです。,https://www.irasutoya.com/2012/03/blog-post_09.html,1,ゴールデンウィーク|乗り物|家族|旅行|車
490,irasutoya,https://blogger.googleusercontent.com/img/b/R29vZ2xl/AVvXsEjrI7OLzkWV12P9nAnvLO0QtgUvtY4p0imLRBcMP2uV4c1bkKDc25RpVvVQep_yzoNSiK2mFPtlbGEfOuSiNqlZH6Um8nlCfctatU_sPI62c_WCyr1aZFAjELQXP9gOcz_hiQDR0xUdrGZP/s600/hahanohi_present.png,600,489,2012-03-09,母の日のイラスト「お母さんにプレゼント」,母の日にお母さんにカーネーションのプレゼントを渡す女の子のイラストです。,https://www.irasutoya.com/2012/03/blog-post_3535.html,母の日のイラスト「お母さんにプレゼント」,母の日にお母さんにカーネーションのプレゼントを渡す女の子のイラストです。,https://www.irasutoya.com/2012/03/blog-post_3535.html,1,こども|母の日
489,irasutoya,https://blogger.googleusercontent.com/img/b/R29vZ2xl/AVvXsEho8tJP_2TzkXf-iGadPz1uIvcdlXU1n-1ZgM_KlA-o4CmNsHDpST_pEO_Q7VpCa7qYOsU5ciaPTzwRMHaELD87UZ8FE0f5zmLZbAvYI_SURzz5d2hjShrX3izBS26YywaVcPABJjOQv2rN/s800/hahanohi_haha_bara.png,705,800,2012-03-09,母の日のイラスト「お母さんとカーネーション」,母の日にカーネーションのプレゼントを受け取るお母さんのイラストです。,https://www.irasutoya.com/2012/03/blog-post_9731.html,母の日のイラスト「お母さんとカーネーション」,母の日にカーネーションのプレゼントを受け取るお母さんのイラストです。,https://www.irasutoya.com/2012/03/blog-post_9731.html,1,母の日
495,irasutoya,https://blogger.googleusercontent.com/img/b/R29vZ2xl/AVvXsEjnHCMgzASAhSBW-sng6YiBft943JUDh0Whnae6B67-awQrhHBn_gL1rK2_Pcf1sR4Ziqfr1avPTxw1xfT885nzenU3YMQhMwtZ0MkZYPTGNZVVymuUgRXDUa-IjevqM3XH1UP8d0-jOet5/s600/gw_text.png,600,380,2012-03-08,ゴールデンウィークのイラスト「GW」２,ゴールデンウィークの頭文字、GとWをキラキラさせたイラストです。,https://www.irasutoya.com/2012/03/gw.html,ゴールデンウィークのイラスト「GW」２,ゴールデンウィークの頭文字、GとWをキラキラさせたイラストです。,https://www.irasutoya.com/2012/03/gw.html,1,ゴールデンウィーク|文字|旅行
494,irasutoya,https://blogger.googleusercontent.com/img/b/R29vZ2xl/AVvXsEilgt1PFJSNSsutPd_qKEjS7nnia-fGJjbhr8Q5fzQ-4Eje2TynBmFYK7Pk4Xm0447jVplFiRK161kYjWn6A7W-SgBaOdHXbPEsMwkq1YCvdPo-Qhw1G9Isk0l0SOLdCtL16Bhwj6Jx9yql/s800/text_goldenweek_gw.png,800,684,2012-03-08,ゴールデンウィークのイラスト「GW」,ゴールデンウィークの頭文字、GとWをキラキラさせたイラストです。,https://www.irasutoya.com/2012/03/gw.html,ゴールデンウィークのイラスト「GW」,ゴールデンウィークの頭文字、GとWをキラキラさせたイラストです。,https://www.irasutoya.com/2012/03/gw.html,1,ゴールデンウィーク|文字|旅行
493,irasutoya,https://blogger.googleusercontent.com/img/b/R29vZ2xl/AVvXsEgQROlISJuOSanh8DUFURHCn4Ub12btAlqXahdOgAbxV0vrFoxEsHbwyLfe6f9fiKlRxV4coya1TF3f5WLaSAxBxi8J6hyphenhyphenMnfzJOnYAPKQLN1Ve9cRbs02tB2T7-PUeuwSC99PkHfNPTHUJ/s600/driving_red.png,600,403,2012-03-08,ドライブのイラスト「赤い車」,賑やかに赤い車でドライブで出かける家族のイラストです。,https://www.irasutoya.com/2012/03/blog-post_08.html,ドライブのイラスト「赤い車」,賑やかに赤い車でドライブで出かける家族のイラストです。,https://www.irasutoya.com/2012/03/blog-post_08.html,1,ゴールデンウィーク|乗り物|家族|旅行|車
492,irasutoya,https://blogger.googleusercontent.com/img/b/R29vZ2xl/AVvXsEis3JZMYs69mRd5DgfzXKvW8WP4J6C_UlI9OzG1hZoDL1QqcKBQT2vmmWDI2KHZFD4PFAG9bLjfgcXhz8NAtD0xrJAZvMRFmrh3OEwNF-_ilYtyuuft9KzW4yie-pr0JLPeqm8fBeFKBVde/s600/yuenchi.png,600,438,2012-03-08,遊園地のイラスト「お城・ジェットコースター・観覧車」,遊園地（テーマパーク）のイラストです。お城の後ろには、カラフルなジェットコースターや観覧車が回っています。,https://www.irasutoya.com/2012/03/blog-post_1205.html,遊園地のイラスト「お城・ジェットコースター・観覧車」,遊園地（テーマパーク）のイラストです。お城の後ろには、カラフルなジェットコースターや観覧車が回っています。,https://www.irasutoya.com/2012/03/blog-post_1205.html,1,ゴールデンウィーク|建物|旅行
498,irasutoya,https://blogger.googleusercontent.com/img/b/R29vZ2xl/AVvXsEjh-9P-HoQa7Cu3txqbyX1jeuDC1R4tmhhLTqN9i3g7w8TQmMyJxiKjWpGU8u5u6CcRGFcGg_aqTkp9WeZgJUSV8VWbRlasklaxk8XLrh48GAOrO9RxxQypEQQd5uz6YYc1sozYH2hI-o73/s600/odekake.png,600,589,2012-03-07,旅行のイラスト「家族でピクニック」,家族でピクニックに出かけているイラストです。,https://www.irasutoya.com/2012/03/blog-post_07.html,旅行のイラスト「家族でピクニック」,家族でピクニックに出かけているイラストです。,https://www.irasutoya.com/2012/03/blog-post_07.html,1,ゴールデンウィーク|夏|家族|旅行
497,irasutoya,https://blogger.googleusercontent.com/img/b/R29vZ2xl/AVvXsEgDr17MGVVpo048tVQ3B-0U6yNjvtEGTQzQ8qvhYGN_hXueTIWbPOkF0q3NsHe2lHNMZGmdr5pSOLgzhBtJxu0OZ8QckWycrkmu4j2eUAlhhGbVw1mQ5U8h4uF-TEHnDVZd7AUh1h_qYvtW/s600/odekake2.png,600,567,2012-03-07,旅行のイラスト「家族でおでかけ」,家族でお出かけをしているイラストです。夏らしい感じにサングラスや帽子をつけています。,https://www.irasutoya.com/2012/03/blog-post_7043.html,旅行のイラスト「家族でおでかけ」,家族でお出かけをしているイラストです。夏らしい感じにサングラスや帽子をつけています。,https://www.irasutoya.com/2012/03/blog-post_7043.html,1,ゴールデンウィーク|夏|家族|旅行
496,irasutoya,https://blogger.googleusercontent.com/img/b/R29vZ2xl/AVvXsEhR_ZCfXNePEZCW9GHoRXCzCripuqSLuWWayzeDuQwXirhV3HIkkETFKgQicxRHsNA7KN8PbXkMArwISR4kfb5em-U0qEP29H_kW6Lmx1EliUKOgpmchF2OTwz0J8tvjnFQVEnefZ1nyPdm/s600/odekake_yama.png,589,600,2012-03-07,旅行のイラスト「家族で山登り」,家族で仲良く山上りに出かけているイラストです。,https://www.irasutoya.com/2012/03/blog-post_7518.html,旅行のイラスト「家族で山登り」,家族で仲良く山上りに出かけているイラストです。,https://www.irasutoya.com/2012/03/blog-post_7518.html,1,ゴールデンウィーク|夏|家族|旅行
501,irasutoya,https://blogger.googleusercontent.com/img/b/R29vZ2xl/AVvXsEg6OuqpBoxLvH_kgTBA1TMJl1fGdis_s9izLw-r-p_t96ih4D_SRMO10PYFsEcJaaVinBkQhRFNh_MLriqRtSCYX4fAbt_f0RgNvHKSJRCNsfR5mxBcDaJ1K2i9_I6SRrhH5I1X54HDncGq/s800/kodomonohi.png,800,316,2012-03-06,こどもの日のイラスト「タイトル文字」,「こどもの日」と描かれたイラスト文字です。,https://www.irasutoya.com/2012/03/blog-post_06.html,こどもの日のイラスト「タイトル文字」,「こどもの日」と描かれたイラスト文字です。,https://www.irasutoya.com/2012/03/blog-post_06.html,1,こどもの日|文字
500,irasutoya,https://blogger.googleusercontent.com/img/b/R29vZ2xl/AVvXsEjgZLbWyosN0A-OuAM8HFc2Ogm04jisDbeQhou2HAX1N8qYfIAePgCgzkceuqvxap_o4xYbO2d_SZwKwV7WKfITj3dJBln9Jh3DAt3YW2cn7g4CKny2lJw7v8l34wKLQiMh8Z3kGPG6-Vn4/s600/goldenweek.png,600,414,2012-03-06,ゴールデンウィークのイラスト「タイトル文字」,「ゴールデンウィーク」という文字です。キラキラさせてゴールデンっぽくなっています。,https://www.irasutoya.com/2012/03/blog-post_5156.html,ゴールデンウィークのイラスト「タイトル文字」,「ゴールデンウィーク」という文字です。キラキラさせてゴールデンっぽくなっています。,https://www.irasutoya.com/2012/03/blog-post_5156.html,1,ゴールデンウィーク|文字|祝日
499,irasutoya,https://blogger.googleusercontent.com/img/b/R29vZ2xl/AVvXsEjUZnZYwmGHr3G3y3kkZVcPc7LqkPQ8hxXeXuhIUmDcR4OujR_KuDWMhL9xZcpyUfVpkA0oLmiYXe4wDB5_LbFaLfTs5pZADkq_dMfcGeUcET3u-rId8JWe549FBKlWJq6KjvXlLpV_osMx/s600/odekake_umi.png,600,594,2012-03-06,旅行のイラスト「家族で海水浴」,海まで旅行に来た家族のイラストです。楽しそうにビーチを走っています。,https://www.irasutoya.com/2012/03/blog-post_6158.html,旅行のイラスト「家族で海水浴」,海まで旅行に来た家族のイラストです。楽しそうにビーチを走っています。,https://www.irasutoya.com/2012/03/blog-post_6158.html,1,ゴールデンウィーク|夏|家族|旅行
504,irasutoya,https://blogger.googleusercontent.com/img/b/R29vZ2xl/AVvXsEg4OkWCzJZ07C-Z-rXXMx2Pw2lAiIesQTE6BnKmEhJL6zR4ulLHGM3FGroSMlefuWRaikX9zw_7qlEhKwwoXWSJbv7cYVvS260u4I-rs-5CzZ5lYgghse6cQam_L286p9eL6B4QUuzR9f9q/s600/koinobori_blue.png,600,248,2012-03-05,こどもの日のイラスト「青い鯉のぼり」,かわいい青い鯉のぼりのイラストです。,https://www.irasutoya.com/2012/03/blog-post_05.html,こどもの日のイラスト「青い鯉のぼり」,かわいい青い鯉のぼりのイラストです。,https://www.irasutoya.com/2012/03/blog-post_05.html,1,こどもの日
503,irasutoya,https://blogger.googleusercontent.com/img/b/R29vZ2xl/AVvXsEjdl7kywTIOCKODN6nBDrIR6hJNfSABAbAd_FNn_WCawHTo5V9xklgf-D_wGikeQ0F6HH10sOM7-nPD2YxCnvgp7d1FbSdaNiiHMQR5y0-feQ6T4RyF8hmFyzm9sa_D6vl8A3gkJqn7-ab6/s600/koinobori_red.png,600,248,2012-03-05,こどもの日のイラスト「赤い鯉のぼり」,かわいい赤い鯉のぼりのイラストです。,https://www.irasutoya.com/2012/03/blog-post_8440.html,こどもの日のイラスト「赤い鯉のぼり」,かわいい赤い鯉のぼりのイラストです。,https://www.irasutoya.com/2012/03/blog-post_8440.html,1,こどもの日
502,irasutoya,https://blogger.googleusercontent.com/img/b/R29vZ2xl/AVvXsEjyMTSUmZp8sXiIMe6ThxPwbDxql1EipouYAgtOjHLaaWKWLyBTH9_rysZlcXIIQ4yemAOExH2yScd_Av6Jx_5DltlW7yHIplCwE6NtgqR4P2loGdDxd-DnJ-saCVThxHzkmZ6ycx1oH2nS/s600/kabuto_blue.png,533,384,2012-03-05,こどもの日のイラスト「折り紙兜・青」,青いおりがみの兜のイラストです。,https://www.irasutoya.com/2012/03/blog-post_5007.html,こどもの日のイラスト「折り紙兜・青」,青いおりがみの兜のイラストです。,https://www.irasutoya.com/2012/03/blog-post_5007.html,1,こどもの日
505,irasutoya,https://blogger.googleusercontent.com/img/b/R29vZ2xl/AVvXsEg9ioAdiNnH9Ipl6ycyyziU0MLNOqoowWq2CQHXQ5xZmeo5ibKPq1Ur1XM-G_VoJRUKdqUrRy6ni5W3YsUA9LQFNNslCo8moSr49Hp02V7wynjAx0zDfhpMcc_VglNhzveOThnmMmceZN7s/s600/koinobori.png,570,600,2012-03-04,こどもの日のイラスト「鯉のぼり」,吹流しと、青と赤の鯉のぼりのイラストです。,https://www.irasutoya.com/2012/03/blog-post_04.html,こどもの日のイラスト「鯉のぼり」,吹流しと、青と赤の鯉のぼりのイラストです。,https://www.irasutoya.com/2012/03/blog-post_04.html,1,こどもの日
506,irasutoya,https://blogger.googleusercontent.com/img/b/R29vZ2xl/AVvXsEiQhyphenhyphen3mRrjAQo0-yOpbxo0a-EKS5VxouDpkIp_13DX7NJrx8a8N33nQzQQncWF9a0IBc2lMz1WYmUelxkVQCA9Xa2eh0l2CFjMW1KUQZVYbE8nQ8xxGdud8_u0CVNJMLKUT_ZQuXiSQDTLO/s800/monogatari_kintarou_kuma.png,779,800,2012-03-03,金太郎のイラスト「クマに乗る金太郎」,まさかりを担いだ可愛い金太郎が、クマにまたがっているイラストです。,https://www.irasutoya.com/2012/03/blog-post_03.html,金太郎のイラスト「クマに乗る金太郎」,まさかりを担いだ可愛い金太郎が、クマにまたがっているイラストです。,https://www.irasutoya.com/2012/03/blog-post_03.html,1,こどもの日|動物キャラ
510,irasutoya,https://blogger.googleusercontent.com/img/b/R29vZ2xl/AVvXsEjPsvpKl-kd7Z_4ftGkOLcrwgNHiTamoB-Tj3Rl_noHxW5TfDa6jM5WSUL5eDWTqW4BJIiiXq6RTk152USh9OVqJVbISroVG7CW1PJkvBjVO1_7JBGUj6HJjKoCOaqKHhKuMMklVRrmmzi9/s600/kashiwamochi.png,387,293,2012-03-02,こどもの日のイラスト「柏餅」,こどもの日に食べる、柏餅のイラストです。,https://www.irasutoya.com/2012/03/blog-post_02.html,こどもの日のイラスト「柏餅」,こどもの日に食べる、柏餅のイラストです。,https://www.irasutoya.com/2012/03/blog-post_02.html,1,こどもの日|スイーツ
509,irasutoya,https://blogger.googleusercontent.com/img/b/R29vZ2xl/AVvXsEhlwwTQfzqK_SCw7wWHuwEOXUw-bjSp_JnqMOIsAs8ryoUG2_DBusxEd8BazCCvxujFr0BO_hyphenhyphenF4st1-FH5CF4M3O0FEkgK86iNdXnrTHhbrJxzwaZTjJmf136GuxLPTf_tQGKVglOvkos8/s600/kashiwamochi3.png,591,399,2012-03-02,こどもの日のイラスト「柏餅３つ」,柏餅が3つセットになってお皿に乗っているイラストです。,https://www.irasutoya.com/2012/03/blog-post_3923.html,こどもの日のイラスト「柏餅３つ」,柏餅が3つセットになってお皿に乗っているイラストです。,https://www.irasutoya.com/2012/03/blog-post_3923.html,1,こどもの日|スイーツ
508,irasutoya,https://blogger.googleusercontent.com/img/b/R29vZ2xl/AVvXsEhE3lHmw2e-p6Q99XjZMD0C9L7a1ygVeB3NYm0vCGoElzrAIDUEK3opsOXjjuMgqdGG_YNOOuIC2wTQJ0IRw7PFtbFXiOe4lp41GZccAAH2mXTMp_qtWx70PP-kfhJLg9lPI53O8dGGrU3E/s600/kintarou.png,600,551,2012-03-02,金太郎のイラスト「こどもの日」,まさかりを担いだ、かわいい金太郎のイラストです。,https://www.irasutoya.com/2012/03/blog-post_2663.html,金太郎のイラスト「こどもの日」,まさかりを担いだ、かわいい金太郎のイラストです。,https://www.irasutoya.com/2012/03/blog-post_2663.html,1,こどもの日|キャラクター
507,irasutoya,https://blogger.googleusercontent.com/img/b/R29vZ2xl/AVvXsEg3MDeikBu5uYD8-M_Jvp3XQyK2h9WYJKk_vV4dLHOL9csXnZd7Y6qo6DdHzD4yKiGnlPJ2zhmN4aCsgrSzUKGiRvapxZv23tUSG3e4wNLWrce8WEiRqcvTQ-xt0NBJ8qsBQotaA7CAfteD/s600/enikki.png,591,531,2012-03-02,夏休みのイラスト「絵日記」,夏休みの宿題の定番、絵日記のイラストです。今の子供に聞いたら、絵日記の宿題はなくなっているそうです。もったいないなあ。,https://www.irasutoya.com/2012/03/blog-post_5870.html,夏休みのイラスト「絵日記」,夏休みの宿題の定番、絵日記のイラストです。今の子供に聞いたら、絵日記の宿題はなくなっているそうです。もったいないなあ。,https://www.irasutoya.com/2012/03/blog-post_5870.html,1,夏|夏休み|美術
512,irasutoya,https://blogger.googleusercontent.com/img/b/R29vZ2xl/AVvXsEhSw5AFRPXtnx-7yY-GSp7niYaaaeG480AH7lhFDbiV2aA1ja71cyAUDMu_4STpUxPbYzs-UcSdHGYoHpTyDCzvKBPrGwaz95YVgQn6F3mHDHIH7we8YO-e_MdfiKuAzQoy0w__wAQcq7ba/s600/kabuto_boy.png,568,599,2012-03-01,こどもの日のイラスト「兜と男の子」,こどもの日に、男の子が兜をかぶって笑っているイラストです。,https://www.irasutoya.com/2012/03/blog-post_01.html,こどもの日のイラスト「兜と男の子」,こどもの日に、男の子が兜をかぶって笑っているイラストです。,https://www.irasutoya.com/2012/03/blog-post_01.html,1,こども|こどもの日
511,irasutoya,https://blogger.googleusercontent.com/img/b/R29vZ2xl/AVvXsEjBdCxPl7O6amDmR2gJs6UlDzhmU5xDHLh9ZpQ0kB0YN4o-WWicjqu3B8T2bFYit7afUYzFzeewVOGTfLYsFX2RFjU6j8DCAHyApfdJO931hEY1KQiWRDNtoBbrQl8AgGSwSf9vSt3w2gw_/s600/origamikabuto_boy.png,493,600,2012-03-01,こどもの日のイラスト「折り紙兜と男の子」,男の子が青い折り紙の兜をかぶっているイラストです。,https://www.irasutoya.com/2012/03/blog-post_5964.html,こどもの日のイラスト「折り紙兜と男の子」,男の子が青い折り紙の兜をかぶっているイラストです。,https://www.irasutoya.com/2012/03/blog-post_5964.html,1,こども|こどもの日
415,irasutoya,http://gum.co/HbCH,,,2012-03-01,こどもの日のイラスト「鎧兜」,こどもの日に飾る、豪華な武士の兜のイラストです。,https://www.irasutoya.com/2012/03/blog-post.html,こどもの日のイラスト「鎧兜」,こどもの日に飾る、豪華な武士の兜のイラストです。,https://www.irasutoya.com/2012/03/blog-post.html,1,こどもの日
414,irasutoya,https://blogger.googleusercontent.com/img/b/R29vZ2xl/AVvXsEgMm5DZsUfpjD9qIb4h3_hqx2bSihTPxbLlj_2JPPa3fPfEjnqm4lfGA9dKkEbKjBr3_2VsTJFAJyIeiUiBptn9zds-hvYD89ZwoZHS_mapC9sqMy5SAVHlw_ieyrwUesTqEoXReDDO77hc/s600/kabuto.png,571,459,2012-03-01,こどもの日のイラスト「鎧兜」,こどもの日に飾る、豪華な武士の兜のイラストです。,https://www.irasutoya.com/2012/03/blog-post.html,こどもの日のイラスト「鎧兜」,こどもの日に飾る、豪華な武士の兜のイラストです。,https://www.irasutoya.com/2012/03/blog-post.html,1,こどもの日
421,irasutoya,https://blogger.googleusercontent.com/img/b/R29vZ2xl/AVvXsEj8zb2ZE53YnrTF8hiAbbQdaMKTu5pnWZpXvCJ3BKXeU7aFMACprxc7E2GRftp9YnBI2HYSCdNH3qNiEf-w7mW2q3FiRpAgXH4lED-jWe7-nvlWTafQDPb-8RXqjTbkLqjgPwjdpOejyos/s800/soba_morisoba.png,800,741,2012-02-29,もり蕎麦のイラスト,夏の定番、もり蕎麦（もりそば）のイラストです。,https://www.irasutoya.com/2012/03/blog-post_4721.html,もり蕎麦のイラスト,夏の定番、もり蕎麦（もりそば）のイラストです。,https://www.irasutoya.com/2012/03/blog-post_4721.html,1,リクエスト|夏|大晦日|食べ物
420,irasutoya,https://blogger.googleusercontent.com/img/b/R29vZ2xl/AVvXsEinhJOBZnHcCIKIwm1ZGqikQvqmfMgWvOaLJpTZLZVO5nk0liXlvn4BC8x6s5CY-_HNqO-uClT-LlZEvm4dm9nkHhy6Zs1KcKAal3uLiY_esV46NpCKOAi8SLQb5uRDEBsXc8v0ivW9UJ0/s800/shinsyakaijin_title2.png,800,525,2012-02-29,新社会人・新入社員のイラスト「タイトル文字」,「新社会人」と書かれた、キラキラとしたタイトルイラストです。,https://www.irasutoya.com/2012/02/blog-post_29.html,新社会人・新入社員のイラスト「タイトル文字」,「新社会人」と書かれた、キラキラとしたタイトルイラストです。,https://www.irasutoya.com/2012/02/blog-post_29.html,1,ビジネス|会社|文字|新社会人
419,irasutoya,https://blogger.googleusercontent.com/img/b/R29vZ2xl/AVvXsEh0XhAtGD72Pq8u5yNBIT4oEKphg-ljC3Z67Wxr5IczBid-GqWbJcMoG3HCi9Fwh1I9IepDR_hzs8DpvRXpCbiZj82-Far8nHVDbT1f0w8C4EsVtk4Kdff_wj7LxyEl88uhs86yQVYGNRc/s800/shinsyakaijin_woman2.png,722,800,2012-02-29,新社会人・新入社員のイラスト「女性社員」,キラキラ光る、新卒の女性新入社員（女性会社員・OL）のイラストです。,https://www.irasutoya.com/2012/02/blog-post_9158.html,新社会人・新入社員のイラスト「女性社員」,キラキラ光る、新卒の女性新入社員（女性会社員・OL）のイラストです。,https://www.irasutoya.com/2012/02/blog-post_9158.html,1,ビジネス|会社|新社会人
418,irasutoya,https://blogger.googleusercontent.com/img/b/R29vZ2xl/AVvXsEi6mquOnc-1QbT0kZNSkzNvJ03uUjwfxNz1qrKoSNoMveWK6ZiotTzdtVInaZizlaboVYwsZ2hXEovWmAJDipS68U5uEcujsW3pvbnIeIuB8XaKTaRxnM6IW0odN9cYbPl11dTmEsF4iWU/s800/ojiisan.png,485,800,2012-02-29,老人のイラスト「かわいいおじいさん」,杖を持って立っているおじいさんのイラストです。,https://www.irasutoya.com/2012/02/blog-post_50.html,老人のイラスト「かわいいおじいさん」,杖を持って立っているおじいさんのイラストです。,https://www.irasutoya.com/2012/02/blog-post_50.html,1,老人
417,irasutoya,https://blogger.googleusercontent.com/img/b/R29vZ2xl/AVvXsEjnBgRmgtke1DMsfuUkj_qy4WYCNoM-XIBiolVa7an5SJOJo_AcrO9podSXD_QLi3LUHzzcRbfILGA6fqAi3836rF9Zf13f4qJIPdTYNWT6yP8UPk5_K3valxChaaDn2GgncX5Un19HypsC/s800/kaigo_kurumaisu_ojiisan.png,689,800,2012-02-29,介護のイラスト「車椅子のおじいさん」,車椅子を押してもらっているおじいさんのイラストです。,https://www.irasutoya.com/2012/02/blog-post_9.html,介護のイラスト「車椅子のおじいさん」,車椅子を押してもらっているおじいさんのイラストです。,https://www.irasutoya.com/2012/02/blog-post_9.html,1,介護|老人
416,irasutoya,https://blogger.googleusercontent.com/img/b/R29vZ2xl/AVvXsEhURuAOgmgJR4JZ_Zwapmx04VMMDSh4xbO7cUfspCfLN6uzKvysHgoNYEXqCDtfHXDPT-gL8exGRv6BXS2YB8CNgQbAU3xg4T5sVNcgDeph4AG11-4XYnmKpi2kVet9qOOM2YFhNzyrS0hl/s600/kabuto_red.png,522,362,2012-02-29,こどもの日のイラスト「折り紙かぶと」,折り紙の赤い兜のイラストです。,https://www.irasutoya.com/2012/02/blog-post_9029.html,こどもの日のイラスト「折り紙かぶと」,折り紙の赤い兜のイラストです。,https://www.irasutoya.com/2012/02/blog-post_9029.html,1,こどもの日
425,irasutoya,https://blogger.googleusercontent.com/img/b/R29vZ2xl/AVvXsEiRqG1VfpvNZs8ozYN9D8eQRhqWah8Kg5uKxR-a7k241uqxlJqpCP8CMsyxyZjesXDnxnWXHPtqgmbNf4MM4WBYpHUewLLToE7ALD4o_IiD5VqK4uSfjKD35NiimUJaI1OG0puaJzQJWtg/s800/shinsyakaijin_run2.png,800,623,2012-02-28,新社会人・新入社員のイラスト「走るサラリーマン」,笑顔で会社へ向かう、新卒の男性会社員（サラリーマン）と女性会社員（OL）のイラストです。,https://www.irasutoya.com/2012/02/blog-post_28.html,新社会人・新入社員のイラスト「走るサラリーマン」,笑顔で会社へ向かう、新卒の男性会社員（サラリーマン）と女性会社員（OL）のイラストです。,https://www.irasutoya.com/2012/02/blog-post_28.html,1,ビジネス|会社|新社会人
424,irasutoya,https://blogger.googleusercontent.com/img/b/R29vZ2xl/AVvXsEgoSLztIgkQFMNzKPl3D_mrBzEVzhSIq3shTs2JcXG6ueF0YOy78wvgoVmr21xq2JEUWGiBifz3slptisnEU3rmjriaxR7OpQ6nlHp3Q3mL1SPGgQOX-o9ZPXmy4EbpWyIZGDuKmcM-jfA/s800/shinsyakaijin_run_man2.png,745,800,2012-02-28,新社会人・新入社員のイラスト「走る男性社員」,笑顔で会社に向かって走る、ピカピカの新卒の男性会社員（サラリーマン・新社会人）のイラストです。,https://www.irasutoya.com/2012/02/blog-post_1278.html,新社会人・新入社員のイラスト「走る男性社員」,笑顔で会社に向かって走る、ピカピカの新卒の男性会社員（サラリーマン・新社会人）のイラストです。,https://www.irasutoya.com/2012/02/blog-post_1278.html,1,ビジネス|会社|新社会人
423,irasutoya,https://blogger.googleusercontent.com/img/b/R29vZ2xl/AVvXsEhdygjNH1ik6zOX9Kmt2siI1y6xEwvGMyQvbyySz3FUDmg-QgIX-rT6W35EimEbeTjyzIdJ23-6zgef1lSM0baX5wQ6bf2AtFM1l19s2MmNBU9fmi5s6J6kujEUjRsuPliN4_U5VGVga7s/s800/ojiisan_face.png,670,666,2012-02-28,おじいさんのイラスト「笑顔」,笑っているおじいさんのイラストです。こんな世の中でも偏屈にならずに、笑顔の似あうおじいさんって素敵です。,https://www.irasutoya.com/2012/02/blog-post_4670.html,おじいさんのイラスト「笑顔」,笑っているおじいさんのイラストです。こんな世の中でも偏屈にならずに、笑顔の似あうおじいさんって素敵です。,https://www.irasutoya.com/2012/02/blog-post_4670.html,1,老人
422,irasutoya,https://blogger.googleusercontent.com/img/b/R29vZ2xl/AVvXsEgTW2wMTdRxyLwD5EaYlAMTn1_CGzWmzyG3Jfm7fOYK4Soq7Nz7JZKSI1YtzEfHYGXA2K0TDP2G7Jy2-pMXJQh-QVM4mDxZmwjidDbnzNRZiSthFkEzYpS3oApgYvPy9zryks0PocrhjiE/s800/shinsyakaijin_run_woman2.png,687,800,2012-02-28,新社会人・新入社員のイラスト「走る女性社員」,笑顔で走る新卒の女性会社員（OL・新社会人）のイラストです。,https://www.irasutoya.com/2012/02/blog-post_637.html,新社会人・新入社員のイラスト「走る女性社員」,笑顔で走る新卒の女性会社員（OL・新社会人）のイラストです。,https://www.irasutoya.com/2012/02/blog-post_637.html,1,ビジネス|会社|新社会人
430,irasutoya,https://blogger.googleusercontent.com/img/b/R29vZ2xl/AVvXsEg0egXMI67sO0vziUc8m8VvVfQf2moo_oVUZj6dPwkFaxXz-g2i43ZV2eNXf9ghB5Tm39BuLAEMYLgQsZSjCBC2bLzDzvF_67tDAbe0suqgAaDwsAP8BFQLOGCFopWk-u3Jx7ARizsKczE/s800/ojiisan_obaasan_face.png,800,464,2012-02-27,おじいさんとおばあさんのイラスト「笑顔の２人」,おじいさんとおばあさんが笑顔で笑っているバストアップのイラストです。,https://www.irasutoya.com/2012/02/blog-post_27.html,おじいさんとおばあさんのイラスト「笑顔の２人」,おじいさんとおばあさんが笑顔で笑っているバストアップのイラストです。,https://www.irasutoya.com/2012/02/blog-post_27.html,1,老人
429,irasutoya,https://blogger.googleusercontent.com/img/b/R29vZ2xl/AVvXsEijec1Xz5ak1vVwZnoUVkT4dWuFf6A5vPCVFOGPPpxKqlQP-JZoPxL7gXP5rmflDkGwRtRAJeB7GQY15SuDzwKZIbc1U5zhUZH8fktVXjIzNriY2aeYDKJey_ve2NYHdTk9DpLCice-dbo/s800/shinsyakaijin_building.png,740,800,2012-02-27,サラリーマンのイラスト「会社へGO」,元気いっぱいに会社へ向かう、会社員（サラリーマン）のイラストです。,https://www.irasutoya.com/2012/02/go.html,サラリーマンのイラスト「会社へGO」,元気いっぱいに会社へ向かう、会社員（サラリーマン）のイラストです。,https://www.irasutoya.com/2012/02/go.html,1,ビジネス|会社|新社会人
428,irasutoya,https://blogger.googleusercontent.com/img/b/R29vZ2xl/AVvXsEiBmRcWgVvyYm8ksOFBkiUx52618OPpJSYryoTkJolqHGQo7x2LPzFOlK-FQZ84bvuUMc8CWk44zHhsEaMpk1QmnYhEkjOUd-8S299dYm0f5_-JUSyxImFneJP0jGG52-o5OlnCB_BVh4o/s800/shinsyakaijin_man2.png,722,800,2012-02-27,新社会人・新入社員のイラスト「男性社員」,社会人一年目、ピカピカの新卒の男性会社員（サラリーマン）のイラストです。,https://www.irasutoya.com/2012/02/blog-post_47.html,新社会人・新入社員のイラスト「男性社員」,社会人一年目、ピカピカの新卒の男性会社員（サラリーマン）のイラストです。,https://www.irasutoya.com/2012/02/blog-post_47.html,1,ビジネス|会社|新社会人
427,irasutoya,https://blogger.googleusercontent.com/img/b/R29vZ2xl/AVvXsEi6ncZ7OA6xctLeD07tvICwJqNEf9FvFulhoME5QllSra4cWal8YV3qS2gGhNO3RcIVvKlHMPZbIzMTIspxfYvmu9GbhflPaLqMCDfOuV4ZMcb5oly9AF0yDPiEQ65_PQitQmtX7FYytJU/s800/obaasan_bed.png,800,779,2012-02-27,介護のイラスト「ベッドに寝るおばあさん」,介護士さんにベッドから起こして（寝かせて）もらっている、おばあさんのイラストです。,https://www.irasutoya.com/2012/02/blog-post_9890.html,介護のイラスト「ベッドに寝るおばあさん」,介護士さんにベッドから起こして（寝かせて）もらっている、おばあさんのイラストです。,https://www.irasutoya.com/2012/02/blog-post_9890.html,1,介護|老人
426,irasutoya,https://blogger.googleusercontent.com/img/b/R29vZ2xl/AVvXsEhp2Ub54EmwrFqSIWa-H3dOVor5KXr3AsCogXT4DXM5RPVW18NCx34Xp-r_-6uP4BJzqaAfUzIhrYNwISvgQXMZeSS7SVMHrZ2CEQoz4gq1mAXjAvRsqGeZIKV-olMgsbdd9tDimCorQSw/s800/shinsyakaijin_couple2.png,800,768,2012-02-27,新社会人・新入社員のイラスト「男性社員と女性社員」,新しい目標に燃える社会人一年目、ピカピカの新卒の男性会社員（サラリーマン）と女性会社員（OL）のイラストです。,https://www.irasutoya.com/2012/02/blog-post_9946.html,新社会人・新入社員のイラスト「男性社員と女性社員」,新しい目標に燃える社会人一年目、ピカピカの新卒の男性会社員（サラリーマン）と女性会社員（OL）のイラストです。,https://www.irasutoya.com/2012/02/blog-post_9946.html,1,ビジネス|会社|新社会人
433,irasutoya,https://blogger.googleusercontent.com/img/b/R29vZ2xl/AVvXsEgLS7gJ6AxDyRFQ39JrGbM-U8kpwWytlwbMu6q6oKM_7t5idCXOSf0Q_jhUViGJKknEko4eIZDf-J6DVz1AAV8CvkHL6i7hS6MCBLfLabSdiRaIaTdZFZdnaY8puP9wcER75JU2x7Jo4Iw/s800/shingakki_kousya.png,783,621,2012-02-26,新学期のイラスト「桜吹雪の校門」,校門の前で桜吹雪が吹いているイラストです。,https://www.irasutoya.com/2012/02/blog-post_26.html,新学期のイラスト「桜吹雪の校門」,校門の前で桜吹雪が吹いているイラストです。,https://www.irasutoya.com/2012/02/blog-post_26.html,1,入学式|新学期|春
432,irasutoya,https://blogger.googleusercontent.com/img/b/R29vZ2xl/AVvXsEijMNyvnJD12O6i5KTvp8_HcgJH_YHTnmfMTl3iefbBIGIHyXhE2bcJaBagdKcMl1skXnjp9rAs9jnO-hYmDnuEkkofEK5DNdHFtqO8STEtYO1FwCmorIkM601YbYzZQAMnbidqNQIX0tQ/s800/shingakki_sekigae.png,733,631,2012-02-26,新学期のイラスト「席替え」,席替えをして、新しく隣に来た生徒と仲良く話をしているイラストです。あのドキドキが懐かしいです。,https://www.irasutoya.com/2012/02/blog-post_8994.html,新学期のイラスト「席替え」,席替えをして、新しく隣に来た生徒と仲良く話をしているイラストです。あのドキドキが懐かしいです。,https://www.irasutoya.com/2012/02/blog-post_8994.html,1,新学期
431,irasutoya,https://blogger.googleusercontent.com/img/b/R29vZ2xl/AVvXsEhA6MOLjgmGYYr9GiDcQ06u69tbIVQZ72GVqE_n1JixuMLpd93zfAu43t5AeO2eeCYDd71zfiy-vKVd5Qt5PjwQJ8YeseXPlHaJjZ9o07VuqRx5hKRC-oPFpiD7QeA54fKbQkLMa92V5D4/s800/shingakki_title.png,758,516,2012-02-26,新学期のイラスト「タイトル文字」,「新学期」と書かれたタイトルイラストです。,https://www.irasutoya.com/2012/02/blog-post_2969.html,新学期のイラスト「タイトル文字」,「新学期」と書かれたタイトルイラストです。,https://www.irasutoya.com/2012/02/blog-post_2969.html,1,文字|新学期
439,irasutoya,https://blogger.googleusercontent.com/img/b/R29vZ2xl/AVvXsEgmQGs76uJ0dUs0UBTPtd4wHOoO__EzY-KkNfVkr4AWnUmaWeE1a2kX2kjfhTqCj5T0OQtGyMQNM-QcHzqtnBOkbmucC2AXAFj6Em73Daig9KHmPYAvF-EQApZBRn7wHkPopC6hBcRSEcw/s800/nyugaku_syougakusei.png,800,711,2012-02-25,入学式のイラスト「小学生」,ランドセルを背負った、ピカピカの一年生のイラストです。,https://www.irasutoya.com/2012/02/blog-post_25.html,入学式のイラスト「小学生」,ランドセルを背負った、ピカピカの一年生のイラストです。,https://www.irasutoya.com/2012/02/blog-post_25.html,1,入学式|春
438,irasutoya,https://blogger.googleusercontent.com/img/b/R29vZ2xl/AVvXsEhWCYPq3zjxK0EnNk5otz8BW1CDg9tS8JPzikPQSU1w_wVceGyzXJKHKLjld-3ze79ZFNRaurXhj0m_fYoHYzrFVyiVTpT-dviYItUWmWFNvk-E7N7qsDKFuS4eYGWh9UV1uR0mghJoBvA/s800/nyugakushiki_hiragana.png,800,441,2012-02-25,にゅうがくしきのイラスト「タイトル文字」ひらがな,「入学式」と、ひらがなで「にゅうがくしき」と書かれたタイトルイラストです。,https://www.irasutoya.com/2012/02/blog-post_888.html,にゅうがくしきのイラスト「タイトル文字」ひらがな,「入学式」と、ひらがなで「にゅうがくしき」と書かれたタイトルイラストです。,https://www.irasutoya.com/2012/02/blog-post_888.html,1,入学式|文字|春
437,irasutoya,https://blogger.googleusercontent.com/img/b/R29vZ2xl/AVvXsEhAyBNFk56flBlHOYva-fw0KFUDe3bpPP7O89DvOb5YGg5i0VJ_zxb8kcCe_VrfPN3Qt5qWlUki9xdwjogD6kqR7hseMWQDJcoGe1Dsy8j4RGInwYnTFRU-gqdlpBLolYQKuhKByeG8u15O/s800/text_nyugakushiki.png,800,482,2012-02-25,入学式のイラスト「タイトル文字」,「入学式」と、ひらがなで「にゅうがくしき」と書かれたタイトルイラストです。,https://www.irasutoya.com/2012/02/blog-post_888.html,入学式のイラスト「タイトル文字」,「入学式」と、ひらがなで「にゅうがくしき」と書かれたタイトルイラストです。,https://www.irasutoya.com/2012/02/blog-post_888.html,1,入学式|文字|春
436,irasutoya,https://blogger.googleusercontent.com/img/b/R29vZ2xl/AVvXsEj7Ti46Wdzfg9kbPIGDuBc7FuOenhzKEKLaqtFatzV7yvoslwSlpQzz5P6r5QMRAJ37udkot7L6sO9aSbjdxPPl1fry6FyouvtZyPiEBM_dcmNtWJqASCOVp6SVwv9_eynVdX0zX8yFRV0/s800/ojiisan_cat.png,612,706,2012-02-25,おじいさんのイラスト「老人と猫」,あぐらをかいて猫を抱いているおじいさんのイラストです。,https://www.irasutoya.com/2012/02/blog-post_9332.html,おじいさんのイラスト「老人と猫」,あぐらをかいて猫を抱いているおじいさんのイラストです。,https://www.irasutoya.com/2012/02/blog-post_9332.html,1,動物|老人
435,irasutoya,https://blogger.googleusercontent.com/img/b/R29vZ2xl/AVvXsEh_clYUT4o1ZyuyFv5wzNzlsryaNwVEZ3UgfWoVKneINhSMu-GGyhH2rx4fqdpUDBVu5D2Gff8OzyAScaftTSDESxPOcPiToege2Jg_UuohyN9Km5Q8gSk5f8Vh89E1MIK2JS03ziIIwsg/s800/ojiisan_obaasan.png,784,800,2012-02-25,おじいさんとおばあさんのイラスト,夫婦揃って笑顔で笑って立っている、おじいさんとおばあさんのイラストです。いくつになっても仲のよい夫婦って憧れます。,https://www.irasutoya.com/2012/02/blog-post_8341.html,おじいさんとおばあさんのイラスト,夫婦揃って笑顔で笑って立っている、おじいさんとおばあさんのイラストです。いくつになっても仲のよい夫婦って憧れます。,https://www.irasutoya.com/2012/02/blog-post_8341.html,1,老人
434,irasutoya,https://blogger.googleusercontent.com/img/b/R29vZ2xl/AVvXsEgfxVVa7tN5AB7qXPFrevVO1h4DMWDlL4cCT_y-vfwa2zqub7ZfkVs1Tz5h0FeoklQT_hclfXXLyVCON16t4k-G_4BfOKxDwgKqL7zDYdL6QXntncxVJiagQgfz4FqeMlC1F1BGz_HVY5Y/s800/shingakki_classgae.png,796,660,2012-02-25,新学期のイラスト「クラス替え」,クラス替えが発表されて、結果を楽しそうに見ている学生たちのイラストです。,https://www.irasutoya.com/2012/02/blog-post_4034.html,新学期のイラスト「クラス替え」,クラス替えが発表されて、結果を楽しそうに見ている学生たちのイラストです。,https://www.irasutoya.com/2012/02/blog-post_4034.html,1,新学期
444,irasutoya,https://blogger.googleusercontent.com/img/b/R29vZ2xl/AVvXsEhLt19L7OZSXWp_C3VzWpVzY7cSP4w8YeU_K5rsHATy_49HxQX73PekbTRZPdbi06nlQsBPfTdSaO2UJDpJyvdNt_c58rJTU39uHwVoTA-Bjf2gZlJxLeR0IqedCicVtLtUbh63cvHwkxE/s800/randoseru_pink.png,439,411,2012-02-24,ランドセルのイラスト「ピンク」,女の子のランドセル（ピンク色）です。最近の女の子はこんな可愛いランドセルがあっていいですね。,https://www.irasutoya.com/2012/02/blog-post_24.html,ランドセルのイラスト「ピンク」,女の子のランドセル（ピンク色）です。最近の女の子はこんな可愛いランドセルがあっていいですね。,https://www.irasutoya.com/2012/02/blog-post_24.html,1,入学式|春
443,irasutoya,https://blogger.googleusercontent.com/img/b/R29vZ2xl/AVvXsEjr0vyBecegNa5O4OXgyfcQhP73IV-Xrt_Za-5U1YzOKrEpl6Jo2QE8hb8Y1HPK45DX7gaWTyGefQaDczIWxMWtfX0py_9_6kHRFrYzNI-k3W5YFfiCoK5gaCeOa_1rIQSFfYXQhgrO2hE/s800/randoseru_red.png,438,411,2012-02-24,ランドセルのイラスト「赤」,定番中の赤いランドセルです。,https://www.irasutoya.com/2012/02/blog-post_3373.html,ランドセルのイラスト「赤」,定番中の赤いランドセルです。,https://www.irasutoya.com/2012/02/blog-post_3373.html,1,入学式|春
442,irasutoya,https://blogger.googleusercontent.com/img/b/R29vZ2xl/AVvXsEikHhZbQ7YRNlWt6M5AXXwNirXmbvNTjdg9DakpMh9ItBdH0W4wBP5jCeXdfgE7IDGy8NaFsj9SlPAOmMl_70Ava4BBm8WtNcCyPZv5YI6Bz2YlO8Oz79_E7MCBpjOQAybQ1LiJe0J0uuse/s800/kaigo_kurumaisu_obaasan.png,689,800,2012-02-24,介護のイラスト「車椅子のおばあさん」,車椅子に乗って介護士さんに押されているおばあさんのイラストです。,https://www.irasutoya.com/2012/02/blog-post_9762.html,介護のイラスト「車椅子のおばあさん」,車椅子に乗って介護士さんに押されているおばあさんのイラストです。,https://www.irasutoya.com/2012/02/blog-post_9762.html,1,介護|老人
441,irasutoya,https://blogger.googleusercontent.com/img/b/R29vZ2xl/AVvXsEhRmu0zubnTqhUAtIFOaCxPIU0Dtfg3TGbHZDdPkuljIAfOR5pjciMNOWc11aTAGpoRc9s3Vh8ScdRaICAIOIIu_kmuwwEb02EzGj3_AWjRMNBvyiGuW-QBitlwOUXA2cPwjT-5g2vvitE/s800/ojiisan_bed.png,800,779,2012-02-24,介護のイラスト「ベッドに寝るおじいさん」,ベッドに寝ているおじいさんを介護しているイラストです。介護って大変なお仕事だと思いますが、とても大切な仕事ですよね。,https://www.irasutoya.com/2012/02/blog-post_7530.html,介護のイラスト「ベッドに寝るおじいさん」,ベッドに寝ているおじいさんを介護しているイラストです。介護って大変なお仕事だと思いますが、とても大切な仕事ですよね。,https://www.irasutoya.com/2012/02/blog-post_7530.html,1,介護|老人
440,irasutoya,https://blogger.googleusercontent.com/img/b/R29vZ2xl/AVvXsEhvU9vAF5ICR8cI_2u6-0u0lm0pvtZvQiRLhifxWkNpSvP5enfxdtbm4JGpXbqJ_dvSurla2WaKsQ_YD7TaEYuCg7K9-NtsXsj3L6C4d8MkH4qDHHMmUXO1lTAyDe9jEOPD_TNUvACroHg/s800/nyugaku_girl.png,605,608,2012-02-24,入学式のイラスト「女の子と家族」,桜の花が舞い降りる中、校門の前に立っている女の子と家族のイラストです。,https://www.irasutoya.com/2012/02/blog-post_9567.html,入学式のイラスト「女の子と家族」,桜の花が舞い降りる中、校門の前に立っている女の子と家族のイラストです。,https://www.irasutoya.com/2012/02/blog-post_9567.html,1,入学式|家族|春
448,irasutoya,https://blogger.googleusercontent.com/img/b/R29vZ2xl/AVvXsEjKjrpfVrqhJirwiFUHfgd_tJzc7srzs90agc_S21VRXliSYkd79Y-nnHGolEPCjBfG9NjWzcn5Uv8FrEZXXbukRtrmZTlwFmaBG3wf1Mijc3BEI3-FbfG4hMmyEOVeCzBc4iBA6gzT3-A/s800/randoseru_black.png,438,411,2012-02-23,ランドセルのイラスト「黒」,定番中の定番、黒いランドセルのイラストです。,https://www.irasutoya.com/2012/02/blog-post_23.html,ランドセルのイラスト「黒」,定番中の定番、黒いランドセルのイラストです。,https://www.irasutoya.com/2012/02/blog-post_23.html,1,入学式|春
447,irasutoya,https://blogger.googleusercontent.com/img/b/R29vZ2xl/AVvXsEjVUCegm-JzRLv1jziQsrqhag8xeq1S-JIypts89nXHXOYGeqQz0gzmK7MMhb9xBskR_RpfZvrYP8xctMYSLWj25T1xDwgt60nXxQZTz1YwBSMJvmvRUurcnGFtBSMHIf7qJnv90-2RC8o/s800/randoseru_blak_red.png,636,558,2012-02-23,ランドセルのイラスト「赤と黒」,女の子のランドセル（赤）と男の子のランドセル（黒）のセットのイラストです。,https://www.irasutoya.com/2012/02/blog-post_2116.html,ランドセルのイラスト「赤と黒」,女の子のランドセル（赤）と男の子のランドセル（黒）のセットのイラストです。,https://www.irasutoya.com/2012/02/blog-post_2116.html,1,入学式|春
446,irasutoya,https://blogger.googleusercontent.com/img/b/R29vZ2xl/AVvXsEizq8z9NXOVhHLZvbyZDdhS89-6sLmnDgfktg6sb7fMJ-D6lYp1_YcsYIwonDgZDdBFeYvceh31c7pejqfwVWNQpgl007ZSqdVVOvbeJAqeLnXDVucqVHlyjdoTbq1gNkYbmbvxrEdMR5c/s800/obaasan.png,507,800,2012-02-23,老人のイラスト「かわいいおばあさん」,立っているおばあさんのイラストです。あまり腰が曲がりすぎているのもあれなので、すこし姿勢よく描いています。,https://www.irasutoya.com/2012/02/blog-post_4255.html,老人のイラスト「かわいいおばあさん」,立っているおばあさんのイラストです。あまり腰が曲がりすぎているのもあれなので、すこし姿勢よく描いています。,https://www.irasutoya.com/2012/02/blog-post_4255.html,1,老人
445,irasutoya,https://blogger.googleusercontent.com/img/b/R29vZ2xl/AVvXsEh3rk6PFFwOsqOztGC_iz8nn7yJpLubOgpCRtOa3bvCrxYlItrmURrLnJhEmC3pK3KWumjFHE-5yJXQW6Zororm-tFaqFVWxCJwANGYjhvqhycJvACYTkQ14TsOZThv1xofUpd0H6NHEC8/s800/randoseru_mizuiro.png,438,411,2012-02-23,ランドセルのイラスト「水色」,水色のランドセルのイラストです。最近はこんな珍しい色のランドセルもあるみたいですね。,https://www.irasutoya.com/2012/02/blog-post_5923.html,ランドセルのイラスト「水色」,水色のランドセルのイラストです。最近はこんな珍しい色のランドセルもあるみたいですね。,https://www.irasutoya.com/2012/02/blog-post_5923.html,1,入学式|春
452,irasutoya,https://blogger.googleusercontent.com/img/b/R29vZ2xl/AVvXsEhftao8c6FYcaeQN8uS4KdV7B7f_V8WLnl9h_K0SCpGfah8Kz5USMxm7rNwitknAE1jclwc017xXXUvOa816aMDnQyNA57PU3prsCsxISniEqrz_xP_vyGlXaLLqSPAb3kQlUDMtos7Fiw/s800/nyugaku_blazer.png,800,712,2012-02-22,入学式のイラスト「ブレザーの学生」,ブレザーを着た男子と女子のピカピカの一年生です。,https://www.irasutoya.com/2012/02/blog-post_22.html,入学式のイラスト「ブレザーの学生」,ブレザーを着た男子と女子のピカピカの一年生です。,https://www.irasutoya.com/2012/02/blog-post_22.html,1,入学式|春
451,irasutoya,https://blogger.googleusercontent.com/img/b/R29vZ2xl/AVvXsEifvqfYFEO0ns6WIgTlqs60lOnULmxEV_0JAY0gPmfBuKFzqDcLAYC2IklNVDDdsy7Bs2Qho0Oq5ODfmFNpWFexHY8Jep7grY6QpK1_4ww1IVagZ-E5xW4QS_Mh3KXvzeAobC68Y_GZHGw/s800/nyugaku_gakuran.png,800,712,2012-02-22,入学式のイラスト「学ラン・セーラー服の学生」,学ランを着た、男子と女子のピカピカの一年生です。,https://www.irasutoya.com/2012/02/blog-post_7536.html,入学式のイラスト「学ラン・セーラー服の学生」,学ランを着た、男子と女子のピカピカの一年生です。,https://www.irasutoya.com/2012/02/blog-post_7536.html,1,入学式|春
450,irasutoya,https://blogger.googleusercontent.com/img/b/R29vZ2xl/AVvXsEhLIygfMA8pUOaRroAIIHKl1S5a9CzgPZ7o_E-syA40zzGlkT-D2-4afE7xEcpr0Nr7lNgKFv3suKjShWSaHSojt2JtzTQ1SRxueFsoLmIK_L5SxQnOQCXDyfxCO_W3HrY2kG_SGZPoesc/s800/obaasan_face.png,670,666,2012-02-22,おばあさんのイラスト「笑顔」,優しい笑顔のおばあさんのイラストです。こんな穏やかな老後に憧れますね。,https://www.irasutoya.com/2012/02/blog-post_2200.html,おばあさんのイラスト「笑顔」,優しい笑顔のおばあさんのイラストです。こんな穏やかな老後に憧れますね。,https://www.irasutoya.com/2012/02/blog-post_2200.html,1,老人
449,irasutoya,https://blogger.googleusercontent.com/img/b/R29vZ2xl/AVvXsEiE1DC8aIZ6EMX-g2h4aevD3F9kvw6DCaUGDLZ2Vt00zbs46yz81zM0RANz9k8RMzK7iTHc9n_LmhfinKEFT6eeH51kI635o68C89LU2FK5wuOwAM28E_5qZ38P24ABh6RSYYBnVFLbbZU/s800/nyugaku_usagi.png,711,800,2012-02-22,入学式のイラスト「ウサギ」,桜の花が舞い降りる中、学校へ向かうウサギの新一年生です。,https://www.irasutoya.com/2012/02/blog-post_1325.html,入学式のイラスト「ウサギ」,桜の花が舞い降りる中、学校へ向かうウサギの新一年生です。,https://www.irasutoya.com/2012/02/blog-post_1325.html,1,入学式|動物キャラ|春
456,irasutoya,https://blogger.googleusercontent.com/img/b/R29vZ2xl/AVvXsEhZDdyMP_MNQ6Av7ENth1GYkOxDUfu9nugG4ZE5sZRFcXy0OOKhp2lbm5IkuS2vtBPczpgFvBZB6D6Q7RfGby5Fymx9XLe3nQO7Ew34_dtVYHa_mKeZ5t8BriwKPB3g22ib0x63r6fnwPh_/s800/aprilfool_woman.png,700,800,2012-02-21,エイプリルフールに驚く女性のイラスト,エイプリルフールで嘘をつかれて驚いている女性のイラストです。,https://www.irasutoya.com/2012/02/blog-post_21.html,エイプリルフールに驚く女性のイラスト,エイプリルフールで嘘をつかれて驚いている女性のイラストです。,https://www.irasutoya.com/2012/02/blog-post_21.html,1,エイプリルフール|表情
455,irasutoya,https://blogger.googleusercontent.com/img/b/R29vZ2xl/AVvXsEj8WkJrsSBhYO71fYE0Ww3IB2llkk87TEebf-mpgAg348XJmYtL_yOxoeeG9rCpy9LoPQ0wPh47E4WifzbE3fzFHUcNNMAlxy4sEa4zSQ4eVUPFil9dd3SRHBEm_NJJKOzGfxZnEGjG2uGB/s800/text_aprilfool.png,800,682,2012-02-21,■,「April Fools（エイプリルフール）」と書かれたイラスト文字です。,https://www.irasutoya.com/2012/02/blog-post_5245.html,■,「April Fools（エイプリルフール）」と書かれたイラスト文字です。,https://www.irasutoya.com/2012/02/blog-post_5245.html,1,エイプリルフール|文字
454,irasutoya,https://blogger.googleusercontent.com/img/b/R29vZ2xl/AVvXsEikrpfwnSuM5h-HlyDOAZyx6xOEJ6wR2D_YoCzJhV3j1XWkYl9LLrhtAqcHMQzOWJmZu6F1SExugb2KiD44YIVkKsTEYOe4XOBdUrTUMdTcnsDwtGHzkK1w8DI4ZM-ls2K1OdJib0NHvjM/s800/obaasan_cat.png,612,706,2012-02-21,おばあさんのイラスト「老人と猫」,猫を抱いて正座をしている、優しそうなおばあさんのイラストです。ご老人と猫はのんびりしていてよく似合いますね。,https://www.irasutoya.com/2012/02/blog-post_9681.html,おばあさんのイラスト「老人と猫」,猫を抱いて正座をしている、優しそうなおばあさんのイラストです。ご老人と猫はのんびりしていてよく似合いますね。,https://www.irasutoya.com/2012/02/blog-post_9681.html,1,動物|老人
453,irasutoya,https://blogger.googleusercontent.com/img/b/R29vZ2xl/AVvXsEjuMY0wUwM1k9smtfSYANrddJqbDETiSmZRIFeWsXuCmOjvb0mbhiMnnaVJ0rEcwzhbkXXWWjU51hDN2h1zpU5KJw750fhmH662plleXhnb1qiu4AhMH3MTsPcPGNy93ZUY0GbYuErwS00/s800/nyugaku_kuma.png,711,800,2012-02-21,入学式のイラスト「クマ」,桜の花が舞い降りる中、学校へ向かうクマの新一年生です。,https://www.irasutoya.com/2012/02/blog-post_9770.html,入学式のイラスト「クマ」,桜の花が舞い降りる中、学校へ向かうクマの新一年生です。,https://www.irasutoya.com/2012/02/blog-post_9770.html,1,入学式|動物キャラ|春
460,irasutoya,https://blogger.googleusercontent.com/img/b/R29vZ2xl/AVvXsEhNzXyZOrvqknrhGCWonsSPpjffcHRSRHgGxNGfW7nkO20Ge08k0Lfh0BMSzir7-KPgSQXPleVWCklZbwIh2IQ1So8PTs0n4H0VvM0ChHDvbdEt4hOZ0-mha6oibI5Yj2xLGJ1UdIk_5y0/s800/aprilfool_pierot.png,605,800,2012-02-20,ピエロのイラスト「エイプリルフール」,赤と緑のかわいいピエロのイラストです。サーカスでの定番キャラクターですね。,https://www.irasutoya.com/2012/02/blog-post_20.html,ピエロのイラスト「エイプリルフール」,赤と緑のかわいいピエロのイラストです。サーカスでの定番キャラクターですね。,https://www.irasutoya.com/2012/02/blog-post_20.html,1,エイプリルフール|キャラクター
459,irasutoya,https://blogger.googleusercontent.com/img/b/R29vZ2xl/AVvXsEgnqKOzWbsWQiWvo9jB1Z11wwkov6gMw7pQCvn_7xFA3L07LoFDfKaMRKVpm2zFR_2IE8QjtZ_kweqiuSnQGgmSxDCC8-pN_zAlLwaC0EiRHk7qp3x75IpITRD6Va1i3OhIGUVBU0W5Gw4/s800/hebi_sensu.png,800,782,2012-02-20,年賀状のイラスト「年賀状・扇・巳年」,縁起のいい金色の扇に蛇のイラストが描いてあります。,https://www.irasutoya.com/2012/02/blog-post_6305.html,年賀状のイラスト「年賀状・扇・巳年」,縁起のいい金色の扇に蛇のイラストが描いてあります。,https://www.irasutoya.com/2012/02/blog-post_6305.html,1,お年賀状|干支
458,irasutoya,https://blogger.googleusercontent.com/img/b/R29vZ2xl/AVvXsEjsFwDasKRb0deAYyAk_B1NnP_HEWE8jq4o43TTcu7TxxHv5PWaoyKY_MRuSeEwxIuWIcGlmzhMh8I-5B_rg8q3oQC3x1pWfgsRfla7KANOsHVX8YhRwPB315yMEOhGRFRSJsLb7vRoWvU/s800/aprilfool_bikkuribako.png,593,800,2012-02-20,ピエロのイラスト「びっくり箱」,箱からぴょんとピエロが飛び出す、びっくり箱のイラストです。,https://www.irasutoya.com/2012/02/blog-post_9416.html,ピエロのイラスト「びっくり箱」,箱からぴょんとピエロが飛び出す、びっくり箱のイラストです。,https://www.irasutoya.com/2012/02/blog-post_9416.html,1,エイプリルフール|キャラクター
457,irasutoya,https://blogger.googleusercontent.com/img/b/R29vZ2xl/AVvXsEgcqJANzLg5eC-1KJnCnn5UXXajuQIFC-pkgBsxZB_1q5bkgqGhQuI4s7IOV0Gvo7wFR4UPiDvgW1ujAM_Qsk7kbR6Tez2TRsgO34ZJ60ql3bum2zcFstq8mLrvlEwo08wbLGROyzO-ZOU/s800/aprilfool_piert_face.png,601,526,2012-02-20,ピエロのイラスト「顔だけ」,サーカスの定番、可愛いピエロの顔だけのイラストです。,https://www.irasutoya.com/2012/02/blog-post_9500.html,ピエロのイラスト「顔だけ」,サーカスの定番、可愛いピエロの顔だけのイラストです。,https://www.irasutoya.com/2012/02/blog-post_9500.html,1,エイプリルフール|キャラクター
462,irasutoya,https://blogger.googleusercontent.com/img/b/R29vZ2xl/AVvXsEgF4BmrAAeTQm5oRw9kU59FheL1zrHorjwWOakmgyO29qYboGXnktgBADFL5lu3tFMzfW4JoGIOxgew5WtuVbCdpTPVQDN31beYeh5NEEbv5TBfBAK2wQABuA4MOcxn8GFw2Xe5Rjg7-k4/s800/aprilfool_boy.png,756,752,2012-02-19,エイプリルフールのイラスト「おどける男の子」,エイプリルフールに、友達に嘘をつこうとふざけている男の子のイラストです。,https://www.irasutoya.com/2012/02/blog-post_19.html,エイプリルフールのイラスト「おどける男の子」,エイプリルフールに、友達に嘘をつこうとふざけている男の子のイラストです。,https://www.irasutoya.com/2012/02/blog-post_19.html,1,こども|エイプリルフール
461,irasutoya,https://blogger.googleusercontent.com/img/b/R29vZ2xl/AVvXsEhqdhpnc4MFg4FhODE-bSXhly6UldzK8ys-ebnSt7r8apGkvOFIncWSv66LddeLg4laAmCTOA7SLidxEo5LIpVjA746ZwmHEHfer50Yizkq2TVwSt7eSgBw1tyBQmg9sAfryyOBwNIR8Wg/s800/aprilfool_calender.png,560,571,2012-02-19,エイプリルフールのイラスト「カレンダー4月1日」,４月１日になっている日めくりカレンダーのイラストです。,https://www.irasutoya.com/2012/02/41.html,エイプリルフールのイラスト「カレンダー4月1日」,４月１日になっている日めくりカレンダーのイラストです。,https://www.irasutoya.com/2012/02/41.html,1,エイプリルフール
463,irasutoya,https://blogger.googleusercontent.com/img/b/R29vZ2xl/AVvXsEgGl6UEPMVjF2dE5QEZ-k2aUI8SJqU7__IzGYjELpKsvgbEcG9mjjG4JrsXXLJ5QsDCoFAyGcTld8ClxIGlEyP_rGuAy_fiVqvbUfykU8_CUspQF3j7pkG7viIy0w7lzM3E0aCYjgS5JgQ/s800/hanami_title.png,800,429,2012-02-18,お花見のイラスト「タイトル文字」,「お花見」と書かれたタイトルイラストです。,https://www.irasutoya.com/2012/02/blog-post_8139.html,お花見のイラスト「タイトル文字」,「お花見」と書かれたタイトルイラストです。,https://www.irasutoya.com/2012/02/blog-post_8139.html,1,お花見|文字|春
364,irasutoya,https://blogger.googleusercontent.com/img/b/R29vZ2xl/AVvXsEjE17GSiIQASkK9PD5wZbRQNNg3ALi8dqPWwEKlB9PEYYxNE3rBmMZPYRItdRvUWP4ZsuIwgHPxhMRFpHfxeQK1Pm5Wd9jtev2JVheo5EnNZgnKP9agZkT3U_mT3mu3ndlUOiDW8WmJh2A/s800/hanami_usagi.png,623,649,2012-02-18,お花見のイラスト「ウサギ」,桜吹雪を楽しそうに追いかける兎のイラストです。,https://www.irasutoya.com/2012/02/blog-post_18.html,お花見のイラスト「ウサギ」,桜吹雪を楽しそうに追いかける兎のイラストです。,https://www.irasutoya.com/2012/02/blog-post_18.html,1,お花見|動物キャラ|春
367,irasutoya,https://blogger.googleusercontent.com/img/b/R29vZ2xl/AVvXsEhRK1bAu_vWxab_9ZPAqVZ0NWJ3oaEQW9zFCsOL284HhPXd698W0znOpZm7tsWkXDLwP4Spv9LR5bNDWrYzSszlVDitC-IX4inSHQKpsCIuraf-mCs9vxKFP3FzCLsCcY63ktKruZQNPXk/s800/hanami_zou.png,624,607,2012-02-17,お花見のイラスト「象」,桜吹雪を楽しそうに追いかける象のイラストです。,https://www.irasutoya.com/2012/02/blog-post_17.html,お花見のイラスト「象」,桜吹雪を楽しそうに追いかける象のイラストです。,https://www.irasutoya.com/2012/02/blog-post_17.html,1,お花見|動物キャラ|春
366,irasutoya,https://blogger.googleusercontent.com/img/b/R29vZ2xl/AVvXsEhYo2e6Fsfv-qWZP8cRtTGtJLJcHYlKHjQK4KzNyq9MNFA2BhyjcIh00W8lTpv_IARvAETdLH5VqN_s8T7DuJGmsLizJ8YHSxcmVSrURjK3iVupC9SKwnqzz0JbaDW8RMXDWjGhghDOKV0/s800/hanami_family.png,800,736,2012-02-17,お花見のイラスト「家族でピクニック」,桜の木の下で、お花見をしながら、お弁当を広げてピクニックをしている家族のイラストです。,https://www.irasutoya.com/2012/02/blog-post_1785.html,お花見のイラスト「家族でピクニック」,桜の木の下で、お花見をしながら、お弁当を広げてピクニックをしている家族のイラストです。,https://www.irasutoya.com/2012/02/blog-post_1785.html,1,お弁当|お花見|春
365,irasutoya,https://blogger.googleusercontent.com/img/b/R29vZ2xl/AVvXsEjIjjv8F7SNeckyug8oycIGbwZ3IldDW3Cwvp4WSRvNlU-7_MwUoIUfea9M0mRUGijqEyymU1H0snv4FBvvMRj8Kqrbqxo_7JWPa8LbXnh7A8UAO2Hti7y5u66p3tdf2Fdx_EDhOtJo4vw/s800/hanami_boys.png,800,490,2012-02-17,乾杯のイラスト,楽しそうに乾杯をしている男の子２人のイラストです。,https://www.irasutoya.com/2012/02/blog-post_8670.html,乾杯のイラスト,楽しそうに乾杯をしている男の子２人のイラストです。,https://www.irasutoya.com/2012/02/blog-post_8670.html,1,お花見|パーティ|春
370,irasutoya,https://blogger.googleusercontent.com/img/b/R29vZ2xl/AVvXsEgq19-ZNVm9DOt6IzJRmymXgG5DSIRqY7z3myd8masSuIocEhHf_J6Wp-OIGkHcs2Cowh3bY6tz7lPxH0qQAueKNP_SPdQqjh51dYt7w8XCJx0_bE6kOGHuPdhLRynaWfwqO-iFpG6q9LA/s800/hanami_kuma.png,667,663,2012-02-16,お花見のイラスト「クマ」,桜吹雪を楽しそうに追いかけるクマのイラストです。,https://www.irasutoya.com/2012/02/blog-post_16.html,お花見のイラスト「クマ」,桜吹雪を楽しそうに追いかけるクマのイラストです。,https://www.irasutoya.com/2012/02/blog-post_16.html,1,お花見|動物キャラ|春
369,irasutoya,https://blogger.googleusercontent.com/img/b/R29vZ2xl/AVvXsEhQsTNodxeR5zW5VmfKTS-qfdqnOODu_qBUsdn0vNm9EsyzpHlOsdWqRKGuelJVOvZFdUDtUS0eDAPbxYS13sPvYsZVuO_WXSIQ16M4vSybtNeW1DY0Z4EVSpwvDwnjPZXWLARHDhzaHLQ/s800/hanami_neko.png,571,575,2012-02-16,お花見のイラスト「猫」,桜吹雪を嬉しそうに眺める猫のイラストです。,https://www.irasutoya.com/2012/02/blog-post_760.html,お花見のイラスト「猫」,桜吹雪を嬉しそうに眺める猫のイラストです。,https://www.irasutoya.com/2012/02/blog-post_760.html,1,お花見|動物キャラ|春
368,irasutoya,https://blogger.googleusercontent.com/img/b/R29vZ2xl/AVvXsEiX_bP721-BUlfS659RBdYII9b_ejFdNJnQnxs0AxCnOClxV9di1MjIW5PScURBUQK07v2TuUlzdph-lbu2EEaH7tO3Y1Gu3VZAorEUEfvfkSlEnZJ3QaTL2IrtL4F93-gVcOEIMkJ6NBc/s800/hanami_inu.png,667,621,2012-02-16,お花見のイラスト「犬」,桜吹雪をぼーっと見上げている犬のイラストです。,https://www.irasutoya.com/2012/02/blog-post_6831.html,お花見のイラスト「犬」,桜吹雪をぼーっと見上げている犬のイラストです。,https://www.irasutoya.com/2012/02/blog-post_6831.html,1,お花見|動物キャラ|春
373,irasutoya,https://blogger.googleusercontent.com/img/b/R29vZ2xl/AVvXsEgTNMPH6vO-2qPFrBRIF3IU_HI06kEjcAhuHUWgXlyLEqBlLa9liN1DTT2cSUYkhKL-v4iC35QmeJCrke2RHkMvU0i2RtWlelJgkGk8yYwMlzwtxp42nvqaZnaLnCsppTcTr39xIYehUG3X/s800/text_sotsugyoushiki.png,800,482,2012-02-15,卒業式のイラスト「タイトル文字」,「卒業式」と書かれたタイトルイラストです。,https://www.irasutoya.com/2012/02/blog-post_15.html,卒業式のイラスト「タイトル文字」,「卒業式」と書かれたタイトルイラストです。,https://www.irasutoya.com/2012/02/blog-post_15.html,1,卒業式|文字|春
372,irasutoya,https://blogger.googleusercontent.com/img/b/R29vZ2xl/AVvXsEjTjlY_bSyD0Ap6yL4aLSkomYoTxgwcRA78YmVSJvUurcOQ2BJThNAVfvwDdYWG_zl-ZoQat9eFcmf8KgonwRGjmA14tFoZkhIS6ME7IeDh_59VfypligbWSbRN7wI0ju0pSUrYWCaWJyE/s800/hanami_girls.png,800,465,2012-02-15,乾杯のイラスト「女子会」,乾杯をしている女の子２人のイラストです。,https://www.irasutoya.com/2012/02/blog-post_7197.html,乾杯のイラスト「女子会」,乾杯をしている女の子２人のイラストです。,https://www.irasutoya.com/2012/02/blog-post_7197.html,1,お花見|パーティ|春
371,irasutoya,https://blogger.googleusercontent.com/img/b/R29vZ2xl/AVvXsEhlt-ytkkLizEfIR5A1iMVSuf5YKUQhdiF5gry9dOSsJWlNsDBtVHGl7vq6TRFrzzZiLOwIvLXuxhEgcZg8Jn9_M_V2vCJP5-aHbLXFE4UG9gHOcx__ZcyTuuoa6-RRdtAVQEYiw_O_ZvE/s800/hanami_basyotori.png,798,566,2012-02-15,お花見のイラスト「場所取り」,お花見で場所取りを任せられて、一人ビニールシートに寝ている男性のイラストです。,https://www.irasutoya.com/2012/02/blog-post_5949.html,お花見のイラスト「場所取り」,お花見で場所取りを任せられて、一人ビニールシートに寝ている男性のイラストです。,https://www.irasutoya.com/2012/02/blog-post_5949.html,1,お花見|春|睡眠
376,irasutoya,https://blogger.googleusercontent.com/img/b/R29vZ2xl/AVvXsEgn-QNhyJtHOgoP8m6zLz1Tb4N_b9vQPGouNKAjYBmoYaSKxO6uJma8RVoTT504H6TKOg_Bl2VC9pdA1OzLliJf24NU_j1Y9EngJn_TVJutpdcrICtwUocRgBeTLK8PE8oXOFWh5B2GXrk/s800/sotsugyo_gakuran.png,783,800,2012-02-14,卒業生のイラスト「学ラン生徒」,学ランを着た男子と女子の卒業生です。僕も6年間学ランでした。,https://www.irasutoya.com/2012/02/blog-post_14.html,卒業生のイラスト「学ラン生徒」,学ランを着た男子と女子の卒業生です。僕も6年間学ランでした。,https://www.irasutoya.com/2012/02/blog-post_14.html,1,卒業式|春
375,irasutoya,https://blogger.googleusercontent.com/img/b/R29vZ2xl/AVvXsEiYT1C6DJFdzAOSpq_426DojnxTcdl29Doz_v90dGuB61_JJ28he4TfA5J2rcZ5H7am2bNZIIe1jMrx9VVwX5a9juXZYfFaCDz95lGaPkNWvUpDvMJLBhWeylXqLnoX_fE0taBahu72hkM/s800/sotsugyo_syougakusei.png,725,800,2012-02-14,卒業生のイラスト（小学生）,私服での卒業式のイラストです。明るめの服になっているので、幼稚園～中学生くらいにぴったりだと思います。,https://www.irasutoya.com/2012/02/blog-post_4365.html,卒業生のイラスト（小学生）,私服での卒業式のイラストです。明るめの服になっているので、幼稚園～中学生くらいにぴったりだと思います。,https://www.irasutoya.com/2012/02/blog-post_4365.html,1,こども|卒業式|春
374,irasutoya,https://blogger.googleusercontent.com/img/b/R29vZ2xl/AVvXsEiNmYI3TyQg11PGN8iziKOYnJRO0T3SbMdJFxki1wbrl43JXRnswQKNkkr-_T5hxZiqYQA6mbn7bV2lNaE3TN26rTpyeaCpEj297u2TJwb54BAsbK9tPwIn-Yp5LRypsz8N9n8j00uPbM0/s800/sotsugyo_syousyo.png,686,541,2012-02-14,卒業式のイラスト「卒業証書」,卒業証書とそれを入れる筒、そして桜の花びらのイラストです。そういえば卒業証書、何処に行ってしまったんだろう・・・。,https://www.irasutoya.com/2012/02/blog-post_7886.html,卒業式のイラスト「卒業証書」,卒業証書とそれを入れる筒、そして桜の花びらのイラストです。そういえば卒業証書、何処に行ってしまったんだろう・・・。,https://www.irasutoya.com/2012/02/blog-post_7886.html,1,卒業式|春
379,irasutoya,https://blogger.googleusercontent.com/img/b/R29vZ2xl/AVvXsEjI_ngvPbVd5zvsoEB931lSMHyPiYJaeqwdORsFfTBBW4qMz71Dfce_HPYgb4L5HSEfCY4OhbpMq6m9kYKuJJPHQvVKN3OoJm1h_d6IasuFTLey2u6CQ0N6vnyyiiJ72EoiA6XAjO02XEA/s800/sakura_tree.png,800,706,2012-02-13,桜の木のイラスト,立派な黒い幹を持った桜の木のイラストです。入学式やお花見など、楽しい季節のシンボルです。,https://www.irasutoya.com/2012/02/blog-post_13.html,桜の木のイラスト,立派な黒い幹を持った桜の木のイラストです。入学式やお花見など、楽しい季節のシンボルです。,https://www.irasutoya.com/2012/02/blog-post_13.html,1,お花見|入学式|卒業式|春|花
378,irasutoya,https://blogger.googleusercontent.com/img/b/R29vZ2xl/AVvXsEj1nV8sgLHA9KYWt9ooBS2EQlVMreisejrB7yeuL8-I15m3nT86vcT6HgZOSEwjkX3m2YfhydxUKNlyaqRf1Wy8N_Mp8Y329F2kx8GuULD_x8mj5ItRZm5U_woMY_On6GL5N1sgNLZORb0/s800/sakura_fubuki.png,645,574,2012-02-13,桜のイラスト「桜吹雪」,桜の花びらが舞い降りる中にいると、春の陽気に雪が降っているようで、なんともいえない幸せな気持ちになります。,https://www.irasutoya.com/2012/02/blog-post_6416.html,桜のイラスト「桜吹雪」,桜の花びらが舞い降りる中にいると、春の陽気に雪が降っているようで、なんともいえない幸せな気持ちになります。,https://www.irasutoya.com/2012/02/blog-post_6416.html,1,お花見|入学式|卒業式|春
377,irasutoya,https://blogger.googleusercontent.com/img/b/R29vZ2xl/AVvXsEhr9zzOiaI1XczsIs6e-631hUl5HpnOOF9PMgWSObh5a-j92somAIe15Fb67UGDAUIbKElKk9khikWJAQuNFGzswGsZm6_HtF3hbTQaPkucTKCMQrQwSE7tO0L5k5QANVBvrIxcR9_oHMo/s800/sotsugyo_blazer.png,771,798,2012-02-13,卒業生のイラスト「ブレザー生徒」,ブレザーを着た男子と女子の卒業生です。,https://www.irasutoya.com/2012/02/blog-post_7925.html,卒業生のイラスト「ブレザー生徒」,ブレザーを着た男子と女子の卒業生です。,https://www.irasutoya.com/2012/02/blog-post_7925.html,1,卒業式|春
382,irasutoya,https://blogger.googleusercontent.com/img/b/R29vZ2xl/AVvXsEjes0L9InM-1fr8z7JTITck1RirCgQx6nRQOmxeoDcU4mOLJPh6Tj2YcdiG_fOLF7AzOTyj5VS7SNkPWqr9KHE2zE91jdQCN7SRcVbRxMxnjg9PotwykKksska3BUFx2vKN-5F_O4vjg4A/s800/sotsugyo_boushi.png,688,499,2012-02-12,卒業式のイラスト「学生帽」,海外ドラマの卒業式で投げたりする 角帽（ 学生帽・博士帽）のイラストです。,https://www.irasutoya.com/2012/02/blog-post_12.html,卒業式のイラスト「学生帽」,海外ドラマの卒業式で投げたりする 角帽（ 学生帽・博士帽）のイラストです。,https://www.irasutoya.com/2012/02/blog-post_12.html,1,卒業式|春
381,irasutoya,https://blogger.googleusercontent.com/img/b/R29vZ2xl/AVvXsEiHBgptfND6CCGa0L2uOtbUnt2FmSWS2334LpQEbEk4GKzPnsBJ5MM6D7fejf8MdqMWNmnK_nqxHka6K0luycVq9iixjfdqO21wmBY4M7r9TKuahR6_wjbIruH9lM8G4LLk8BcIuHXrmIQ/s800/sotsugyo_hanataba.png,533,736,2012-02-12,花束のイラスト,卒業式、入学式、誕生日などなど、プレゼントに最適な花束のイラストです。,https://www.irasutoya.com/2012/02/blog-post_5533.html,花束のイラスト,卒業式、入学式、誕生日などなど、プレゼントに最適な花束のイラストです。,https://www.irasutoya.com/2012/02/blog-post_5533.html,1,お誕生日|バレンタイン|ホワイトデー|入学式|卒業式|春|花
380,irasutoya,https://blogger.googleusercontent.com/img/b/R29vZ2xl/AVvXsEjDUes9KVwt4B6NQl9NBcr0HJsJzW61YHR9e95y_bFp2oFRE5e_-M9RW7KaPKw-h71b2yJHgXPbi_HFjgaHC6USBYmUloEb2-pky_hV9WmGMO_A3YXOcufpN1moh2w3IgeyU-VSkMGPy3Y/s800/sakura_hanabira.png,468,446,2012-02-12,桜の花のイラスト,桜の花びらのアップです。ぽかぽかの春がはやくきて欲しいですね。,https://www.irasutoya.com/2012/02/blog-post_7952.html,桜の花のイラスト,桜の花びらのアップです。ぽかぽかの春がはやくきて欲しいですね。,https://www.irasutoya.com/2012/02/blog-post_7952.html,1,お花見|入学式|卒業式|春|花
385,irasutoya,https://blogger.googleusercontent.com/img/b/R29vZ2xl/AVvXsEjnGWIAoyEHY0oenpDaLZ1JVyAOnGrVY2cM57-2A8pHdomHrwj2azAbV-Gyg_cdxg9We46uhfyyW-dfouzSH6N8JFgPKWuP_yoNKWtYRVNQrtA-dMkc6bjR-5CqF3D_g2i0SPuRx_eNTVYB/s800/hinamatsuri_hishimochi.png.png,756,720,2012-02-11,ひな祭りのイラスト「菱餅」,雛飾りと一緒に置かれる菱餅のイラストです。,https://www.irasutoya.com/2012/02/blog-post_11.html,ひな祭りのイラスト「菱餅」,雛飾りと一緒に置かれる菱餅のイラストです。,https://www.irasutoya.com/2012/02/blog-post_11.html,1,ひな祭り|スイーツ
384,irasutoya,https://blogger.googleusercontent.com/img/b/R29vZ2xl/AVvXsEjb4Q7XYC4waBnMn32ldtpzuRwCUJaLqSWWsiV4YjEGiquIqR3LK_yFgqwqiGQ6dpTqNIsxbVxwQuJ9IoS56u3AtvJ-N3RmctucWYQr5rff5QM88rgtlnW169FA9zgDTRVEbH3P5Tjg3u1c/s800/hinamatsuri_odairi_ohina.png,800,565,2012-02-11,ひな祭りのイラスト「お内裏様とお雛様」,カラフルな衣装を着たひな祭りの主役、お雛様とお内裏様とお雛様（雛人形）のイラストです。,https://www.irasutoya.com/2012/02/blog-post_537.html,ひな祭りのイラスト「お内裏様とお雛様」,カラフルな衣装を着たひな祭りの主役、お雛様とお内裏様とお雛様（雛人形）のイラストです。,https://www.irasutoya.com/2012/02/blog-post_537.html,1,ひな祭り|キャラクター
383,irasutoya,https://blogger.googleusercontent.com/img/b/R29vZ2xl/AVvXsEikAdoPuEIiWYaZj3hsMBGh6m9tiwj5KDUkiK8sW6NCfJRKJ8aAQZmssq3XO8rP7KEU9Z34vQhUY1h5IrUhyphenhyphenvzA7qIyvxRY0ElMdnKz5jarziJ2btcQUnuY8Q_oeyckCx4a493HaiB1AQsD/s800/hinamatsuri_sanninkanjo.png,792,800,2012-02-11,ひな祭りのイラスト「三人官女」,雛人形の三人官女のイラストです。それぞれ、加之銚子、三宝、長柄銚子を持っています。,https://www.irasutoya.com/2012/02/blog-post_8593.html,ひな祭りのイラスト「三人官女」,雛人形の三人官女のイラストです。それぞれ、加之銚子、三宝、長柄銚子を持っています。,https://www.irasutoya.com/2012/02/blog-post_8593.html,1,ひな祭り
388,irasutoya,https://blogger.googleusercontent.com/img/b/R29vZ2xl/AVvXsEjXabWtCzHdg81O_vsUXyRtaC3chhIpMSu2jT9FMDxuyUZn-Rx4NHqE7LZgIyJZfUECyTYV3iNivumrsWUUr5dogR20FunBgCnDKqXwKGgSXrbEzSIligCo7FjGu-qatbdHaQv17FdLMhHk/s800/hinamatsuri_arare.png,771,748,2012-02-10,ひな祭りのイラスト「ひなあられ」,カラフルで可愛いひな祭りの定番のお菓子ひなあられのイラストです。,https://www.irasutoya.com/2012/02/blog-post_10.html,ひな祭りのイラスト「ひなあられ」,カラフルで可愛いひな祭りの定番のお菓子ひなあられのイラストです。,https://www.irasutoya.com/2012/02/blog-post_10.html,1,ひな祭り|スイーツ
387,irasutoya,https://blogger.googleusercontent.com/img/b/R29vZ2xl/AVvXsEjNUp8ZFGVptOOIS0mkmMcvstptG9IUnbbqWFSrimcR1vmmRRM5Ix9FTd8CcqzjbYjGW9SrTz18xqp__pzK1TeESYkP0gw5-6u65dA-hOUTLoZ-adFkfYExWPLKr2FppuiX-HhTaFjdjrRw/s800/hinamatsuri_arare2.png,733,800,2012-02-10,ひな祭りのイラスト「ひなあられ・袋入り」,ひな祭りのお菓子、ひなあられのイラスト（袋に入ったバージョン）です。,https://www.irasutoya.com/2012/02/blog-post_5717.html,ひな祭りのイラスト「ひなあられ・袋入り」,ひな祭りのお菓子、ひなあられのイラスト（袋に入ったバージョン）です。,https://www.irasutoya.com/2012/02/blog-post_5717.html,1,ひな祭り|スイーツ
386,irasutoya,https://blogger.googleusercontent.com/img/b/R29vZ2xl/AVvXsEig6hHgCfqud4_84D6-UP5Y-RAHzsVbBJ1p1MHLsBDepX0eTBTxoKHpFBYGoi28jv3KXzBRvFKtukxUzsrHEuHJVXuShHf_CIyDbjeQ5gPGpH9KEIxkAe9wmpSL0I7_ChldmvrR69kiKKQQ/s800/hinamatsuri_title.png,800,617,2012-02-10,「ひな祭り」のイラスト文字,ひな祭りの文字をタイトル文字にしました。,https://www.irasutoya.com/2012/02/blog-post_3276.html,「ひな祭り」のイラスト文字,ひな祭りの文字をタイトル文字にしました。,https://www.irasutoya.com/2012/02/blog-post_3276.html,1,ひな祭り|文字
391,irasutoya,https://blogger.googleusercontent.com/img/b/R29vZ2xl/AVvXsEiUYpwHQ-OtZyaxg6Y9J7Ku7_zEeUAgmLDVzVYIi9C3u_XUxXDFPPbpAgpECrmB_mb8vN1UYwiTFBFMtEYn1DdVvm_1QaZ3Q7BY09O933ylyzd_kQoaPYFOKOKH4qOoPZcIHOc9qMfLcBwo/s800/hinamatsuri_bonbori.png,627,800,2012-02-09,ひな祭りのイラスト「ぼんぼり・雪洞」,ひな祭りにはかかせない提灯、ぼんぼりです。ぼんぼりって、雪の洞って書くんですね。今回はじめて知りました。,https://www.irasutoya.com/2012/02/blog-post_09.html,ひな祭りのイラスト「ぼんぼり・雪洞」,ひな祭りにはかかせない提灯、ぼんぼりです。ぼんぼりって、雪の洞って書くんですね。今回はじめて知りました。,https://www.irasutoya.com/2012/02/blog-post_09.html,1,ひな祭り
390,irasutoya,https://blogger.googleusercontent.com/img/b/R29vZ2xl/AVvXsEiU2_KzU4ijc57UoSt_hTvdz6iE-rrVkkKArdBSczWLli6BXg7kOiJ4pV2x0hjFy_hTa-mcqQ1GMn8LfFAfsVQGC49lpBSudszjWgNeetdFhQaR5dQj03fJOflW-Qt5alKC77jrLhFe0TVF/s800/hinamatsuri_byoubu.png,800,630,2012-02-09,ひな祭りのイラスト「びょうぶ・屏風」,お内裏様とお雛様の後ろに飾ってある屏風のイラストです。キラキラしています。,https://www.irasutoya.com/2012/02/blog-post_1522.html,ひな祭りのイラスト「びょうぶ・屏風」,お内裏様とお雛様の後ろに飾ってある屏風のイラストです。キラキラしています。,https://www.irasutoya.com/2012/02/blog-post_1522.html,1,ひな祭り
389,irasutoya,https://blogger.googleusercontent.com/img/b/R29vZ2xl/AVvXsEg0QLRdryN_jTYrgNnMuaqkpae6mrc5IWH7D85NgLtnBf7SalJxqTy7Ra181iDV5GNK5ES5qHOX64Z1ZHTqWBI5B4g9b9QqNryzsvDd5t20kka-iZOlsiNhU-pPgwaX5UkbweWa1L4tMxYt/s800/hinamatsuri_goninbayashi.png,800,714,2012-02-09,ひな祭りのイラスト「五人囃子」,雛人形の五人囃子のイラストです。それぞれ太鼓、大鼓、小鼓、笛、謡（扇）を持って雅楽を演奏しています。,https://www.irasutoya.com/2012/02/blog-post_9881.html,ひな祭りのイラスト「五人囃子」,雛人形の五人囃子のイラストです。それぞれ太鼓、大鼓、小鼓、笛、謡（扇）を持って雅楽を演奏しています。,https://www.irasutoya.com/2012/02/blog-post_9881.html,1,ひな祭り
392,irasutoya,https://blogger.googleusercontent.com/img/b/R29vZ2xl/AVvXsEj0GZ6i99T5aXM-cJr7gz8134vV_cOSl_-rSHQqjXcbKfE9lRLLX-LGNaMrip6NC_fHwI5quQ1cxSzUqILg3P8Wm5GTmNWPCt4Nnu99MYhRqhlLwRAtR4ITIFDmppu0gXv83upVJ_WooYA/s800/valentinesday_heart_girl.png,560,707,2012-02-08,バレンタインのイラスト「恋する女の子・リボン」,白いリボンがたくさんついた、ピンク色の髪の毛の恋する女の子のイラストです。,https://www.irasutoya.com/2012/02/blog-post_08.html,バレンタインのイラスト「恋する女の子・リボン」,白いリボンがたくさんついた、ピンク色の髪の毛の恋する女の子のイラストです。,https://www.irasutoya.com/2012/02/blog-post_08.html,1,キャラクター|バレンタイン
394,irasutoya,https://blogger.googleusercontent.com/img/b/R29vZ2xl/AVvXsEhiNhLpNoIgjoODKaDIgdz7_S1tOkzaChCZkLdlSk69aR5TmMNSMNBsSIVpVDw5-EKsdQdIa-NEn0bLHPS2VeiHrQzTS0qDB1qwGAGcI4LDF6JzurzBoyWt20M_DvNyjHObzSJnu1MHJbc/s800/valentinesday_rose.png,555,571,2012-02-07,花のイラスト「薔薇一輪」,薔薇の花一輪のイラストです。女性に送れば喜ばれる花NO１ですかね。,https://www.irasutoya.com/2012/02/blog-post_07.html,花のイラスト「薔薇一輪」,薔薇の花一輪のイラストです。女性に送れば喜ばれる花NO１ですかね。,https://www.irasutoya.com/2012/02/blog-post_07.html,1,バレンタイン|ホワイトデー|花
393,irasutoya,https://blogger.googleusercontent.com/img/b/R29vZ2xl/AVvXsEivbprJinzC7v68OrgCWL5M-k6kIHMVAdV84fNhXZ6d-YQfAXjS3QyEkWY94N3bWydjGsYvewWOiSTG6l-gUdWUVGPYmfE5MMqZto358iL76_7AltBhFO4lCE3Taz67BPfz6e9Q9t3cY1U/s800/valentinesday_girl.png,556,640,2012-02-07,バレンタインのイラスト「恋する女の子・花」,ハートを後ろに持って恋する女の子のイラストです。,https://www.irasutoya.com/2012/02/blog-post_8810.html,バレンタインのイラスト「恋する女の子・花」,ハートを後ろに持って恋する女の子のイラストです。,https://www.irasutoya.com/2012/02/blog-post_8810.html,1,キャラクター|バレンタイン
397,irasutoya,https://blogger.googleusercontent.com/img/b/R29vZ2xl/AVvXsEgbD3y2RRtAc0ns23NFYERIhYevL90n5wkt7xfC983IUmfe3H-bEjQIoEE09uZcIHyW8lt7pKzDuGpwXzOd-lvB8eB4MWUWbZo-6Gvh5xTsV8fWoTX9j511ck4UjV3nHKvh44Xc552BKoA/s800/valentinesday_heart_yumiya.png,776,432,2012-02-06,バレンタインのイラスト「矢が刺さったハート」,ハートを矢が貫通してるイラストです。,https://www.irasutoya.com/2012/02/blog-post_968.html,バレンタインのイラスト「矢が刺さったハート」,ハートを矢が貫通してるイラストです。,https://www.irasutoya.com/2012/02/blog-post_968.html,1,バレンタイン|ホワイトデー
396,irasutoya,https://blogger.googleusercontent.com/img/b/R29vZ2xl/AVvXsEiSGAxt575S-YICI1fKnDI2B288i4PXy9o3pedv9lL8k6je1ljtC-9ozaxnyqpVusl4JwBHywFuU5LPgSyNWsr_A8G75F25b_zgoQZHR136uGVkKzXf-UHFV2RNRjbFxkSsq18_87iMqHA/s800/valentinesday_muffler.png,800,328,2012-02-06,バレンタインのイラスト「手編みのマフラー」,とっても「愛」のこもった手編みのマフラーのイラストです。,https://www.irasutoya.com/2012/02/blog-post_4689.html,バレンタインのイラスト「手編みのマフラー」,とっても「愛」のこもった手編みのマフラーのイラストです。,https://www.irasutoya.com/2012/02/blog-post_4689.html,1,バレンタイン|ファッション
395,irasutoya,https://blogger.googleusercontent.com/img/b/R29vZ2xl/AVvXsEjDDvRpdCdpy8YbQ7lkv14xHIduz0OaWgB6uPpL5F8v-L6QO2p-fccYeWfLuOAdiZEq04hgmqh94UZZ2GghQA4TyMR9Y1Jq7eFpcootRefnKdjBtgsMdRJ1kDtUfdRhblGI1Yi_Jisr9qg/s800/valentinesday_usagi.png,456,648,2012-02-06,バレンタインのイラスト「ウサギとハート」,ピンクのウサギさんがハートを抱えてるイラストです。,https://www.irasutoya.com/2012/02/blog-post_06.html,バレンタインのイラスト「ウサギとハート」,ピンクのウサギさんがハートを抱えてるイラストです。,https://www.irasutoya.com/2012/02/blog-post_06.html,1,バレンタイン|動物キャラ
400,irasutoya,https://blogger.googleusercontent.com/img/b/R29vZ2xl/AVvXsEhsaAOQucYIg4c9TmsvgczstkYq0rn6bSqhOuLZuQN5OY8QJbmMBEJ96M5yKIjeebzXBex1cknhX70mTeFEswW2NsWoU7G6hlUpSNckvXueuOd2B3p0HIT9R8oi3f2MJ4Mc7sPZTbs0c3Lt/s800/valentinesday_heart_box.png,663,628,2012-02-05,バレンタインのイラスト「ハートの入れ物・リボン付き」,ハート型の箱にリボンをつけたイラストです。,https://www.irasutoya.com/2012/02/blog-post_3795.html,バレンタインのイラスト「ハートの入れ物・リボン付き」,ハート型の箱にリボンをつけたイラストです。,https://www.irasutoya.com/2012/02/blog-post_3795.html,1,バレンタイン
399,irasutoya,https://blogger.googleusercontent.com/img/b/R29vZ2xl/AVvXsEi_jG0NFHmpqnuRmsRNv4z-hGLDItIoMeWU7PKYqZkMBFgogyy321j29NIoOYRix-vE18HOVkV40CXH7UB_ZaWKQj_5xPyJlb6_5d-NmHt-bFbWkNchBJMolwTOJp031rlfBzELEwr9Zss/s800/valentinesday_heart_choco.png,515,555,2012-02-05,チョコレートのイラスト「ハート型のチョコレート」,先が溶けているハート型のチョコレートのイラストです。,https://www.irasutoya.com/2012/02/blog-post_05.html,チョコレートのイラスト「ハート型のチョコレート」,先が溶けているハート型のチョコレートのイラストです。,https://www.irasutoya.com/2012/02/blog-post_05.html,1,スイーツ|バレンタイン
398,irasutoya,https://blogger.googleusercontent.com/img/b/R29vZ2xl/AVvXsEgacJofQ_U-clPNg98kwvvOFv0kD5WIF521PMHBXuIdG_8WyFO8CKUP6H9CTTqnoisu_k-KuGEGS-er_oCboY2qKXv_JA7ZyI3H7DPlmrC3Wbs9_BEILukTiknoPbXNlaLH833_RIMm86Y/s800/valentinesday_heart.png,508,432,2012-02-05,バレンタインのイラスト「ハート」,シンプルなピンクのハートの形のイラストです。,https://www.irasutoya.com/2012/02/blog-post_5520.html,バレンタインのイラスト「ハート」,シンプルなピンクのハートの形のイラストです。,https://www.irasutoya.com/2012/02/blog-post_5520.html,1,バレンタイン|ホワイトデー
403,irasutoya,https://blogger.googleusercontent.com/img/b/R29vZ2xl/AVvXsEiDItokBzijIzLjNARjURWfJUcXuG5KR7YYDtuzoKJSXiT_lD-REZ5Q6dow5yG78PezowntId_uFwbFsjUab75-UYFRbPftr7xHORYePSxl9DyV9eHdTvICdbubzYZFhmakWnSgHQOIkco/s800/valentinesday_cupid.png,800,673,2012-02-04,バレンタインのイラスト「愛のキューピッド」,天使のようなキューピッド（キューピット）が弓矢を打っているイラストです。,https://www.irasutoya.com/2012/02/blog-post_04.html,バレンタインのイラスト「愛のキューピッド」,天使のようなキューピッド（キューピット）が弓矢を打っているイラストです。,https://www.irasutoya.com/2012/02/blog-post_04.html,1,キャラクター|バレンタイン|ファンタジー
402,irasutoya,https://blogger.googleusercontent.com/img/b/R29vZ2xl/AVvXsEh238mitLNBsVZ0AhZXp1pT70lclv_Lk7aoYZvXdoBQQxWl0audKoTwEPNPwGS0Yhc8Umb5qOTttyz5p8zMaH-8sj0gIHN0EOrRfzeExnip3eKZifGIZJih7nQvJ_1iK6eWu_RmPb7uz54/s800/valentinesday_herat_check.png,675,624,2012-02-04,バレンタインのイラスト「ハートの入れ物」,ハート型の箱のイラストです。中身はなんでしょう。やっぱりお菓子かな。,https://www.irasutoya.com/2012/02/blog-post_3253.html,バレンタインのイラスト「ハートの入れ物」,ハート型の箱のイラストです。中身はなんでしょう。やっぱりお菓子かな。,https://www.irasutoya.com/2012/02/blog-post_3253.html,1,バレンタイン
401,irasutoya,https://blogger.googleusercontent.com/img/b/R29vZ2xl/AVvXsEgoggTNo6stGinKkxnpUXyLoChdw239gDdPjBX8pS6yt7Uupwo6pVEukyc3Gse4GxaTKQuEOn3qVtemq8uQZHSThW5oofaKEw2UQUoXcVbSg-E2l35nb_q9O7_vxrUXIasdbnEIeLI2xnY/s800/valentinesday_title.png,800,242,2012-02-04,バレンタインのイラスト文字「Happy Valentine's Day!」,「Happy Valentine's Day!」と書かれたバレンタインに使えるイラスト文字です。,https://www.irasutoya.com/2012/02/happy-valentines-day.html,バレンタインのイラスト文字「Happy Valentine's Day!」,「Happy Valentine's Day!」と書かれたバレンタインに使えるイラスト文字です。,https://www.irasutoya.com/2012/02/happy-valentines-day.html,1,バレンタイン|文字
404,irasutoya,https://blogger.googleusercontent.com/img/b/R29vZ2xl/AVvXsEh0IcdteDb4Mt3cRAU-cwVekReu7RiAb3UMWVbYkn-ovCpLdpsZUY0Oovlv17gz1oYrAkeMhHfaa0nueMpZretgYoC2LkUhYfKnagKj3vd9C_sHWR3cnh-8qpqMvoL4CPVEPvg6rNDc3yI/s800/valentinesday_itachoco.png,692,467,2012-02-03,チョコレートのイラスト「とろける板チョコ」,かじられた跡がある溶けていく板チョコのイラストです。,https://www.irasutoya.com/2012/02/blog-post_4845.html,チョコレートのイラスト「とろける板チョコ」,かじられた跡がある溶けていく板チョコのイラストです。,https://www.irasutoya.com/2012/02/blog-post_4845.html,1,スイーツ|バレンタイン
413,irasutoya,https://blogger.googleusercontent.com/img/b/R29vZ2xl/AVvXsEh0BoGFKQQAsZxwJ_OLTH5lpecc9b78xafof-sp0koleteTcp2PVOZ3xULJn-2bxqFvNRxjzmHC1KRbkyoTpd3440eM2jT9hWTnl1i3jhWH1P3Tn-3StDtAUNYzikrHtX1ny_qdWdajzc0/s800/dragon_fukidashi.png,685,514,2012-02-02,年賀状のイラスト「龍のメッセージカード」辰年・干支,龍のイラストとメッセージ欄がついた素材です。年賀状の挨拶にどうぞ。,https://www.irasutoya.com/2012/02/blog-post_4419.html,年賀状のイラスト「龍のメッセージカード」辰年・干支,龍のイラストとメッセージ欄がついた素材です。年賀状の挨拶にどうぞ。,https://www.irasutoya.com/2012/02/blog-post_4419.html,1,お年賀状|動物キャラ|干支
412,irasutoya,https://blogger.googleusercontent.com/img/b/R29vZ2xl/AVvXsEg0FmfDLB7JHrffkH5ZjtyyB7avbESJ7y5ltj1g507cJMEWNCaMk7KJ9wvG7LccFCVsqpeVe6hnGD2l6Ju0F53_rXxTp-FEMggls-IrEfaO5wfcYKHNsGUKaVmslBUz-ksMo0etLRnY8X4/s800/dragon_cloud_sleep.png,636,575,2012-02-02,年賀状のイラスト「雲の上で寝る龍・メス」辰年・干支,雲の上で寝ている龍のイラスト（メス）です。メスというかマダムというかんじですね。,https://www.irasutoya.com/2012/02/blog-post_1105.html,年賀状のイラスト「雲の上で寝る龍・メス」辰年・干支,雲の上で寝ている龍のイラスト（メス）です。メスというかマダムというかんじですね。,https://www.irasutoya.com/2012/02/blog-post_1105.html,1,お年賀状|動物キャラ|干支|睡眠
411,irasutoya,https://blogger.googleusercontent.com/img/b/R29vZ2xl/AVvXsEigQYHpztjYBZv9DEP0MdqQn-b0otK9nOzWG-BASFBJ9JRGsJPVwDQawX1ZzOYfyNlbXTEHLaz_9z7UyrgoJhZ_hLLix4FOS_ybKf_T4udl9Kk3RMEbAbm5geWd-PqGGOQX3I0tNYPJ5ik/s800/dragon_cloud.png,753,526,2012-02-02,年賀状のイラスト「雲の上で寝る龍・オス」辰年・干支,雲の上で寝ている 龍のイラスト （オス）です。,https://www.irasutoya.com/2012/02/blog-post_6019.html,年賀状のイラスト「雲の上で寝る龍・オス」辰年・干支,雲の上で寝ている 龍のイラスト （オス）です。,https://www.irasutoya.com/2012/02/blog-post_6019.html,1,お年賀状|動物キャラ|干支|睡眠
410,irasutoya,https://blogger.googleusercontent.com/img/b/R29vZ2xl/AVvXsEgigKUroO8mn67XwoBNtdq4C6qe34_rO_rw98k5bw_lMBDJH-YytXg5RVfH0FmXftBSq2HZVbZSwajExsjWzjSDLkvo71ybEYo91GD29bxiL8kuGURu7ME1cH8n4xO0LjhqQAiN7slXQsY/s800/dragon_2012.png,498,596,2012-02-02,年賀状のイラスト「年号をくわえた龍」辰年・干支,龍の顔アイコン＆年号が入っています。１２年後に年号だけ書き換えて使いまわすぞー！,https://www.irasutoya.com/2012/02/blog-post_5009.html,年賀状のイラスト「年号をくわえた龍」辰年・干支,龍の顔アイコン＆年号が入っています。１２年後に年号だけ書き換えて使いまわすぞー！,https://www.irasutoya.com/2012/02/blog-post_5009.html,1,お年賀状|動物キャラ|干支
409,irasutoya,https://blogger.googleusercontent.com/img/b/R29vZ2xl/AVvXsEj98f_Dr2vOiFN6i-byic6wVANlNyEm_DtnpdxIxCmaRuFpC8EIw2yQa35T9S6juGTAV7_jQFA0Z2V-roebqV-taj23Liu-M71so229iNGjAdSi9LBwZvypO1JQQl57rCSXVW64i6AEUcY/s800/dragon_hane.png,745,568,2012-02-02,■,キューピッドのような羽の生えた龍のイラストです。,https://www.irasutoya.com/2012/02/blog-post_5764.html,■,キューピッドのような羽の生えた龍のイラストです。,https://www.irasutoya.com/2012/02/blog-post_5764.html,1,お年賀状|動物キャラ|干支
408,irasutoya,https://blogger.googleusercontent.com/img/b/R29vZ2xl/AVvXsEijnspzkQKtDOM000MHE8dzNQL9y7Jq2QoidZk0QTjYndw_GnYOkxySjYgymZQMboyHZEy-nGoi-9BNMabLS0Q_azZfAHAO-WGCanGyaMj6Rw0Eizg1lRVVBd32ohRDvmejMt8e1hm-M38/s800/dragon_good.png,498,608,2012-02-02,■,くるくる巻かれた龍のイラストです。笑顔で親指を上げて、オッケーサインを送っています。,https://www.irasutoya.com/2012/02/blog-post_5090.html,■,くるくる巻かれた龍のイラストです。笑顔で親指を上げて、オッケーサインを送っています。,https://www.irasutoya.com/2012/02/blog-post_5090.html,1,お年賀状|動物キャラ|干支
407,irasutoya,https://blogger.googleusercontent.com/img/b/R29vZ2xl/AVvXsEiqJ6rAVDILBZxVkcc5aTyQNfeDS0yAbEF89N2HF_tccmxnyzuLLNjvdCvg_lf2QU2iCSb2eLfCRS8a-am6eMqaJd1usUQRk_IVOgzfetBBidcgmAQNFeyYtKQy6dyfiDIzTeWC4H9XUxI/s800/dragon_sleep.png,725,453,2012-02-02,年賀状のイラスト「ごろごろしている龍」辰年・干支,ゴロゴロ寝転がっている寝正月の龍のイラストです。,https://www.irasutoya.com/2012/02/blog-post_161.html,年賀状のイラスト「ごろごろしている龍」辰年・干支,ゴロゴロ寝転がっている寝正月の龍のイラストです。,https://www.irasutoya.com/2012/02/blog-post_161.html,1,お年賀状|動物キャラ|干支
406,irasutoya,https://blogger.googleusercontent.com/img/b/R29vZ2xl/AVvXsEjPXFM0RVTrGDmS7NN8zTT9rCMmWvgNkCOYijvSRD0qKo9EeV-irQio_b1WhHJ5vzOa_M7URpZLHg_DjGGdrJPKElvFpRlUf7VKJzk7KXSs5E_D1QLM4xs0pA5o3nnjBpWf1WYPvQLUdAg/s800/dragon.png,523,551,2012-02-02,年賀状のイラスト 辰年・干支,スタンダードでシンプルな龍のイラストです。,https://www.irasutoya.com/2012/02/blog-post_1160.html,年賀状のイラスト 辰年・干支,スタンダードでシンプルな龍のイラストです。,https://www.irasutoya.com/2012/02/blog-post_1160.html,1,お年賀状|ファンタジー|動物キャラ|干支
405,irasutoya,https://blogger.googleusercontent.com/img/b/R29vZ2xl/AVvXsEjZzCQ1aXQMlKBIVmN4KFyHFL6lHAhTMNmaSNSTXdu2Tb0P-vLQh0nGxI0xd2G2GqizQ1Tw5NLb2uXhAYdHlqRST4-SquxT_rnpuPFJs3gtRmkgBn0jlnIlvR6L7mHmB-O7KtVcs7GbayQ/s800/dragon_kotatsu.png,675,556,2012-02-02,年賀状のイラスト「コタツであたたまる龍」辰年・干支,コタツでうたた寝をしている龍のイラストです。コタツは気持よすぎて危険ですよね。,https://www.irasutoya.com/2012/02/blog-post_3335.html,年賀状のイラスト「コタツであたたまる龍」辰年・干支,コタツでうたた寝をしている龍のイラストです。コタツは気持よすぎて危険ですよね。,https://www.irasutoya.com/2012/02/blog-post_3335.html,1,お年賀状|動物キャラ|干支
343,irasutoya,https://blogger.googleusercontent.com/img/b/R29vZ2xl/AVvXsEghBFAEqRhleuUj8s8_Me02OcyS4mgv9UaJihylDeij8f3RBRZ_3crxIvA_cB7W-Kl3V1pLCPrI2usg4xdS4JhF-lFCrnsDrzJvbNCsKMQjAmy0TDTSZtL27deEaxj0ZRIyxpEswTgH9Tg/s800/valentinesday_itachoco2.png,755,707,2012-02-02,チョコレートのイラスト「板チョコ」,袋を破って飛び出した板チョコのイラストです。,https://www.irasutoya.com/2012/02/blog-post.html,チョコレートのイラスト「板チョコ」,袋を破って飛び出した板チョコのイラストです。,https://www.irasutoya.com/2012/02/blog-post.html,1,スイーツ|バレンタイン
342,irasutoya,https://blogger.googleusercontent.com/img/b/R29vZ2xl/AVvXsEgWOUhS_A3GZ9WUXFTusgywjWlRwFdOd0936pMNjeWMKwBIHcZhy_STn7BAc6lGArASQ7dQW06FBXpYSTXHN6cKbdqC_Gnc2a1_YSmcUfnoZVRZX1rCDl_RwaJVN-M4bZIum9UxyKEwmcA/s800/valentinesday_choco_box.png,756,556,2012-02-02,バレンタインのイラスト「箱入りチョコレートセット」,ピンクの水玉の箱にに入ったチョコレートセットのイラストです。,https://www.irasutoya.com/2012/02/blog-post_02.html,バレンタインのイラスト「箱入りチョコレートセット」,ピンクの水玉の箱にに入ったチョコレートセットのイラストです。,https://www.irasutoya.com/2012/02/blog-post_02.html,1,スイーツ|バレンタイン
341,irasutoya,https://blogger.googleusercontent.com/img/b/R29vZ2xl/AVvXsEhOUbjC58DrPgv_nKApEmvh5wMgoWXWEN5G-tjKD1d9nozKQsoihm5Y5rEJBDWY-wYvt0576jYAklsVUs2A4XsAyLlZODvsMWMdmwExxvOnrjtzcgN2-nRutP5v6pvLErQFwMr84zWkAWg/s800/valentinesday_choco_couple.png,692,656,2012-02-02,チョコレートのイラスト「バレンタイン・カップル」,カップルの形をしたチョコレートのイラストです。,https://www.irasutoya.com/2012/02/blog-post_4737.html,チョコレートのイラスト「バレンタイン・カップル」,カップルの形をしたチョコレートのイラストです。,https://www.irasutoya.com/2012/02/blog-post_4737.html,1,スイーツ|バレンタイン
340,irasutoya,https://blogger.googleusercontent.com/img/b/R29vZ2xl/AVvXsEh_1jZ_xGU9kaIDH8zAfXqi1hSkf0oOEWQ0e-iQl0VBUyRFGa74x8cjmfRdFkjFOojiLNulCzHfBjpkEuFyG1m4sLIARAIg6Y3gjQlkiNNvlGnfEaXqHtkf6CjJYVmD1DTmoa8etMlyLVM/s800/dragon_kigurumi.png,418,548,2012-02-02,年賀状のイラスト「龍の着ぐるみのキャラクター」辰年・干支,可愛いドラゴンのきぐるみキャラクターです。,https://www.irasutoya.com/2012/02/blog-post_4335.html,年賀状のイラスト「龍の着ぐるみのキャラクター」辰年・干支,可愛いドラゴンのきぐるみキャラクターです。,https://www.irasutoya.com/2012/02/blog-post_4335.html,1,お年賀状|動物キャラ|干支
353,irasutoya,https://blogger.googleusercontent.com/img/b/R29vZ2xl/AVvXsEgPPYarEaafyy5AUJ3VBTABB2dtswzc_7zxIv2S0shl4oSjAlYgZOeIIK8N58eYaMdwZxtVTqm3-9QsrQrHtLbeVl5CBZiLCaDs4tTyXbVXL9L9Ne4o82GHP2uMhpNviAOVloGJ5ZQBef8/s800/setsubun_ehomaki.png,706,572,2012-01-31,節分のイラスト「恵方巻き」,細長く伸びた恵方巻のイラストです。,https://www.irasutoya.com/2012/01/blog-post_9862.html,節分のイラスト「恵方巻き」,細長く伸びた恵方巻のイラストです。,https://www.irasutoya.com/2012/01/blog-post_9862.html,1,お寿司|節分|食べ物
352,irasutoya,https://blogger.googleusercontent.com/img/b/R29vZ2xl/AVvXsEgSQjN37LDQrdnHqbG77Ds-YszlLO761WlIXtibKUFP1HUKNULL_ad7igS2LzZGZ2yUCjNCRIfJStSkMA_KTtMjTYKrB7Rp3RxmO_OqeOjn6yHh72ZLlF1JNrmH_xWQ29RH04EEbujKCYQ/s800/setsubun_ehomaki3.png,726,534,2012-01-31,節分のイラスト「恵方巻き３本」,,https://www.irasutoya.com/2012/01/blog-post_4449.html,節分のイラスト「恵方巻き３本」,,https://www.irasutoya.com/2012/01/blog-post_4449.html,1,お寿司|節分|食べ物
351,irasutoya,https://blogger.googleusercontent.com/img/b/R29vZ2xl/AVvXsEi5ap_yzqgt1ZyXKs0WrapLs4nz9IwZEZ3V98dkCyC3cQt-058xz4AYQhQfw1D3U9c3nd3K-b2Yheq6EDc57pESwh5kA5Dktqe3a_KnpVOzKbVJiy363pvWaWXLpyUcgU0EjnpadlE30Co/s800/setsubun_iwashi.png,701,553,2012-01-31,節分のイラスト「厄除け鰯と柊」,,https://www.irasutoya.com/2012/01/blog-post_1032.html,節分のイラスト「厄除け鰯と柊」,,https://www.irasutoya.com/2012/01/blog-post_1032.html,1,節分|食べ物|魚
350,irasutoya,https://blogger.googleusercontent.com/img/b/R29vZ2xl/AVvXsEjqdC2q2RRmTCK5m7nM-Iut5LbpBgrE45wAo6FtZz8QKCwdRQxq_bhJIiHvIghPqXsu55Q8CBkLURr9EsWqbON953X3CC4TK_DAx9dRa18wez2mXxFjXeZTBu731WOWYUgZn3iGjkwl7TY/s800/setsubun_okame.png,569,566,2012-01-31,節分のイラスト「オカメさん」,,https://www.irasutoya.com/2012/01/blog-post_7145.html,節分のイラスト「オカメさん」,,https://www.irasutoya.com/2012/01/blog-post_7145.html,1,節分
349,irasutoya,https://blogger.googleusercontent.com/img/b/R29vZ2xl/AVvXsEgRZ-cDNxkCq5k0jvdt6IlMR1TecTovzFzQ6rGPaUFFxbBmm-yLtFjHx6tHPxcqJoO023MnGcRrnS2PI4j13-rK7cuZBk39pEx39KVe6NVzVKimn2SGQ6SnW82eP6t8h996V-MPEbTOmBM/s800/setsubun_mame.png,466,409,2012-01-31,節分のイラスト「豆まき 炒り豆」,,https://www.irasutoya.com/2012/01/blog-post_3481.html,節分のイラスト「豆まき 炒り豆」,,https://www.irasutoya.com/2012/01/blog-post_3481.html,1,スイーツ|節分|食べ物
348,irasutoya,https://blogger.googleusercontent.com/img/b/R29vZ2xl/AVvXsEimztMpsJpJxoH6stxJ-b7WUHDpKORxlLkAr3gh0yxR2Z6d3_-Z25ag1KYRrt4NEz_SBFDs_W77rtBEWIGwAhEDmKsN-fa5gOXEvxwv9yjl68eOwmmqjT15KVgjhjpaw45rHdddiUIjImU/s800/setsubun_mamemaki.png,578,570,2012-01-31,節分のイラスト「豆まき 枡」,,https://www.irasutoya.com/2012/01/blog-post_7973.html,節分のイラスト「豆まき 枡」,,https://www.irasutoya.com/2012/01/blog-post_7973.html,1,スイーツ|節分|食べ物
347,irasutoya,https://blogger.googleusercontent.com/img/b/R29vZ2xl/AVvXsEgG50fm0YyBogmuLpzC76YHQ6FMA0vYHEWjUbB1PA0sGPOUm80KP215rllvb8GNQbzXgUL0Bxz9GAWAUYcD4leZFkGWiK0DtsFsMMifI-fYKqB_alad1EGXd9qzUbcYRs5XnWL1cwkH2OA/s800/setsubun_tora.png,532,431,2012-01-31,節分のイラスト「トラ柄パンツ」,,https://www.irasutoya.com/2012/01/blog-post_1394.html,節分のイラスト「トラ柄パンツ」,,https://www.irasutoya.com/2012/01/blog-post_1394.html,1,ファッション|節分
346,irasutoya,https://blogger.googleusercontent.com/img/b/R29vZ2xl/AVvXsEgFFNhpTONhkCLIUY0WmyweNd_AomeW8gBvK0oNo8Mt9w86SOLJAzAMDTFpmDpbdT39igF5aSMBYtoD0EC7L5ATbdKl59KnG72wxIIpKKJELwSVgVPGNtlXEyjRXwWuSO4Z7tSvqU2GFnE/s800/setsubun_setsubun.png,800,543,2012-01-31,節分のイラスト「タイトル文字」,,https://www.irasutoya.com/2012/01/blog-post_9166.html,節分のイラスト「タイトル文字」,,https://www.irasutoya.com/2012/01/blog-post_9166.html,1,文字|節分
345,irasutoya,https://blogger.googleusercontent.com/img/b/R29vZ2xl/AVvXsEh22c308W6VfSstAAiREAYNtKm8r9L4jyMEriyuKEmtqFAuBQt0i88MEDWgPqaEi7PvISD9VhYn1Y_UyVq2yOF5Z7Gm5JDFSR_GRM5V4svExEsPLGm73QFrPrFKnQlC8STvFV0nAxdYaRA/s800/setsubun_aooni.png,578,619,2012-01-31,節分のイラスト「笑う青鬼」,太い眉毛のかわいい青鬼のイラストです。,https://www.irasutoya.com/2012/01/blog-post_6857.html,節分のイラスト「笑う青鬼」,太い眉毛のかわいい青鬼のイラストです。,https://www.irasutoya.com/2012/01/blog-post_6857.html,1,節分
344,irasutoya,https://blogger.googleusercontent.com/img/b/R29vZ2xl/AVvXsEirg_0XNNmpwEKXTLaHwn6VI2u6IlbfHJuAkg4I7EDGnK_bNzUw0rxN1_rjAGLTr61_GQKyqVuWOr2VGY1NBWC-gl49mJQEk6Qkq4eqizZaYWlSQhfvHoZuJQVPICtKK3rDfIA3rWF8_BY/s800/setsubun_akaoni.png,693,627,2012-01-31,節分のイラスト「笑う赤鬼」,太い眉毛で笑う可愛い赤鬼のイラストです。,https://www.irasutoya.com/2012/01/blog-post_9196.html,節分のイラスト「笑う赤鬼」,太い眉毛で笑う可愛い赤鬼のイラストです。,https://www.irasutoya.com/2012/01/blog-post_9196.html,1,節分
363,irasutoya,https://blogger.googleusercontent.com/img/b/R29vZ2xl/AVvXsEj29AR-c7nHwlQEXU_TUOEwS6UAdXp7loZtY5T9eLoy2znlhNDIHtzn9xwscZhDfQkadiec4yhIleaA4pHAn9uHljSeezainQOpnEh_zE_iYpVSgs9Df28ClovSchyrxBevOQGF81t7lPw/s800/paint_number_0.png,168,197,2010-06-17,数字のペンキ文字「0」,,https://www.irasutoya.com/2017/12/numberp.html,数字のペンキ文字「0」,,https://www.irasutoya.com/2017/12/numberp.html,1,ペンキ書体
362,irasutoya,https://blogger.googleusercontent.com/img/b/R29vZ2xl/AVvXsEjP5VNIEg3Uq1jQ3BWxj1Sp9nozRk7YCCSCkheFlaZSZKN2D8Otw0OWDAaF4sSNRIaR5gUAX_urnF7KaDAZ0ZNfjaa1pEZrE9dVIyY0syHLlsTwvWrbbsB2U6sxs4hqa8t4fQrNXkDUBEw/s800/paint_number_9.png,168,197,2010-06-17,数字のペンキ文字「9」,,https://www.irasutoya.com/2017/12/numberp.html,数字のペンキ文字「9」,,https://www.irasutoya.com/2017/12/numberp.html,1,ペンキ書体
361,irasutoya,https://blogger.googleusercontent.com/img/b/R29vZ2xl/AVvXsEglOePpkGRaoZOBpt40Kk1oapI8fBvXH0nb7WIBB6tF5Gv9x7wy7hHqp4kr0bV8eXu_iTM95t4RgIFNGHOFizPJUcmSBgVQ9OMwuI3ksGIW60YtuWb9dzANzN9gk1qbiNMc2XKjP5EbWNc/s800/paint_number_8.png,168,197,2010-06-17,数字のペンキ文字「8」,,https://www.irasutoya.com/2017/12/numberp.html,数字のペンキ文字「8」,,https://www.irasutoya.com/2017/12/numberp.html,1,ペンキ書体
360,irasutoya,https://blogger.googleusercontent.com/img/b/R29vZ2xl/AVvXsEiAo6mKPD04I6Uwf80D_6yHVPvp_goS02gCoqhxDBC22ibXCYguxGsSL6f7HFIUDRsxvWNu929jVzyEYKkTy2J4sSKwXF02Dq-axi3zniC9kr_GsXsvLsTKhy7xMaTTPJrVF8GzE7mwtZo/s800/paint_number_7.png,168,197,2010-06-17,数字のペンキ文字「7」,,https://www.irasutoya.com/2017/12/numberp.html,数字のペンキ文字「7」,,https://www.irasutoya.com/2017/12/numberp.html,1,ペンキ書体
359,irasutoya,https://blogger.googleusercontent.com/img/b/R29vZ2xl/AVvXsEh5qXh2OMpWR3Omq8Jzp5JgSmPyqlNbJUuDNi_MOvFVFOh1x848LPGMXGb1N_OieaBNMWGUnUzNh2_Lc_LfMUWuT3NZvMCkqcEZBt30OLBbFj78T00DTXabUYcJo7l6GdELJYArlfxkGP4/s800/paint_number_6.png,168,197,2010-06-17,数字のペンキ文字「6」,,https://www.irasutoya.com/2017/12/numberp.html,数字のペンキ文字「6」,,https://www.irasutoya.com/2017/12/numberp.html,1,ペンキ書体
358,irasutoya,https://blogger.googleusercontent.com/img/b/R29vZ2xl/AVvXsEiyBaM0fHbNjUfIisA0yFnG-ii9Xu5ltCFjs3H83hwfsTaR-5YaLMSFo8jhL3mFanrrdSGKRmSkFjIAnTL1iiE-AsjMewYjnbI92TtgGLI0wed0owqjNj4bT3XnffmPIeeU-ws-sJdO-6s/s800/paint_number_5.png,168,197,2010-06-17,数字のペンキ文字「5」,,https://www.irasutoya.com/2017/12/numberp.html,数字のペンキ文字「5」,,https://www.irasutoya.com/2017/12/numberp.html,1,ペンキ書体
357,irasutoya,https://blogger.googleusercontent.com/img/b/R29vZ2xl/AVvXsEg_VJtUOOdPMZ1HNrdHE37UkXsTa3UJFmLqoMypG1MY3JrgZv6R8wwYtiMvNZ7F2RhAV9OuVqz1fAQlIHwxMHiJLSkf72kQETqRXxq5JGIEqCjkFz8MpmnJGbLfLkpDZboGF_2cXisE3Ew/s800/paint_number_4.png,168,197,2010-06-17,数字のペンキ文字「4」,,https://www.irasutoya.com/2017/12/numberp.html,数字のペンキ文字「4」,,https://www.irasutoya.com/2017/12/numberp.html,1,ペンキ書体
356,irasutoya,https://blogger.googleusercontent.com/img/b/R29vZ2xl/AVvXsEgvFWuGZC-0Yfes4yXtQoCyUgAetD9IzmdTeA5m9KcwLxQAqAuyXAgZwCo5fMGmoNeotUMeyKDVeTDcG58Q3hH1d8_eniA5iMbC-30tUHhPJi6PjRXG0SYDjbuUsD7LCl7JMxCLXleJxlU/s800/paint_number_3.png,168,197,2010-06-17,数字のペンキ文字「3」,,https://www.irasutoya.com/2017/12/numberp.html,数字のペンキ文字「3」,,https://www.irasutoya.com/2017/12/numberp.html,1,ペンキ書体
355,irasutoya,https://blogger.googleusercontent.com/img/b/R29vZ2xl/AVvXsEidFhizmUmW9TZnPnVxLx_NVa2ROtGBfJiOwwZ1FWbDha53rtp7EjoUdqpxI4jU44L5ldcQAhPLHe2DpIqWlcIxOOAsw1Epx5XElzYkthvK80dzzUfIS1Vs2RVg94vnLcjjkgDdap0RQwk/s800/paint_number_2.png,190,197,2010-06-17,数字のペンキ文字「2」,,https://www.irasutoya.com/2017/12/numberp.html,数字のペンキ文字「2」,,https://www.irasutoya.com/2017/12/numberp.html,1,ペンキ書体
354,irasutoya,https://blogger.googleusercontent.com/img/b/R29vZ2xl/AVvXsEiKIDq0R7cjIJ81bvOGfzS35yFHae3Eq511C_21yJc6u2QaBeWL2j8sq4nlPZpPFqc2fwTQsJErn9TM7Wulgwy5qgQW94dmyKeDI3hBPAD-xtUjgBCojm4wI5PyWibHYGCkYQxiy12a6Zg/s800/paint_number_1.png,168,197,2010-06-17,数字のペンキ文字「1」,,https://www.irasutoya.com/2017/12/numberp.html,数字のペンキ文字「1」,,https://www.irasutoya.com/2017/12/numberp.html,1,ペンキ書体
339,irasutoya,https://blogger.googleusercontent.com/img/b/R29vZ2xl/AVvXsEgnwWBiZ6B1WGFLHMnDJGglo52SzXt1SWXS44HyDciEh_lt9gLTUuGoYP6ACpKpx_VIF1OUizfMqFn4yBnFKDLoCuxqjLlQaT8ZSG2TS7yJAOqDvyZS5Wtl3PNRD5tDFGFmA2qEE3RWF5I/s800/paint_hoka2_14_kakko_left.png,127,242,2010-06-17,アルファベットのペンキ文字「左括弧」,,https://www.irasutoya.com/2017/12/alphabetp.html,アルファベットのペンキ文字「左括弧」|記号のペンキ文字「左括弧」,|,https://www.irasutoya.com/2017/12/alphabetp.html|https://www.irasutoya.com/2017/12/symbolp.html,2,ペンキ書体
338,irasutoya,https://blogger.googleusercontent.com/img/b/R29vZ2xl/AVvXsEjzE-o2103l-YLc5KrZk9c4Rhfz_st1f78aydZkMGTC45K6E2kU4j1UcIGN-Vh74ojj2lCzX5F3B7sHeCqkM3u6-vBSiZyvtxOt3LpOsHV0WLA2xLFJT70m4gTo_SJm20yiks3GbRBOzRk/s800/paint_hoka2_13_kakko_right.png,127,242,2010-06-17,アルファベットのペンキ文字「右括弧」,,https://www.irasutoya.com/2017/12/alphabetp.html,アルファベットのペンキ文字「右括弧」|記号のペンキ文字「右括弧」,|,https://www.irasutoya.com/2017/12/alphabetp.html|https://www.irasutoya.com/2017/12/symbolp.html,2,ペンキ書体
337,irasutoya,https://blogger.googleusercontent.com/img/b/R29vZ2xl/AVvXsEhJZ2MUHwS4GpkAmfPU3a1uLAwd33xwFU-4LKMnu1GF7qsuSQCeolH_8ClKKnUPHWUiIpQu3_fiTKhFJPsaUktTj3qc-dwBJ3qPpTBHu4BjhGoWyxcszvGCE-CyTrZ_9KnkNwlwcHuJowg/s800/paint_hoka2_12_doublequot_left.png,127,242,2010-06-17,アルファベットのペンキ文字「左ダブルクオーテーション」,,https://www.irasutoya.com/2017/12/alphabetp.html,アルファベットのペンキ文字「左ダブルクオーテーション」|記号のペンキ文字「左ダブルクオーテーション」,|,https://www.irasutoya.com/2017/12/alphabetp.html|https://www.irasutoya.com/2017/12/symbolp.html,2,ペンキ書体
336,irasutoya,https://blogger.googleusercontent.com/img/b/R29vZ2xl/AVvXsEi0eRMeulwGH8-bWJwazc8kxKtzZ66LVwVIphE8JCGn4dpRWbfOdhYs60gDBwJ0qqYZlB-T60aOCQ9sA40kd8k3ybIKT2WzHcNnjNJA_yohz9pekv6gTuTBXsSt-ZwZxphc9gCEtWezehM/s800/paint_hoka2_11_doublequot_right.png,127,242,2010-06-17,アルファベットのペンキ文字「右ダブルクオーテーション」,,https://www.irasutoya.com/2017/12/alphabetp.html,アルファベットのペンキ文字「右ダブルクオーテーション」|記号のペンキ文字「右ダブルクオーテーション」,|,https://www.irasutoya.com/2017/12/alphabetp.html|https://www.irasutoya.com/2017/12/symbolp.html,2,ペンキ書体
335,irasutoya,https://blogger.googleusercontent.com/img/b/R29vZ2xl/AVvXsEgKpRCzeQ29at_SeLA0tqRDWpF0FsgSM7Pwofl6WxOpxUkXOZq_fOYEizi2jLF__DWiRlPg9Ek7TYGxccT6MyDAfmOUYtEH1Qs_ZsRnwyhviBGfgjdJw21GTHVHatEMN-a6U8CLNcWBEuc/s800/paint_hoka2_10_quot_left.png,89,242,2010-06-17,アルファベットのペンキ文字「左クォーテーションマーク」,,https://www.irasutoya.com/2017/12/alphabetp.html,アルファベットのペンキ文字「左クォーテーションマーク」|記号のペンキ文字「左クォーテーションマーク」,|,https://www.irasutoya.com/2017/12/alphabetp.html|https://www.irasutoya.com/2017/12/symbolp.html,2,ペンキ書体
334,irasutoya,https://blogger.googleusercontent.com/img/b/R29vZ2xl/AVvXsEjYNJLJDsNLyS-DUZ3WDKscQWUb9LUfG-oP89sKAlFZoXREzDhatLxBB1Rkxrkvlg5eP2lXgDatalL6-8JopezJMSF3Cz1yz0kyJ7JPLjr_OA3vS4XWClghB-h4TDCZAYxt1GzJaB5o2VI/s800/paint_hoka2_09_quot_right.png,89,242,2010-06-17,アルファベットのペンキ文字「右クォーテーションマーク」,,https://www.irasutoya.com/2017/12/alphabetp.html,アルファベットのペンキ文字「右クォーテーションマーク」|記号のペンキ文字「右クォーテーションマーク」,|,https://www.irasutoya.com/2017/12/alphabetp.html|https://www.irasutoya.com/2017/12/symbolp.html,2,ペンキ書体
333,irasutoya,https://blogger.googleusercontent.com/img/b/R29vZ2xl/AVvXsEifr-UcSmciesPAqXSHuHwXyze9oogNonJwlNXMrwDT48NVAHCkxN6I4RMDugwchIQvfU2lAgzti4hA0mzwsN65e62d3eHAHhFluTyEnidTHbK3Q3VT8NY509bS-VF87EAH8Fy6uBrpOIw/s800/paint_hoka2_08_underbar.png,179,242,2010-06-17,アルファベットのペンキ文字「アンダーバー」,,https://www.irasutoya.com/2017/12/alphabetp.html,アルファベットのペンキ文字「アンダーバー」|記号のペンキ文字「アンダーバー」,|,https://www.irasutoya.com/2017/12/alphabetp.html|https://www.irasutoya.com/2017/12/symbolp.html,2,ペンキ書体
332,irasutoya,https://blogger.googleusercontent.com/img/b/R29vZ2xl/AVvXsEirjrBXSaAbqWYAnoDBLN9MhZO4XwXKX8BfwxYyMIvOpQDdejh9Oqs2fVGJoVBxKATN6LSTsVRZ1zSiWda6NlXSrN8_HoTxVZu10gni-96ifDXX5PQgDPl38ngaxq-XMwgrrcCJR84V_8o/s800/paint_hoka2_07_hyphen.png,158,242,2010-06-17,アルファベットのペンキ文字「ハイフン」,,https://www.irasutoya.com/2017/12/alphabetp.html,アルファベットのペンキ文字「ハイフン」|記号のペンキ文字「ハイフン」,|,https://www.irasutoya.com/2017/12/alphabetp.html|https://www.irasutoya.com/2017/12/symbolp.html,2,ペンキ書体
331,irasutoya,https://blogger.googleusercontent.com/img/b/R29vZ2xl/AVvXsEgjyK6Z0I4LrvaMFVYX-S_-Si-9A0d7Qkm_8GFFVH9vBA7O-fkdoMjC8CdNgjQHlRb-7wOkFFhB7dzSIWu4to0o75Q8YkONvVtpgPpCitsQQ-iwTC64CnLikDSLD-9rR-lXa0baUf2RaFg/s800/paint_hoka2_06_slash.png,158,242,2010-06-17,アルファベットのペンキ文字「スラッシュ」,,https://www.irasutoya.com/2017/12/alphabetp.html,アルファベットのペンキ文字「スラッシュ」|記号のペンキ文字「スラッシュ」,|,https://www.irasutoya.com/2017/12/alphabetp.html|https://www.irasutoya.com/2017/12/symbolp.html,2,ペンキ書体
330,irasutoya,https://blogger.googleusercontent.com/img/b/R29vZ2xl/AVvXsEgSetlM2SF8jHQUD8MOoMe3El3oPWxSXULaNKC184xDaim3o2m3u81hS3vLdj9iqCaM6NMm8Neyww5bx4yBkhHAMfnoriRORb20uHvFPKPsFDM9qRrWpQTz9FJfHRsB4Uk1YuCBsYTDCx8/s800/paint_hoka2_05_semicolon.png,111,242,2010-06-17,アルファベットのペンキ文字「セミコロン」,,https://www.irasutoya.com/2017/12/alphabetp.html,アルファベットのペンキ文字「セミコロン」|記号のペンキ文字「セミコロン」,|,https://www.irasutoya.com/2017/12/alphabetp.html|https://www.irasutoya.com/2017/12/symbolp.html,2,ペンキ書体
329,irasutoya,https://blogger.googleusercontent.com/img/b/R29vZ2xl/AVvXsEiJ-hDOOpEDiKPMcjf_420K8oMDVTEN50YFFcZsvEBo6Gk1Si2H0t5p196WpVL6xsW3zcTgFisWtvNFD7-cu9G1A5_ysZ91bUKjmOBRdL0znfbrj_QomjrpHoCp1WoDCuWAMRXvPUR_eT4/s800/paint_hoka2_04_colon.png,111,242,2010-06-17,アルファベットのペンキ文字「コロン」,,https://www.irasutoya.com/2017/12/alphabetp.html,アルファベットのペンキ文字「コロン」|記号のペンキ文字「コロン」,|,https://www.irasutoya.com/2017/12/alphabetp.html|https://www.irasutoya.com/2017/12/symbolp.html,2,ペンキ書体
328,irasutoya,https://blogger.googleusercontent.com/img/b/R29vZ2xl/AVvXsEjtr6zZgzc2e-CvLWeMaDG8_Ks9FW-DyoLzf8qt4fIxTLEI5jr48eh3Zj55F5_9e30V-bQjNs8gWI6xq_g1jiCnmIeDjrQE48sT-tystXJJqR51jL4xBetKU3EHtFEqRPbQxNYvuIgqw2g/s800/paint_hoka2_03_atmark.png,219,242,2010-06-17,アルファベットのペンキ文字「アットマーク」,,https://www.irasutoya.com/2017/12/alphabetp.html,アルファベットのペンキ文字「アットマーク」|記号のペンキ文字「アットマーク」,|,https://www.irasutoya.com/2017/12/alphabetp.html|https://www.irasutoya.com/2017/12/symbolp.html,2,ペンキ書体
327,irasutoya,https://blogger.googleusercontent.com/img/b/R29vZ2xl/AVvXsEhdYKB3JHTanAyTAydXYorRwumcTJJtsYndy5vXSb6by6KDL9bzYENkyUHXOnU91ZB3kYj_obyw4PYXuWqxmxH7-zaDlwiBaPN06aiVSQuYHdH19Z4JinG9VHM7j0nko6yfasyUg8T4EDo/s800/paint_hoka2_02_comma.png,111,242,2010-06-17,アルファベットのペンキ文字「コンマ」,,https://www.irasutoya.com/2017/12/alphabetp.html,アルファベットのペンキ文字「コンマ」|記号のペンキ文字「コンマ」,|,https://www.irasutoya.com/2017/12/alphabetp.html|https://www.irasutoya.com/2017/12/symbolp.html,2,ペンキ書体
326,irasutoya,https://blogger.googleusercontent.com/img/b/R29vZ2xl/AVvXsEi-xuCS0_qVNP_EJ3BSiPV9pD_SKyc4kEBQSP8rj6DfGFckvxzf1sbz1c3Lh6875N4OVGfmaaWb4Ah1JmNEpy3YkiWZ9FIZvFEE8Y-qak4mFksxiN74X6W_Bj2zVE5sreU6d6zfVuCP13A/s800/paint_hoka2_01_period.png,111,242,2010-06-17,アルファベットのペンキ文字「ピリオド」,,https://www.irasutoya.com/2017/12/alphabetp.html,アルファベットのペンキ文字「ピリオド」|記号のペンキ文字「ピリオド」,|,https://www.irasutoya.com/2017/12/alphabetp.html|https://www.irasutoya.com/2017/12/symbolp.html,2,ペンキ書体
325,irasutoya,https://blogger.googleusercontent.com/img/b/R29vZ2xl/AVvXsEhmfo05XP1xDl0NUZRlvA-4PyV4vd6jBFhevhatI0AoZYCGPjFERD3i-nDZ9x7LyVwpgZ2TO65RjXxq2MvAXYKfQeGdiaP4tGG9X9Tv6axM7MVyGcz9kWAIZvVgK5SKguidM1-FJHzAa4w/s800/paint_lower_z.png,168,197,2010-06-17,アルファベットのペンキ文字「z」,,https://www.irasutoya.com/2017/12/alphabetp.html,アルファベットのペンキ文字「z」,,https://www.irasutoya.com/2017/12/alphabetp.html,1,ペンキ書体
324,irasutoya,https://blogger.googleusercontent.com/img/b/R29vZ2xl/AVvXsEihiwzLYGAHzCtZViYRyX2d2F2yZYh6HwH_HrjtDyirh7AdwHVWMYwTgcA_PDXpHe_gpO-HsknUuKTHstKUSFQwfdpiJZ2ivF58Oun5EwBuHaERAjM_DP3j1iQtZccvjyYWwmFjcf0jRu8/s800/paint_lower_y.png,168,197,2010-06-17,アルファベットのペンキ文字「y」,,https://www.irasutoya.com/2017/12/alphabetp.html,アルファベットのペンキ文字「y」,,https://www.irasutoya.com/2017/12/alphabetp.html,1,ペンキ書体
323,irasutoya,https://blogger.googleusercontent.com/img/b/R29vZ2xl/AVvXsEiW6KTZUfc-5-QrL0fcdDJxQg9_FRleK62G-pe4CRxQ-F3VLKPCKF51tAI3wPwCzwKtskNK2qAUk7i1_FLiMBwSQqEkgQr2Ng-r4TXR6N2wLdXLeCCdAXYL1tTYvI_ULgYcB_cKgvw72-M/s800/paint_lower_x.png,168,197,2010-06-17,アルファベットのペンキ文字「x」,,https://www.irasutoya.com/2017/12/alphabetp.html,アルファベットのペンキ文字「x」,,https://www.irasutoya.com/2017/12/alphabetp.html,1,ペンキ書体
322,irasutoya,https://blogger.googleusercontent.com/img/b/R29vZ2xl/AVvXsEgQJESkiUTKPTF5d-gOpyLWPw-YRQ8Vsrh5ED8yJ38c_SBlATezm8PAkWOnvjgQOlMqA8AnTkQP_iu7OCNY3RoKJ-m9BCjSj64e7tbI7wfOj4FtsdkmoSLa6ZCkrr1_OLM_3sqL1GA1X0w/s800/paint_lower_w.png,220,197,2010-06-17,アルファベットのペンキ文字「w」,,https://www.irasutoya.com/2017/12/alphabetp.html,アルファベットのペンキ文字「w」,,https://www.irasutoya.com/2017/12/alphabetp.html,1,ペンキ書体
321,irasutoya,https://blogger.googleusercontent.com/img/b/R29vZ2xl/AVvXsEji1GcIkvLKu_FVJ-KhZTIWwlB0kfNxRRsiSVFTuWZUBf6VsOCCv2x28dXJZg9XYZq5QQ87rjdz0dMpRoUYI3nF0llekLvGe6Hm0nz4DMCVlc3MrOZ00GAZvV-L-_hNSolBGGbH5b92q70/s800/paint_lower_v.png,168,197,2010-06-17,アルファベットのペンキ文字「v」,,https://www.irasutoya.com/2017/12/alphabetp.html,アルファベットのペンキ文字「v」,,https://www.irasutoya.com/2017/12/alphabetp.html,1,ペンキ書体
320,irasutoya,https://blogger.googleusercontent.com/img/b/R29vZ2xl/AVvXsEhwM_lbLwY5MYwHrQcevWaMjs6dgp_9I_PmzUT2eGmf7j3my0w5VuCHXHZ-oOXb_TmDEvzD5Q8QYE05HTUaR1WDgBuFrnrxiuP7MuTIREyxJ-aYifUClpojeEtlkjAIZzaXQ-pI_Ws7ZxY/s800/paint_lower_u.png,168,197,2010-06-17,アルファベットのペンキ文字「u」,,https://www.irasutoya.com/2017/12/alphabetp.html,アルファベットのペンキ文字「u」,,https://www.irasutoya.com/2017/12/alphabetp.html,1,ペンキ書体
319,irasutoya,https://blogger.googleusercontent.com/img/b/R29vZ2xl/AVvXsEiGY0LMPQWS-o-w1U601h9yvWeDy3mNJgl0Qtr1XGieaV3-6HhXtWpv7Pt1As2En7bPtrCkxAY-5Ac57IxlrEeVHt2Ae3UTRti9YyrEWfvGAsynu7ENpsnQF9Ei_3Ob9IuXYT1CxxvGRwQ/s800/paint_lower_t.png,168,197,2010-06-17,アルファベットのペンキ文字「t」,,https://www.irasutoya.com/2017/12/alphabetp.html,アルファベットのペンキ文字「t」,,https://www.irasutoya.com/2017/12/alphabetp.html,1,ペンキ書体
318,irasutoya,https://blogger.googleusercontent.com/img/b/R29vZ2xl/AVvXsEjiSUoIYH-y6mhoYMEWB7vYWMJqMyEmQ-MWMwTbiOmxzvI7Wm78T4y7YO1qylYmlHHl8Y1GX-4XxmvYZo37tamcR6cLlSP4krhXwquV_YCpzZBnG-peyy8RKmiKFZV74onp9enet-ZXXNA/s800/paint_lower_s.png,168,197,2010-06-17,アルファベットのペンキ文字「s」,,https://www.irasutoya.com/2017/12/alphabetp.html,アルファベットのペンキ文字「s」,,https://www.irasutoya.com/2017/12/alphabetp.html,1,ペンキ書体
317,irasutoya,https://blogger.googleusercontent.com/img/b/R29vZ2xl/AVvXsEh8ab8HbX_DkLUdapJe09Qm-NCcDMVK99JLrbmue6jXmkv3fnTHNR4_QZ-DaZf9-Gy58_K9CtggnHYHKs4Zc7EmDpXIGVhmi462IxPlVtWrEi3G5EvVaKcy9yYrkHj3au_qxcU-C3gRg_s/s800/paint_lower_r.png,168,197,2010-06-17,アルファベットのペンキ文字「r」,,https://www.irasutoya.com/2017/12/alphabetp.html,アルファベットのペンキ文字「r」,,https://www.irasutoya.com/2017/12/alphabetp.html,1,ペンキ書体
316,irasutoya,https://blogger.googleusercontent.com/img/b/R29vZ2xl/AVvXsEgiC4IcQ2-Ipt-1qz8ipn6Ol1pu5tRQxCB7dKp7cHIX-_Uiw8Zch3wghD-aojfluVJoo9hUgKnQRGiPEZ_H7z2pessvbVlW42dKOTnPvsqDtqnN47VHZtordLsYKDdMYQeXvWkzmuIKSJI/s800/paint_lower_q.png,168,197,2010-06-17,アルファベットのペンキ文字「q」,,https://www.irasutoya.com/2017/12/alphabetp.html,アルファベットのペンキ文字「q」,,https://www.irasutoya.com/2017/12/alphabetp.html,1,ペンキ書体
315,irasutoya,https://blogger.googleusercontent.com/img/b/R29vZ2xl/AVvXsEicHhaewiwqzf44zaFC3-g3cai6aEqEhFqmL5u1DFhJ0nqCGmJsgEuT1O6g3UaXuPl5gPeouDZ1gMxJnGObrPTESjMlihMBDZuMP5pugH6WCxppg88QIXEePaV9mSpyxVN2_MnOhb6CpP4/s800/paint_lower_p.png,168,197,2010-06-17,アルファベットのペンキ文字「p」,,https://www.irasutoya.com/2017/12/alphabetp.html,アルファベットのペンキ文字「p」,,https://www.irasutoya.com/2017/12/alphabetp.html,1,ペンキ書体
314,irasutoya,https://blogger.googleusercontent.com/img/b/R29vZ2xl/AVvXsEhXVjR71Bove4JOPmQ3dTqHRdFqdk0f1qSE7KaqlYuG8bvzN1EJb3t_eO97hgIGI-6-5DLiQyXO-g-G6rVTUmJIhMFiQ9zqtwHLfOY8hyphenhyphence-jOLtlGskdFICp3fQx0GRXM2m7igsAGwnsY/s800/paint_lower_o.png,168,197,2010-06-17,アルファベットのペンキ文字「o」,,https://www.irasutoya.com/2017/12/alphabetp.html,アルファベットのペンキ文字「o」,,https://www.irasutoya.com/2017/12/alphabetp.html,1,ペンキ書体
313,irasutoya,https://blogger.googleusercontent.com/img/b/R29vZ2xl/AVvXsEjEn63IzgWpGb0qGOWo9hcrQ-Ujd5AoK7L14OAHUa-oCvrdLp9oIPcyd1gh7d5FP3KO8pb2U9rV494Zh8PcLy1A8_ECNRs-1MM-uGmVh_iClMB2Hy6xJEWcVzFFF6bJ79raIGj8OIzQ0lU/s800/paint_lower_n.png,168,197,2010-06-17,アルファベットのペンキ文字「n」,,https://www.irasutoya.com/2017/12/alphabetp.html,アルファベットのペンキ文字「n」,,https://www.irasutoya.com/2017/12/alphabetp.html,1,ペンキ書体
312,irasutoya,https://blogger.googleusercontent.com/img/b/R29vZ2xl/AVvXsEih0SdbycNoxuQaCK9Ig0px8BGIWahgdBUsp7c-zRHfz5NDRKIurnTADksKa8w2lsYCaN5-p-a7NDNebNTdNT_S3rXwbaAp7u37y4wzBdAfU4ORdiptv-08NsYL5I4DWSn1DmQBCW6ZlPI/s800/paint_lower_m.png,210,184,2010-06-17,アルファベットのペンキ文字「m」,,https://www.irasutoya.com/2017/12/alphabetp.html,アルファベットのペンキ文字「m」,,https://www.irasutoya.com/2017/12/alphabetp.html,1,ペンキ書体
311,irasutoya,https://blogger.googleusercontent.com/img/b/R29vZ2xl/AVvXsEj4EgF09Nf_r942tiKu9wz8uCGiwkw1_jDEQcdT5-TXMAklnzVM7O3mpqXXBipsrq3V-LjT7zvFr2yuzhImwYo9IBDbfDUK9cJ5HyvZ8KQkAkmBnJTf131kd7CEuY8g51WX7mN1Lbu7mn8/s800/paint_lower_l.png,123,227,2010-06-17,アルファベットのペンキ文字「l」,,https://www.irasutoya.com/2017/12/alphabetp.html,アルファベットのペンキ文字「l」,,https://www.irasutoya.com/2017/12/alphabetp.html,1,ペンキ書体
310,irasutoya,https://blogger.googleusercontent.com/img/b/R29vZ2xl/AVvXsEiNDyH_vB89oUimeKPUm7hMsZ31xJcbdHqPH1JBs-GwUgVMbUeVNB4IGS1r5Jo7NHgGy2iCFJtJhESeKc0kl-8-cARaeaJqvF8chf1n-8cjL5ZtcgNRE0bI7lkWeQXTku5JoUy6tQtQR9Y/s800/paint_lower_k.png,168,197,2010-06-17,アルファベットのペンキ文字「k」,,https://www.irasutoya.com/2017/12/alphabetp.html,アルファベットのペンキ文字「k」,,https://www.irasutoya.com/2017/12/alphabetp.html,1,ペンキ書体
309,irasutoya,https://blogger.googleusercontent.com/img/b/R29vZ2xl/AVvXsEjYrnlN1OhYM64UmAn4OhM5jouY_1TIj6UdHtTGzIWUTkAtDRXH-aFFzEz21rhyphenhyphenzLrRN9b3CltwzG5gSHzzVIDS0zNe60_XW3NckuXOcbYkG_MZSKsjmjW19eIDIpfwdGUu69gTf4R18M8/s800/paint_lower_j.png,168,241,2010-06-17,アルファベットのペンキ文字「j」,,https://www.irasutoya.com/2017/12/alphabetp.html,アルファベットのペンキ文字「j」,,https://www.irasutoya.com/2017/12/alphabetp.html,1,ペンキ書体
308,irasutoya,https://blogger.googleusercontent.com/img/b/R29vZ2xl/AVvXsEh1F0zBsLlHJswdzdH6PuCfJjVMnq8jF1EaYEDwtzJi-SaGfsNbC6_0wxozY4CJ0OQpkzoXwqFuWQCy-Jmr-KHLlcm6YSakzwVYOW6N50O4DxcOsYnD46qDXKWPK1BanpLHu6MN9_JND84/s800/paint_lower_i.png,168,197,2010-06-17,アルファベットのペンキ文字「i」,,https://www.irasutoya.com/2017/12/alphabetp.html,アルファベットのペンキ文字「i」,,https://www.irasutoya.com/2017/12/alphabetp.html,1,ペンキ書体
307,irasutoya,https://blogger.googleusercontent.com/img/b/R29vZ2xl/AVvXsEjP-U8QYlz91we_Uw7zDoWkVA3Dh0SqRGRA-ZkHmgyem7BVNqIKy5DCZY2rs5mikqFrQirOpmr9OSadN3DqCbh689TrsYWQRkeNSEhhLCMiNFDlVW5r_1VVDJFA9fX1_1bgGBvFubIjuzk/s800/paint_lower_h.png,168,197,2010-06-17,アルファベットのペンキ文字「h」,,https://www.irasutoya.com/2017/12/alphabetp.html,アルファベットのペンキ文字「h」,,https://www.irasutoya.com/2017/12/alphabetp.html,1,ペンキ書体
306,irasutoya,https://blogger.googleusercontent.com/img/b/R29vZ2xl/AVvXsEjWizq47ukHhbi6HWZgfYFxnH6Bb9YQjXp-U7IQzLiQDSZw4QkMVcFLUto6CK1SZgd730a9RyIJK9mhNaO8hrWXIXiteY2kUiBRkHY9_vNTmJrqviP8ElPKpnPT8uSjhyphenhyphenUeuZkm0oBS-eE/s800/paint_lower_g.png,168,197,2010-06-17,アルファベットのペンキ文字「g」,,https://www.irasutoya.com/2017/12/alphabetp.html,アルファベットのペンキ文字「g」,,https://www.irasutoya.com/2017/12/alphabetp.html,1,ペンキ書体
305,irasutoya,https://blogger.googleusercontent.com/img/b/R29vZ2xl/AVvXsEg70TYQ7PnSEElpJ0sUmUebaD3BEaBnoiNnDBW-EHMkpKdWcuzFScS0L6by_hXMVQSoP7OXMRHKvYBIBOhgQxGTYP55xjr5TveWT3uYZFM3z-YJKXJ6a2oKURd7gN8GrY_I7u2WrX6eTFM/s800/paint_lower_f.png,168,197,2010-06-17,アルファベットのペンキ文字「f」,,https://www.irasutoya.com/2017/12/alphabetp.html,アルファベットのペンキ文字「f」,,https://www.irasutoya.com/2017/12/alphabetp.html,1,ペンキ書体
304,irasutoya,https://blogger.googleusercontent.com/img/b/R29vZ2xl/AVvXsEjErST3DDhPMlURu42tyqPZ63EpyoWnxgooC45119oMFHZYiN_T474t5BsDJ-t3Gyiq6eWrkmADuFTdY5ca2ecZqdGQcBdwsDJj5dQJxhKTcp5e51b__4-MvZ1RMjd8guy7WX_iyi_Vw8U/s800/paint_lower_e.png,168,197,2010-06-17,アルファベットのペンキ文字「e」,,https://www.irasutoya.com/2017/12/alphabetp.html,アルファベットのペンキ文字「e」,,https://www.irasutoya.com/2017/12/alphabetp.html,1,ペンキ書体
303,irasutoya,https://blogger.googleusercontent.com/img/b/R29vZ2xl/AVvXsEihg-_R1IAXbqnRe4muzPHP9j-5DPV1Y8556Kd0v4o0nCPtLb0aYRRfGp-i6k4a_ywy1XYm5PV5mdFowZVSRSdcC6lDLNM-ORwrCnbdxyrjZH9G1MvXEwR9TU6uXrEomLdA6wRuEfMoX8c/s800/paint_lower_d.png,168,197,2010-06-17,アルファベットのペンキ文字「d」,,https://www.irasutoya.com/2017/12/alphabetp.html,アルファベットのペンキ文字「d」,,https://www.irasutoya.com/2017/12/alphabetp.html,1,ペンキ書体
302,irasutoya,https://blogger.googleusercontent.com/img/b/R29vZ2xl/AVvXsEh57P2KIpdZcXZX0elY78pbxIbTM2tbHyPEQf6iCVABoJPoqKdvfXX-m-VaK5ThAkBiuPiCthAv7PrvB2Qsx6N79kZ5RMOjBoSJRkkyqIfasfg44HjYm2H-l97r8SLZHwzTKuaMz24CYGw/s800/paint_lower_c.png,168,197,2010-06-17,アルファベットのペンキ文字「c」,,https://www.irasutoya.com/2017/12/alphabetp.html,アルファベットのペンキ文字「c」,,https://www.irasutoya.com/2017/12/alphabetp.html,1,ペンキ書体
301,irasutoya,https://blogger.googleusercontent.com/img/b/R29vZ2xl/AVvXsEgpz2brpVgSNDrTwEQS7WVXdwCPyc7PICVApQh_RPVMx84FOMFJPQ-jg7yGVU4B1YB_qa-BqZGNRMsW9f7VuYUoD-b_ZW-aNB2mxR8wSy1SQvkepqy2m-B-7fVjv1O4cxmrsx5gpED2jMY/s800/paint_lower_b.png,168,197,2010-06-17,アルファベットのペンキ文字「b」,,https://www.irasutoya.com/2017/12/alphabetp.html,アルファベットのペンキ文字「b」,,https://www.irasutoya.com/2017/12/alphabetp.html,1,ペンキ書体
300,irasutoya,https://blogger.googleusercontent.com/img/b/R29vZ2xl/AVvXsEhmYy__Ix9o9Jlz3TV5e4QzT3TkrvNN0PdS0lPJ3qFyJueXZES-nzok0JSkaPVN8FVzCEKqrflQEWuBb6FrP-EY862y9RJMVReBvJJ5Qtb-xpzxGxrQIoDevgBEF5Unusdp9OaUfyw0RUE/s800/paint_lower_a.png,168,197,2010-06-17,アルファベットのペンキ文字「a」,,https://www.irasutoya.com/2017/12/alphabetp.html,アルファベットのペンキ文字「a」,,https://www.irasutoya.com/2017/12/alphabetp.html,1,ペンキ書体
299,irasutoya,https://blogger.googleusercontent.com/img/b/R29vZ2xl/AVvXsEhVDV-nSXJXLKGN0g3Z9EvfyX4RCRB8z98MVyYTu9n9ACQetdvPetgB7jriwafP5vFddCUIXzsgv2Lv16KCw-lBcarDCAeRTrMhGqqXoEPSbmP0r-T1PIEjDukup2x4-zLehh8P1HKBJy4/s800/paint_capital_z.png,168,197,2010-06-17,アルファベットのペンキ文字「Z」,,https://www.irasutoya.com/2017/12/alphabetp.html,アルファベットのペンキ文字「Z」,,https://www.irasutoya.com/2017/12/alphabetp.html,1,ペンキ書体
298,irasutoya,https://blogger.googleusercontent.com/img/b/R29vZ2xl/AVvXsEiLLK72c5WkBucNz4Q23NrySniP4TIE5MeH_1u_W-Su_PD0IRxLS7poMOh2r19Vm4Tm3kUSflgolkmGwlNK13A9xEo4APsbfPgf05def8Y4a5x1eQLRr-Ij38ZHp-XT4zGSW-rAI3uzFxc/s800/paint_capital_y.png,168,197,2010-06-17,アルファベットのペンキ文字「Y」,,https://www.irasutoya.com/2017/12/alphabetp.html,アルファベットのペンキ文字「Y」,,https://www.irasutoya.com/2017/12/alphabetp.html,1,ペンキ書体
297,irasutoya,https://blogger.googleusercontent.com/img/b/R29vZ2xl/AVvXsEg6zXax4t_NxOK2mV0B_Q5OfTZniMISEu8HXqwQzhmzaUbNCuv7wSWidjlQeSOCUghm7JT3I9phqBiZ2OnWyWjIuK3NKW5iSY2tiN0XppU0sha5Eo26_tk9OloPs2losgvLIDuqks5DEnk/s800/paint_capital_x.png,168,197,2010-06-17,アルファベットのペンキ文字「X」,,https://www.irasutoya.com/2017/12/alphabetp.html,アルファベットのペンキ文字「X」,,https://www.irasutoya.com/2017/12/alphabetp.html,1,ペンキ書体
296,irasutoya,https://blogger.googleusercontent.com/img/b/R29vZ2xl/AVvXsEjFocoDpC_e3RnmMTurfDXNypJ6shPR7VF81gc6HmJPO4U6wFBQYXa5pZTgsyETSjcyl_Cgorok8YKgNJRbIjWIuBfJIf43JEantfdINeJ2a1B0qbfBsyRHZIHnV1RkxnsXh_Fh6naIlqE/s800/paint_capital_w.png,197,197,2010-06-17,アルファベットのペンキ文字「W」,,https://www.irasutoya.com/2017/12/alphabetp.html,アルファベットのペンキ文字「W」,,https://www.irasutoya.com/2017/12/alphabetp.html,1,ペンキ書体
295,irasutoya,https://blogger.googleusercontent.com/img/b/R29vZ2xl/AVvXsEigyjUwmc1nvQ1brZsTw5qj7Nty-zarxRoUmGLVngE0s4scu6_AFXVTlij-pFO8IZbSMuq0SZfwnHLeMHfz4zi3neb3eL6Wbm8PvELQ-D62UBjR9kDwimwGku23tJtjM1T0nmVVhyOkZHU/s800/paint_capital_v.png,168,197,2010-06-17,アルファベットのペンキ文字「V」,,https://www.irasutoya.com/2017/12/alphabetp.html,アルファベットのペンキ文字「V」,,https://www.irasutoya.com/2017/12/alphabetp.html,1,ペンキ書体
294,irasutoya,https://blogger.googleusercontent.com/img/b/R29vZ2xl/AVvXsEhTpD-2BsgxP407noIEOXHabuiibmdKdn9O-Lf17Bpw4-aiuOnQZ0V7cC48_qtIhRqXXjrBSo-SRdG_YEMWYzE_MybBsszpTb3DYRir8GcOossKkifpVW0lATCstgmE0vj9C_6IPcGI91M/s800/paint_capital_u.png,168,197,2010-06-17,アルファベットのペンキ文字「U」,,https://www.irasutoya.com/2017/12/alphabetp.html,アルファベットのペンキ文字「U」,,https://www.irasutoya.com/2017/12/alphabetp.html,1,ペンキ書体
293,irasutoya,https://blogger.googleusercontent.com/img/b/R29vZ2xl/AVvXsEjl4Wy_u3SzBSeujm3-1p4gQlxId-crwk1KDlZ1RGPmOoOszquRrA8Gp1dU3Tq2pzUriV061lGdO0E25ed5Dy6l_zQTvzZGYkUICpHgbfLdxrlyiQ5mjy4-9EOSqy83JVa_zl3E6rI1_ng/s800/paint_capital_t.png,168,197,2010-06-17,アルファベットのペンキ文字「T」,,https://www.irasutoya.com/2017/12/alphabetp.html,アルファベットのペンキ文字「T」,,https://www.irasutoya.com/2017/12/alphabetp.html,1,ペンキ書体
292,irasutoya,https://blogger.googleusercontent.com/img/b/R29vZ2xl/AVvXsEjMH4VHuFBb51pRsu7IFB91DHITuu5UQqX2mWIa8uCqTqPMGNZXdacqzNBhm6vJHoJS0dqtTsDsdhsRVuPH0mw9Y_HjJTvWvRekno6PIorgI8jgR29ALYVDirFhC2c4JGN6-mrfeJFtHc0/s800/paint_capital_s.png,168,197,2010-06-17,アルファベットのペンキ文字「S」,,https://www.irasutoya.com/2017/12/alphabetp.html,アルファベットのペンキ文字「S」,,https://www.irasutoya.com/2017/12/alphabetp.html,1,ペンキ書体
291,irasutoya,https://blogger.googleusercontent.com/img/b/R29vZ2xl/AVvXsEi8cNgrBs3-GBnrpRi2WkSRUDa48h-XeTd-IG2PNl4ZvvucLCJgo3IVc-gBbE78BEnE4b5rE3d9o4k6qlg8wnUs2-pB3H1oGHNwDs86nRVrp6I_odt1OZQUtYWPF_gKwZZwCnNCWsSuHhc/s800/paint_capital_r.png,168,197,2010-06-17,アルファベットのペンキ文字「R」,,https://www.irasutoya.com/2017/12/alphabetp.html,アルファベットのペンキ文字「R」,,https://www.irasutoya.com/2017/12/alphabetp.html,1,ペンキ書体
290,irasutoya,https://blogger.googleusercontent.com/img/b/R29vZ2xl/AVvXsEioHAE9uJeeqpUc9tUZVugbUdeAHLdvSLiXbaYJHvGI8XTbJEJCpxm279jAiE2L8MIOSoJzj3kLP5yMBvh3ezEcBA2wmV6K5HRcllzTEOLZcq3BB45iKVQuGbeUjpgRKC1wIL12M4w_njY/s800/paint_capital_q.png,168,197,2010-06-17,アルファベットのペンキ文字「Q」,,https://www.irasutoya.com/2017/12/alphabetp.html,アルファベットのペンキ文字「Q」,,https://www.irasutoya.com/2017/12/alphabetp.html,1,ペンキ書体
289,irasutoya,https://blogger.googleusercontent.com/img/b/R29vZ2xl/AVvXsEjWBTGOekItXuM6y9zV1ZtcbxSLHsu-JENbUfHy9vp1cOZmpmO9iIVpDWzhGgin1vG_8eeIpIPjm0b6I9lI2-rTPk5VUvR3Ci8ckgkhVRkGtTBMjy87aEZPvfnUv6u4ib7c3Vbd65jlxAM/s800/paint_capital_p.png,168,197,2010-06-17,アルファベットのペンキ文字「P」,,https://www.irasutoya.com/2017/12/alphabetp.html,アルファベットのペンキ文字「P」,,https://www.irasutoya.com/2017/12/alphabetp.html,1,ペンキ書体
288,irasutoya,https://blogger.googleusercontent.com/img/b/R29vZ2xl/AVvXsEjyJgSQkpokbSDvWd0LV9ZkOMOlV_Cl09uO0oLej-J92cQd5GXF0DrA_kPCln1IQGimFCeH56Ep4-7_kwclzUKXrKgJ5AXKIv19ZegqtURI3xS259EAnQTzUJKu2rql4n4bPUWJsfoPTy0/s800/paint_capital_o.png,168,197,2010-06-17,アルファベットのペンキ文字「O」,,https://www.irasutoya.com/2017/12/alphabetp.html,アルファベットのペンキ文字「O」,,https://www.irasutoya.com/2017/12/alphabetp.html,1,ペンキ書体
287,irasutoya,https://blogger.googleusercontent.com/img/b/R29vZ2xl/AVvXsEj48WHfMZTOuAcBRvoOfRfiTvo5LOJHsGXj9toBNbI77hEHNmqVXD-C2-Mz67irzXFhNKxJ5j7KMcsMQKHOKaWvPRvIUhzof60bcj3VYJnRLpYrXtPatWWtOGL0omXetjFs6vZL1fvBpBY/s800/paint_capital_n.png,168,197,2010-06-17,アルファベットのペンキ文字「N」,,https://www.irasutoya.com/2017/12/alphabetp.html,アルファベットのペンキ文字「N」,,https://www.irasutoya.com/2017/12/alphabetp.html,1,ペンキ書体
286,irasutoya,https://blogger.googleusercontent.com/img/b/R29vZ2xl/AVvXsEj1b1F4kTEsBAeGJoTp1I4Af6RIO8Htt9rwWGby1laFV7sPiEVXlvmwptH6Y5h1PYs9d9jRHkbw3O-Pk1dUZG60lZNopNkK_N0Amz9zcq4wwbT0aLPctyZUvJXs5CgRIICp_9sJmUxRcXk/s800/paint_capital_m.png,190,197,2010-06-17,アルファベットのペンキ文字「M」,,https://www.irasutoya.com/2017/12/alphabetp.html,アルファベットのペンキ文字「M」,,https://www.irasutoya.com/2017/12/alphabetp.html,1,ペンキ書体
285,irasutoya,https://blogger.googleusercontent.com/img/b/R29vZ2xl/AVvXsEiyMAJ6jEfvNhxGUKX8vuaK6mYFOIpJhDAwcS_iWhteRIFjFQVTnQB1FRX11950jUvs-SQRcv8_reRp4233vjBdkQBf6-KJcAGYQAHINws06qDMjrbcfRRa_a_lkHLgYRlgZjFgqc96DsE/s800/paint_capital_l.png,168,197,2010-06-17,アルファベットのペンキ文字「L」,,https://www.irasutoya.com/2017/12/alphabetp.html,アルファベットのペンキ文字「L」,,https://www.irasutoya.com/2017/12/alphabetp.html,1,ペンキ書体
284,irasutoya,https://blogger.googleusercontent.com/img/b/R29vZ2xl/AVvXsEg_Wo0y30LWvygycwilKNTzz6k6Q7g4XBbaV1-tR7smECeXfdAQX1LKDs9TxWHmcLBdZbGTnpFyWNwifghthr4FApXbhdkgZpWYdA5GFWNDGFe2S8SXl0Igy8-8txDAPAdfh7rNz0SYKWc/s800/paint_capital_k.png,168,197,2010-06-17,アルファベットのペンキ文字「K」,,https://www.irasutoya.com/2017/12/alphabetp.html,アルファベットのペンキ文字「K」,,https://www.irasutoya.com/2017/12/alphabetp.html,1,ペンキ書体
283,irasutoya,https://blogger.googleusercontent.com/img/b/R29vZ2xl/AVvXsEgxckaN5d_X0PVpYqhlVbLVqrYiqtXDaplQAjORQSbydpJS-jrRTEcyMx11YUsHQCKaXcNz3FadtvJXDmHgRT0rI7emk1fuxaySAOccs1dj9rbjUEz-vOacddzRX96xJTrqvfPV-bW8FOg/s800/paint_capital_j.png,168,197,2010-06-17,アルファベットのペンキ文字「J」,,https://www.irasutoya.com/2017/12/alphabetp.html,アルファベットのペンキ文字「J」,,https://www.irasutoya.com/2017/12/alphabetp.html,1,ペンキ書体
282,irasutoya,https://blogger.googleusercontent.com/img/b/R29vZ2xl/AVvXsEhJwV4R2i-ApSZn4_As0bNLSeXISU5BGUQ52cTyPs9GVIkV5VA1pAGyDZQNPR3RjVqvq5G_VYMkC-9s5ncBXqTJAo31QPcsvTEtjPBIPBVSLETGmTrTF6v92Fp64Du_gLO4sPlYQK1MvEU/s800/paint_capital_i.png,168,197,2010-06-17,アルファベットのペンキ文字「I」,,https://www.irasutoya.com/2017/12/alphabetp.html,アルファベットのペンキ文字「I」,,https://www.irasutoya.com/2017/12/alphabetp.html,1,ペンキ書体
281,irasutoya,https://blogger.googleusercontent.com/img/b/R29vZ2xl/AVvXsEizIenX8EmbEYH36iHJrGPK22HYO8F9h6FcAz1IdyvteWMC9wYsUGlr4G3bpR06n5WQBl8VMc4gfvhKnhr4zdUFPEEdr4tBjZQVP1cSv0ODDmi7I7HDNQ8n_SyM8OQ3UFvu6bmnSPcXg8Q/s800/paint_capital_h.png,168,197,2010-06-17,アルファベットのペンキ文字「H」,,https://www.irasutoya.com/2017/12/alphabetp.html,アルファベットのペンキ文字「H」,,https://www.irasutoya.com/2017/12/alphabetp.html,1,ペンキ書体
280,irasutoya,https://blogger.googleusercontent.com/img/b/R29vZ2xl/AVvXsEgobwjgxQORHwI95bCABrqecBV_2ckTJgZ9WmPjp39-9DMsWuVovDeIxJSGPhiSjJ9Q3ttZLE9VkFEa7l43lgXXhsbCp1ihL1G-3QzSv4eJhdB2Isa7wowCoRUhGG000Vosg4cavHd9bCI/s800/paint_capital_g.png,168,197,2010-06-17,アルファベットのペンキ文字「G」,,https://www.irasutoya.com/2017/12/alphabetp.html,アルファベットのペンキ文字「G」,,https://www.irasutoya.com/2017/12/alphabetp.html,1,ペンキ書体
279,irasutoya,https://blogger.googleusercontent.com/img/b/R29vZ2xl/AVvXsEhkrny3zenzNFroMJYffimjeqIBsQjd_c5PhgAfcT0N8X0m3aybhZMLn7rpfeHVY7R9hJ57CSfle0lJmepbWbqcEW50gIvtbjMyTPmkAEPZnDtiqj1iOv9H103x27cufuc2sSrCD4L2xXk/s800/paint_capital_f.png,168,197,2010-06-17,アルファベットのペンキ文字「F」,,https://www.irasutoya.com/2017/12/alphabetp.html,アルファベットのペンキ文字「F」,,https://www.irasutoya.com/2017/12/alphabetp.html,1,ペンキ書体
278,irasutoya,https://blogger.googleusercontent.com/img/b/R29vZ2xl/AVvXsEiFtjLc5NQBOUNSiXhHvZXRYtw0OYL7YBdTjp8JW_BADJVhcSftBZwYFit4xGbnskr2nbB01EorG_WlDBwmLWYlDMy9qRfOWmZbkrF0cVYcA0nO_p8CtnZIpgj8GSOK9pnBBA6xnqDZd5k/s800/paint_capital_e.png,168,197,2010-06-17,アルファベットのペンキ文字「E」,,https://www.irasutoya.com/2017/12/alphabetp.html,アルファベットのペンキ文字「E」,,https://www.irasutoya.com/2017/12/alphabetp.html,1,ペンキ書体
277,irasutoya,https://blogger.googleusercontent.com/img/b/R29vZ2xl/AVvXsEjoHwcJBOcOxdappfUBU2rrx7lvHFZr00z7dk-KeKAsvoHrO-7Uj90kn5mC0SuJNdbh0uwkidVGgfi3IYOGCtJKRs6qY8bQ72MntFIG7q7OKNrpdjwlRf4bkv7it8oAa4fRubcOHjtaVgM/s800/paint_capital_d.png,168,197,2010-06-17,アルファベットのペンキ文字「D」,,https://www.irasutoya.com/2017/12/alphabetp.html,アルファベットのペンキ文字「D」,,https://www.irasutoya.com/2017/12/alphabetp.html,1,ペンキ書体
276,irasutoya,https://blogger.googleusercontent.com/img/b/R29vZ2xl/AVvXsEjQwPpfknFIg5_P3E6vm-BOHZZT3LoOcTLVksxUJx1Q2zvSf0CMt8d4DQe2JxRtnq4jCiFf4nnGIzIFJT0gTxTzg3Yzxl1VNZGpjbVz1OmM3ZHRHpF_hLiUa7GO-qumk9bGYay4T2_szLU/s800/paint_capital_c.png,168,197,2010-06-17,アルファベットのペンキ文字「C」,,https://www.irasutoya.com/2017/12/alphabetp.html,アルファベットのペンキ文字「C」,,https://www.irasutoya.com/2017/12/alphabetp.html,1,ペンキ書体
275,irasutoya,https://blogger.googleusercontent.com/img/b/R29vZ2xl/AVvXsEjxdJHcVq-QNk0t2xHKC2c0648NcoCxFmdeqzSa-B6FozceDMlC6g8jQXIAh94Zvoa7iNdrlaGizMJlDvIJt3iN_8gPoPaH5ci806deEVKbNq9Yj27akhylcmfH5RyNZyGBflPA32tPuxE/s800/paint_capital_b.png,168,197,2010-06-17,アルファベットのペンキ文字「B」,,https://www.irasutoya.com/2017/12/alphabetp.html,アルファベットのペンキ文字「B」,,https://www.irasutoya.com/2017/12/alphabetp.html,1,ペンキ書体
274,irasutoya,https://blogger.googleusercontent.com/img/b/R29vZ2xl/AVvXsEiQeFmoZXLiRj6m7n5quO8lUIrlmact4MR0VTUIFtZ2i0KONHi-kjSXPhrIL_3RB-jYPZb97b2FsCtvvBYTR1Qc3lgXBMs6XA9YHKbL1bV4zq7-KkWXzZClBEuINKgqNyOa0Q5sWSE7m4E/s800/paint_capital_a.png,168,197,2010-06-17,アルファベットのペンキ文字「A」,,https://www.irasutoya.com/2017/12/alphabetp.html,アルファベットのペンキ文字「A」,,https://www.irasutoya.com/2017/12/alphabetp.html,1,ペンキ書体
273,irasutoya,https://blogger.googleusercontent.com/img/b/R29vZ2xl/AVvXsEjhoRh_yRyA15Qu1KFsrRaQw4Out_g3koKHFltnvkkTkiNT_xS6DWHT8Pq12VDsss8SwwDjsPuqkYW_cws5HnLiqA5fn6YShsUJL0aMxFINOnQDuHeRU5zDS1Fkagy63K0lZeIasDbIIOQ/s800/paint_katakana88_wa_small.png,132,127,2010-06-17,カタカナのペンキ文字「ヮ」,,https://www.irasutoya.com/2017/12/katakanap.html,カタカナのペンキ文字「ヮ」,,https://www.irasutoya.com/2017/12/katakanap.html,1,ペンキ書体
272,irasutoya,https://blogger.googleusercontent.com/img/b/R29vZ2xl/AVvXsEj0_PcXKtFubsu_y0_mqfzrfJtIIeU6FPGe3zpoVxou49633cA13muOZhQzYlczTPBWtaoXdwQ40zti0YnKb8a5fZ7LwdzMEe59dI-GVu8ap6pfhfD7ZNRu5o_hV5lapQpO0j0-SuUN4QM/s800/paint_katakana87_tsu_small.png,132,127,2010-06-17,カタカナのペンキ文字「ッ」,,https://www.irasutoya.com/2017/12/katakanap.html,カタカナのペンキ文字「ッ」,,https://www.irasutoya.com/2017/12/katakanap.html,1,ペンキ書体
271,irasutoya,https://blogger.googleusercontent.com/img/b/R29vZ2xl/AVvXsEgZw4KZy6d3ymtQeJDdt6ejG8tBmZyv6adTLPZlL1SulC8Hb_q3KlaNM30v0zfQJjmj9FA6pMAP0iT73v7AlQAKdu8NZEzc1XRpfaCfh6LtmsoIzI3dObMPD6sfl13Ka_FyWsFN3srg2MU/s800/paint_katakana86_yo_small.png,132,127,2010-06-17,カタカナのペンキ文字「ョ」,,https://www.irasutoya.com/2017/12/katakanap.html,カタカナのペンキ文字「ョ」,,https://www.irasutoya.com/2017/12/katakanap.html,1,ペンキ書体
270,irasutoya,https://blogger.googleusercontent.com/img/b/R29vZ2xl/AVvXsEiaeTvcNwk782uHCfg4lgIM7oOFeQrTA7i8Qr-stQWZSxoN2ZqL-pCvFoF9K3g1z5q8CBV8q6fcq1Om8zGXikit69WnH-t6i2WN5RFHoWweJb1gi9Xf_WV9ai7-BlR7sDRfF8BXWN21paE/s800/paint_katakana85_yu_small.png,132,127,2010-06-17,カタカナのペンキ文字「ュ」,,https://www.irasutoya.com/2017/12/katakanap.html,カタカナのペンキ文字「ュ」,,https://www.irasutoya.com/2017/12/katakanap.html,1,ペンキ書体
269,irasutoya,https://blogger.googleusercontent.com/img/b/R29vZ2xl/AVvXsEjRGYcmcn69r-W9xR1uDVevBIDs2BkWzNPEb7Y6YGl-8608-QbAgqFbfxZmyR5Vxhl5fVDGqrho5NubKJDsIGcWD7DvXhKpQjo4afVvnqrS1HG3NmjRvh0cQbRM_kLarSCvRBxfn3Q8tlE/s800/paint_katakana84_ya_small.png,132,127,2010-06-17,カタカナのペンキ文字「ャ」,,https://www.irasutoya.com/2017/12/katakanap.html,カタカナのペンキ文字「ャ」,,https://www.irasutoya.com/2017/12/katakanap.html,1,ペンキ書体
268,irasutoya,https://blogger.googleusercontent.com/img/b/R29vZ2xl/AVvXsEjVktKIwIZEmGR6e9NypJdHASu41tkvDwECXG-l0U1nxzQH7xA1FJ63_Qy72c3D7RqGsb-XqzVnX1x4V9xVOaUYdnv_hTaIiKkLhoYW9xent7V_ueJV7yIK_VPyZTvsPhz79cgbIOKjjZg/s800/paint_katakana83_o_small.png,132,127,2010-06-17,カタカナのペンキ文字「ォ」,,https://www.irasutoya.com/2017/12/katakanap.html,カタカナのペンキ文字「ォ」,,https://www.irasutoya.com/2017/12/katakanap.html,1,ペンキ書体
267,irasutoya,https://blogger.googleusercontent.com/img/b/R29vZ2xl/AVvXsEjmma6tpOuAkReQyQes2y4UUSbPXdmclQXOCAD1U39pNFW2yrnj4k-Yjpsr3RotEvM87-4HipQH7oCuCRtfeTYkBE3tOlavdrR-18j8nIXLHxc8d7K0v_2qwyOR1uyKqCUMb-IT_HWxzZ4/s800/paint_katakana82_e_small.png,132,127,2010-06-17,カタカナのペンキ文字「ェ」,,https://www.irasutoya.com/2017/12/katakanap.html,カタカナのペンキ文字「ェ」,,https://www.irasutoya.com/2017/12/katakanap.html,1,ペンキ書体
266,irasutoya,https://blogger.googleusercontent.com/img/b/R29vZ2xl/AVvXsEiIZTtCibyAFwAgSa9-CjBd2fETbYrrSOk-wMXHi8AP-So39VFPpe-cAwFseksiUgoiP_af57_TUeDBkluLmlfRYmyGB6dHCt3Jrr7GitGEMI02HxnA-cmPjTSMVpKYULUy6Wce2PCTtcA/s800/paint_katakana81_u_small.png,132,127,2010-06-17,カタカナのペンキ文字「ゥ」,,https://www.irasutoya.com/2017/12/katakanap.html,カタカナのペンキ文字「ゥ」,,https://www.irasutoya.com/2017/12/katakanap.html,1,ペンキ書体
265,irasutoya,https://blogger.googleusercontent.com/img/b/R29vZ2xl/AVvXsEgcr68rBK1t_zh8XEsFASM7eqZQRKT_xhC8CSt3VRWrCBm0aCiDN9RSYP8XcBnvHykNDZn0BTOTNzC1oBc84yCXXX4KGGmCQFDZhndCEpa37MMpTug2ovVvZIeY0h3BhCIvoj_Jo4UykVA/s800/paint_katakana80_i_small.png,132,127,2010-06-17,カタカナのペンキ文字「ィ」,,https://www.irasutoya.com/2017/12/katakanap.html,カタカナのペンキ文字「ィ」,,https://www.irasutoya.com/2017/12/katakanap.html,1,ペンキ書体
264,irasutoya,https://blogger.googleusercontent.com/img/b/R29vZ2xl/AVvXsEhsj7E7EsylmNS1zSd-HBS4wYv5sbJ6kZVd_N5p8ySCsZ7f7lGQc39h7oQP0KSkjBgV4yX4BDILyRE1jUDMBslhJaxzrl6wFIxF3uq37Oiy3sGkwMJezIP51gU4NQtKncbx0yM3NYFDKWA/s800/paint_katakana79_a_small.png,132,127,2010-06-17,カタカナのペンキ文字「ァ,,https://www.irasutoya.com/2017/12/katakanap.html,カタカナのペンキ文字「ァ,,https://www.irasutoya.com/2017/12/katakanap.html,1,ペンキ書体
263,irasutoya,https://blogger.googleusercontent.com/img/b/R29vZ2xl/AVvXsEjxmmwSWQrCMgqtTYi2JVWkDlLj8EWI2LfhmBWSWRNKrPtXSgSFtjdqpv1BwlzFe36ZMmYSbMYyxjNSs6klCXZ1qQTF7i4fICTjCyCdUtvsQq5MCwDDU5uMi0RvfBYq8zEUFAOzNPV_woI/s800/paint_katakana78_n.png,207,194,2010-06-17,カタカナのペンキ文字「ン」,,https://www.irasutoya.com/2017/12/katakanap.html,カタカナのペンキ文字「ン」,,https://www.irasutoya.com/2017/12/katakanap.html,1,ペンキ書体
262,irasutoya,https://blogger.googleusercontent.com/img/b/R29vZ2xl/AVvXsEjI1s1Ut26gfDpZwhc4k2TQO5nYouiv8uo24TOEJ8qUOwZEKpSmW97OCtsK8elZnCVUPXtM0oTa-hgw3oTZy7gSbmOc15mXeYMo29wmbr6rS5PGi8-YRwCRHCYzcjXdll_2BF6-ybAZC7c/s800/paint_katakana77_wo.png,207,194,2010-06-17,カタカナのペンキ文字「ヲ」,,https://www.irasutoya.com/2017/12/katakanap.html,カタカナのペンキ文字「ヲ」,,https://www.irasutoya.com/2017/12/katakanap.html,1,ペンキ書体
261,irasutoya,https://blogger.googleusercontent.com/img/b/R29vZ2xl/AVvXsEhdUIbvO8dUEyI0SLKoSDg3PvQIji3quVX6GakRSry2n_m2KGwd61fiPg6rXzjbBLbtN5QOKaVmwZ_8AjAcGpeKrKyiA2ngNbRu2RqgODpnWhcSnoF5vAZK5k7uV4A79NfztRbYIIWYztk/s800/paint_katakana76_we.png,207,194,2010-06-17,カタカナのペンキ文字「ヱ」,,https://www.irasutoya.com/2017/12/katakanap.html,カタカナのペンキ文字「ヱ」,,https://www.irasutoya.com/2017/12/katakanap.html,1,ペンキ書体
260,irasutoya,https://blogger.googleusercontent.com/img/b/R29vZ2xl/AVvXsEgfVmXGHEOn-UfUKMAGSySbCNls37XQMLEGUzwCv0SVlPcDh4MyGZuzMoXk3laOfGIeS1EzHW-k2ceXxfIwctfmyCZs7HK1djPoF281XUTfpl4nfJwd3YvhGIPtE40q2AqQRlUaevM8NCw/s800/paint_katakana75_wi.png,207,194,2010-06-17,カタカナのペンキ文字「ヰ」,,https://www.irasutoya.com/2017/12/katakanap.html,カタカナのペンキ文字「ヰ」,,https://www.irasutoya.com/2017/12/katakanap.html,1,ペンキ書体
259,irasutoya,https://blogger.googleusercontent.com/img/b/R29vZ2xl/AVvXsEjgPpFQBGRloSVZ7eL6OzAq76KDO-uY2_L8Q9C6mNHEszGd4sVVuGXanTr961iLuBiQUupT-4mE1eAABmxCspS1FM1qezvYPTjHsMiakUganqLKrvCnHk73NYlIA1zPVwVM_B7_T8DvTyU/s800/paint_katakana74_wa.png,207,194,2010-06-17,カタカナのペンキ文字「ワ」,,https://www.irasutoya.com/2017/12/katakanap.html,カタカナのペンキ文字「ワ」,,https://www.irasutoya.com/2017/12/katakanap.html,1,ペンキ書体
258,irasutoya,https://blogger.googleusercontent.com/img/b/R29vZ2xl/AVvXsEhHU45zDWdzMVDajjiQIkw7tvnNKxF5U79iQADHDYpYyxXa-7rUqlUnFuYJcGebPlGNTPzjxkhwVuqcxfgAG574sl5GPRvyWLkalhVe2jXgWOTYYiiyhlB0E4FmHwrFpCaQ4CNKsR8Bwk0/s800/paint_katakana73_ro.png,207,194,2010-06-17,カタカナのペンキ文字「ロ」,,https://www.irasutoya.com/2017/12/katakanap.html,カタカナのペンキ文字「ロ」,,https://www.irasutoya.com/2017/12/katakanap.html,1,ペンキ書体
257,irasutoya,https://blogger.googleusercontent.com/img/b/R29vZ2xl/AVvXsEhZohxgwfUlZjkt3ElOCORmWkwyIvgHYBf8jfu6nE7_QHhB5mL-8aIhJsU_38Dmld72o6J5S8zMCVOplLrL75zKxGuLA7QSSrUTlk0pcSTrulNGj9a6XYjdjPcgh4ucaq46hJBvY5wOesQ/s800/paint_katakana72_re.png,207,194,2010-06-17,カタカナのペンキ文字「レ」,,https://www.irasutoya.com/2017/12/katakanap.html,カタカナのペンキ文字「レ」,,https://www.irasutoya.com/2017/12/katakanap.html,1,ペンキ書体
256,irasutoya,https://blogger.googleusercontent.com/img/b/R29vZ2xl/AVvXsEigBd_oKKfrsH22iaZzYDyvDTZrsL6eoQ4-5WWpJ-WkSHRvWHXSKI5g0nnDzic-K-QxmoGVdM3UaY5QuhQGWfPN6R7TRS_qgJb5KCSOROWbIIf6XA_aabLK34pPPM21tH2alyv6mM3OlQw/s800/paint_katakana71_ru.png,207,194,2010-06-17,カタカナのペンキ文字「ル」,,https://www.irasutoya.com/2017/12/katakanap.html,カタカナのペンキ文字「ル」,,https://www.irasutoya.com/2017/12/katakanap.html,1,ペンキ書体
255,irasutoya,https://blogger.googleusercontent.com/img/b/R29vZ2xl/AVvXsEgyQdMM0LHYx5I67XDPs1bZh4ZFdf-oMd-mjQnvIKZ7cAvtUihZWRf19wF1HydbkO7zllT7oS5yIjGIjXSqPs35sH_7M8lC2wH0aRhapR4fieJMPpiHRtuOj_rM7G08wCcQjR2aMy5WPgc/s800/paint_katakana70_ri.png,207,194,2010-06-17,カタカナのペンキ文字「リ」,,https://www.irasutoya.com/2017/12/katakanap.html,カタカナのペンキ文字「リ」,,https://www.irasutoya.com/2017/12/katakanap.html,1,ペンキ書体
254,irasutoya,https://blogger.googleusercontent.com/img/b/R29vZ2xl/AVvXsEgK-gN31q6YqvMuHwl32xtEM3DQNLu8vXghwdngqBrWFbDxtGE_S8ATVUKm_YndNemktC8_dOVZTQ4jRgnKPPponwN9saIDS-5rA2yFjZE9wYM6jufSgXtAOpaiojZHbrnt7Ac0XJ4ygVQ/s800/paint_katakana69_ra.png,207,194,2010-06-17,カタカナのペンキ文字「ラ」,,https://www.irasutoya.com/2017/12/katakanap.html,カタカナのペンキ文字「ラ」,,https://www.irasutoya.com/2017/12/katakanap.html,1,ペンキ書体
253,irasutoya,https://blogger.googleusercontent.com/img/b/R29vZ2xl/AVvXsEjEYpGwI_ZFdN78wEcI8S7GwWOlXEhK5HFUNYYk9KNEt4sj-jEEHnP_mjhheXnDOtWs3TWFi88uaYOVzu5sq-jIiD4S5RtYl77s3MvjpIsK-COEq13DBO82EG6E9J9cOzmc_77-6ob24wc/s800/paint_katakana68_yo.png,207,194,2010-06-17,カタカナのペンキ文字「ヨ」,,https://www.irasutoya.com/2017/12/katakanap.html,カタカナのペンキ文字「ヨ」,,https://www.irasutoya.com/2017/12/katakanap.html,1,ペンキ書体
252,irasutoya,https://blogger.googleusercontent.com/img/b/R29vZ2xl/AVvXsEilolRxgCe5nFZCuD8PqaU020jCw9FFcM_W06LxLwKnggHWZmGap44GUPxUM2mCht8gN23AqL_H4v6PX8_9ghi_wF_zu-E9MgguVvbek9HnXrBjuu2xPNdfxv4Y6H7SxSHH0TmVMm2nbFc/s800/paint_katakana67_yu.png,207,194,2010-06-17,カタカナのペンキ文字「ユ」,,https://www.irasutoya.com/2017/12/katakanap.html,カタカナのペンキ文字「ユ」,,https://www.irasutoya.com/2017/12/katakanap.html,1,ペンキ書体
251,irasutoya,https://blogger.googleusercontent.com/img/b/R29vZ2xl/AVvXsEjCclfxtb5Fy2kAHwDwknEWIjm8nrKbNkitL4gJJtIziZXombvxzX3aFtsbj6fjHCx7HfsGNc14p6KQy9xFsw6cT0IUKgcry62zSCIphkn-dniLRbcEEXYSFttSJH9-A6OfiF4a5VyC7XY/s800/paint_katakana66_ya.png,207,194,2010-06-17,カタカナのペンキ文字「ヤ」,,https://www.irasutoya.com/2017/12/katakanap.html,カタカナのペンキ文字「ヤ」,,https://www.irasutoya.com/2017/12/katakanap.html,1,ペンキ書体
250,irasutoya,https://blogger.googleusercontent.com/img/b/R29vZ2xl/AVvXsEjOEvAmM-6ucN1h23lLgA3qyMEUAR3EVv4v8VeMG0HPY5CmvIRnolgTDmfFvEyEK_ajQMt6o2NFVTYJgXNhunPerQl-ulH5FO99uBhDvSTc3nqNLo5zJIR0d_9kbaXXftBfjvkUpppMCIM/s800/paint_katakana65_mo.png,207,194,2010-06-17,カタカナのペンキ文字「モ」,,https://www.irasutoya.com/2017/12/katakanap.html,カタカナのペンキ文字「モ」,,https://www.irasutoya.com/2017/12/katakanap.html,1,ペンキ書体
249,irasutoya,https://blogger.googleusercontent.com/img/b/R29vZ2xl/AVvXsEjqhTC8nr4c-EzSUqHSGp5tJNC-1n9ZZachgyXKVzoD-27Ile2kdTmBcwk3QpQNRpjpgeY8At1yXesJWv8h_jr_HF0pc21-JYjvOeQuMD9M3SPQqBUGt3R319A_udzlCWy8ZJhXxdUEC0A/s800/paint_katakana64_me.png,207,194,2010-06-17,カタカナのペンキ文字「メ」,,https://www.irasutoya.com/2017/12/katakanap.html,カタカナのペンキ文字「メ」,,https://www.irasutoya.com/2017/12/katakanap.html,1,ペンキ書体
248,irasutoya,https://blogger.googleusercontent.com/img/b/R29vZ2xl/AVvXsEgiClmq0WhkVb0bACOE1lS-HFU1eR_XRqGu_bzR3p5ugFx7i1jSUAoIXUyawfmdmJK-gSxdTO9NLhLbMGaklwxIM7uWN2kCETkZCg7kDAY3Cu0w8Q19zneN_guYlcKEc5rwVKpmm85ch3A/s800/paint_katakana63_mu.png,207,194,2010-06-17,カタカナのペンキ文字「ム」,,https://www.irasutoya.com/2017/12/katakanap.html,カタカナのペンキ文字「ム」,,https://www.irasutoya.com/2017/12/katakanap.html,1,ペンキ書体
247,irasutoya,https://blogger.googleusercontent.com/img/b/R29vZ2xl/AVvXsEgZAEK_mGmjTwg9whD9YlknsgatjdysYbFhiblNvybG3CoPl0XvV5kQemTut6g6WYwPKmpUYnGDAc-IFpwS0gCXDM5OSiu0v9144hCnbc-BgUO1YSiOnlkjH05bhpIEfNCcmQEPXnAdM_I/s800/paint_katakana62_mi.png,207,194,2010-06-17,カタカナのペンキ文字「ミ」,,https://www.irasutoya.com/2017/12/katakanap.html,カタカナのペンキ文字「ミ」,,https://www.irasutoya.com/2017/12/katakanap.html,1,ペンキ書体
246,irasutoya,https://blogger.googleusercontent.com/img/b/R29vZ2xl/AVvXsEhS__GKIAMh3krQL-OdyyCixLAa20V5dLoaEejGVAAJYP6hUD7bhC4Wqk15emEOpE3lecG4TpTAlurB369QO6BgZyIhc85XljNjQXkpah7ymqxlkMD39Uwl0s6INWyOHKWoR7zO83fXbZQ/s800/paint_katakana61_ma.png,207,194,2010-06-17,カタカナのペンキ文字「マ」,,https://www.irasutoya.com/2017/12/katakanap.html,カタカナのペンキ文字「マ」,,https://www.irasutoya.com/2017/12/katakanap.html,1,ペンキ書体
245,irasutoya,https://blogger.googleusercontent.com/img/b/R29vZ2xl/AVvXsEg4elG1WpvgwTUklbs5aiLeqMSf2AVjvpAzc39s00RDlDJb_XPXDfYLQn0pEzBpuNsSRcS_TvXi0e7ODtLav7hVzb5hxEmaG00HNMWmPApG3M0FhGaaXZqPPln3XV6nt7hc1RmAc2Tpg30/s800/paint_katakana60_po.png,207,194,2010-06-17,カタカナのペンキ文字「ポ」,,https://www.irasutoya.com/2017/12/katakanap.html,カタカナのペンキ文字「ポ」,,https://www.irasutoya.com/2017/12/katakanap.html,1,ペンキ書体
244,irasutoya,https://blogger.googleusercontent.com/img/b/R29vZ2xl/AVvXsEgKruBZRbHzUFPtRvNF8QQFQecki_R8ccXtPCxdfH4z62M4kh1Tr0B7SkFQUj6yaFC-X11M7W2Nuy2GvxV46ODbgn9mak5DdO-dDiVjRwfwW0bKgENkf4nPwkcs6spfuFm8lDLwj-siXcc/s800/paint_katakana59_pe.png,207,194,2010-06-17,カタカナのペンキ文字「ペ」,,https://www.irasutoya.com/2017/12/katakanap.html,カタカナのペンキ文字「ペ」,,https://www.irasutoya.com/2017/12/katakanap.html,1,ペンキ書体
243,irasutoya,https://blogger.googleusercontent.com/img/b/R29vZ2xl/AVvXsEj4mcouHfhjN1YiQNJ8_g0TqsdtefN2z-4o0zA68wbYxcuUK7JikMww4MWthW8mQ5gqaOhsSnwaIGTzEIzdSacut-8amOCLSAz3kPKLUXSZX36NT1t7faorfjytPbuz0AQWkXriIJs8Zho/s800/paint_katakana58_puu.png,207,194,2010-06-17,カタカナのペンキ文字「プ」,,https://www.irasutoya.com/2017/12/katakanap.html,カタカナのペンキ文字「プ」,,https://www.irasutoya.com/2017/12/katakanap.html,1,ペンキ書体
242,irasutoya,https://blogger.googleusercontent.com/img/b/R29vZ2xl/AVvXsEgCpRaw4fLgugQc18hfMbF7wOVo0QYnAjWZuUJtCoBhKXLn9-r_qCZJOmJjNqbZ_5LgOhZWL_K5yHMelVBua06bGM7eoTJETA49IR_Va07T5tvygfqTNJnscPEX_HO6IcKXp2dzZb-REvM/s800/paint_katakana57_pi.png,207,194,2010-06-17,カタカナのペンキ文字「ピ」,,https://www.irasutoya.com/2017/12/katakanap.html,カタカナのペンキ文字「ピ」,,https://www.irasutoya.com/2017/12/katakanap.html,1,ペンキ書体
241,irasutoya,https://blogger.googleusercontent.com/img/b/R29vZ2xl/AVvXsEiH-p2dG3Elrpu_s66776Z4Kzxwt-VlIDhLnm4tamxMMHpqhEI3il2lUG3qyjonT6-dcI4MmttFS3WmwGe-FcDHGlPG6wVqbHgk5FPw6T29-S3DugJ3LmfdOMs7bbFna000kRmSN8M_cbA/s800/paint_katakana56_pa.png,207,194,2010-06-17,カタカナのペンキ文字「パ」,,https://www.irasutoya.com/2017/12/katakanap.html,カタカナのペンキ文字「パ」,,https://www.irasutoya.com/2017/12/katakanap.html,1,ペンキ書体
240,irasutoya,https://blogger.googleusercontent.com/img/b/R29vZ2xl/AVvXsEiSd45bFa7vRFvwBi_nJ7kR5KqFhp6g5fDuj5UlCTABDZEwf4mVTmgQEq6_YA9DjT89WNKhW_rV9OGNVU6cGgU3h-6ysMct6zJCB12bvSls0Np7EsK_o60dXgSDuomBA0U-bdaMPzSbDsE/s800/paint_katakana55_bo.png,207,194,2010-06-17,カタカナのペンキ文字「ボ」,,https://www.irasutoya.com/2017/12/katakanap.html,カタカナのペンキ文字「ボ」,,https://www.irasutoya.com/2017/12/katakanap.html,1,ペンキ書体
239,irasutoya,https://blogger.googleusercontent.com/img/b/R29vZ2xl/AVvXsEistzyJTaLsNc0zJ3Hd5nnM4PINKyVuHY2VOyZ2G07zXnIMxju38XBo4uIPopKpFDOUTyb0kKhs8LIxl6hhkV7jH1_1iUe0rGTwvWomioMG9AmwsqzVOIO1Z5sjZvpVCaueU2y1kU1t7ws/s800/paint_katakana54_be.png,207,194,2010-06-17,カタカナのペンキ文字「ベ」,,https://www.irasutoya.com/2017/12/katakanap.html,カタカナのペンキ文字「ベ」,,https://www.irasutoya.com/2017/12/katakanap.html,1,ペンキ書体
238,irasutoya,https://blogger.googleusercontent.com/img/b/R29vZ2xl/AVvXsEiYBNO_BjISy3epJLVRypph4tC1kTbIk2Qnxqv-p1yoxiO5M-VG480Dc6JsiIQY6TRoRP82F99nQst02kQMTvEgBn3wD0gtWmfOXAlcWhEnOCvwO_S4l6xvvGq4OW2Eb8l5zG0-wol5s1c/s800/paint_katakana53_bu.png,207,194,2010-06-17,カタカナのペンキ文字「ブ」,,https://www.irasutoya.com/2017/12/katakanap.html,カタカナのペンキ文字「ブ」,,https://www.irasutoya.com/2017/12/katakanap.html,1,ペンキ書体
237,irasutoya,https://blogger.googleusercontent.com/img/b/R29vZ2xl/AVvXsEi7BowI0Zh9CzZHyxBb1WLcpOR-67rkb2HuvfTPTen0K9vI8KKGvI8VBiuzoMTwPBXZkkzcEvuDATrGTwQbeF_PeXUqOx83Gwe9tSOIW0Zrc7LS7TkTAwnJskLFos8NX2vULeYeVZKJL-E/s800/paint_katakana52_bi.png,207,194,2010-06-17,カタカナのペンキ文字「ビ」,,https://www.irasutoya.com/2017/12/katakanap.html,カタカナのペンキ文字「ビ」,,https://www.irasutoya.com/2017/12/katakanap.html,1,ペンキ書体
236,irasutoya,https://blogger.googleusercontent.com/img/b/R29vZ2xl/AVvXsEj4Jq6CyD9cd-2EY2RY708XXUaifK_jNhV98R09n1ipcTe_2_DdCWrVtZrUQPWzQ-7sMHshevFimAlKGr-GjEAQhIRFC5qlZSeK0FC2rVvoi5FZ3s2Xg0Z9GYVOOS5uXnTksACwdqXqL9s/s800/paint_katakana51_ba.png,220,194,2010-06-17,カタカナのペンキ文字「バ」,,https://www.irasutoya.com/2017/12/katakanap.html,カタカナのペンキ文字「バ」,,https://www.irasutoya.com/2017/12/katakanap.html,1,ペンキ書体
235,irasutoya,https://blogger.googleusercontent.com/img/b/R29vZ2xl/AVvXsEjxWPEkbRkJ8H0p7ztdjuGpQTbPrLTQ6WNOcJFeMmCTkU9HnWHmjP7dwbQJ361YFruonBhyIdRVhqZO3Y2FN6U6uiWjoVezPh_u1mKJ9bilTOAHjiUkIrJ2xniLjGcETEh3VXRwUjLOtk0/s800/paint_katakana50_ho.png,207,194,2010-06-17,カタカナのペンキ文字「ホ」,,https://www.irasutoya.com/2017/12/katakanap.html,カタカナのペンキ文字「ホ」,,https://www.irasutoya.com/2017/12/katakanap.html,1,ペンキ書体
234,irasutoya,https://blogger.googleusercontent.com/img/b/R29vZ2xl/AVvXsEiCt2jNiwLtLwDEoFXuI4i_8jbNPtaaGPBcUA1bnphuU_4vSRagwVoRa4B8gCoiU4kLAIJzknMLkD-zsYnJr1OrwAnomFpdJ6XU84bKQPgVTJUUXeJeMJYoRIs_lAD3UFcN3-fT8nJo9MY/s800/paint_katakana49_he.png,207,194,2010-06-17,カタカナのペンキ文字「ヘ」,,https://www.irasutoya.com/2017/12/katakanap.html,カタカナのペンキ文字「ヘ」,,https://www.irasutoya.com/2017/12/katakanap.html,1,ペンキ書体
233,irasutoya,https://blogger.googleusercontent.com/img/b/R29vZ2xl/AVvXsEg_DSMc-65o2LMfjHLQBeQSa5MBGpPRo0cDrCZelJO1L15WkKPMZ9VupNaiucxjA_2Bpcme0hKs6odEvIvqz2v3qh43PakcCeQU0LnTL3Kxv1bJdfEWt-5lURDg-7qh3ff2OcUhWXUEulk/s800/paint_katakana48_fu.png,207,194,2010-06-17,カタカナのペンキ文字「フ」,,https://www.irasutoya.com/2017/12/katakanap.html,カタカナのペンキ文字「フ」,,https://www.irasutoya.com/2017/12/katakanap.html,1,ペンキ書体
232,irasutoya,https://blogger.googleusercontent.com/img/b/R29vZ2xl/AVvXsEiMxF2QV_66C5c5tW3_suNBjRqGyFiOLVKVMba_xhLPdChAQcK44TMWMw1c_z_YVOyo5X6p7a8vVx8UUO1tkp7wyokLpVYG8Bjdjme16kVKhdVzwHhQ8ZwqC2LfPapOAPtF2CD_wziCItU/s800/paint_katakana47_hi.png,207,194,2010-06-17,カタカナのペンキ文字「ヒ」,,https://www.irasutoya.com/2017/12/katakanap.html,カタカナのペンキ文字「ヒ」,,https://www.irasutoya.com/2017/12/katakanap.html,1,ペンキ書体
231,irasutoya,https://blogger.googleusercontent.com/img/b/R29vZ2xl/AVvXsEjMnfVVlAFz9mPGEaxVPybtzT-83nWrOraa6GpS7qroaYrh7yemyvdeVxLVGN_pMAPTMxo9r3NkDorRodBpDWFkSrcREkAUcODtMAGPYaV0tG0sEGRm-zHjUywHp0dKqScXUIt3Z7iXUCk/s800/paint_katakana46_ha.png,207,194,2010-06-17,カタカナのペンキ文字「ハ」,,https://www.irasutoya.com/2017/12/katakanap.html,カタカナのペンキ文字「ハ」,,https://www.irasutoya.com/2017/12/katakanap.html,1,ペンキ書体
230,irasutoya,https://blogger.googleusercontent.com/img/b/R29vZ2xl/AVvXsEhK8YD9v_Th4vzchKBpNwVNiix3K62AWf5tRzH107n6oyz-fWbogFcUPNRwlVmD9mCTcJMP8T_uNUQ16ouMRsIMEPc8VjUauaeemQBlHV1aI-eO-2iQbfifbBWX_hUSN6d5cmTTvUNETzY/s800/paint_katakana45_no.png,207,194,2010-06-17,カタカナのペンキ文字「ノ」,,https://www.irasutoya.com/2017/12/katakanap.html,カタカナのペンキ文字「ノ」,,https://www.irasutoya.com/2017/12/katakanap.html,1,ペンキ書体
229,irasutoya,https://blogger.googleusercontent.com/img/b/R29vZ2xl/AVvXsEgIDRWowMf5bS9RBET13pA0ND7dGS8Yki2yPKgKWkLSjQHG__MwmGfvUmFX5eNFMiAzvwwRXcgzhexV29X96LF2LpM7EPLGIbVS5QA6yZmkolirGhq9B2fXSbdbsmKk3l5il-zDJTJGtAU/s800/paint_katakana44_ne.png,207,194,2010-06-17,カタカナのペンキ文字「ネ」,,https://www.irasutoya.com/2017/12/katakanap.html,カタカナのペンキ文字「ネ」,,https://www.irasutoya.com/2017/12/katakanap.html,1,ペンキ書体
228,irasutoya,https://blogger.googleusercontent.com/img/b/R29vZ2xl/AVvXsEgF4xdaXdLvKQrv2QK5E79ASvJeXH0bjXBJxS_m1BKKmeUuN7ZcV2PG6v34m_Rh_UeBvwqlPU2C-dcSyNQfPCljN3tJV49TrWNXLm9sDr_X35mH_oHC9g28gZDJ0l8o-iKNTX3834yoDSI/s800/paint_katakana43_nu.png,207,194,2010-06-17,カタカナのペンキ文字「ヌ」,,https://www.irasutoya.com/2017/12/katakanap.html,カタカナのペンキ文字「ヌ」,,https://www.irasutoya.com/2017/12/katakanap.html,1,ペンキ書体
227,irasutoya,https://blogger.googleusercontent.com/img/b/R29vZ2xl/AVvXsEjoRh9ijYkJHmoezzjjg7o_AEUShol6LEoXppg1sDl9JQrfnn9SIM5sg1wKrnKj_YGe_9qZ0uHxoVQBHaB6_T3AlnqUKNzgwPGYC_QzRyoVK0h8S9oY9IcYltXGIy2QKIWgX1InOmTYyyw/s800/paint_katakana42_ni.png,207,194,2010-06-17,カタカナのペンキ文字「ニ」,,https://www.irasutoya.com/2017/12/katakanap.html,カタカナのペンキ文字「ニ」,,https://www.irasutoya.com/2017/12/katakanap.html,1,ペンキ書体
226,irasutoya,https://blogger.googleusercontent.com/img/b/R29vZ2xl/AVvXsEhRn-uWBDfEsxuiRphxqHOUend0azsTjHj7wRYUOU9m9ntPC241vzM3XCgvzU6a-oBgKZ6XKeo2SMSDlI24qFgK-ag92QMrwDz8s1uBmMte-_XVWVdCx6Tj-8ojZzjRyvy1pvF6suo2BRc/s800/paint_katakana41_na.png,207,194,2010-06-17,カタカナのペンキ文字「ナ」,,https://www.irasutoya.com/2017/12/katakanap.html,カタカナのペンキ文字「ナ」,,https://www.irasutoya.com/2017/12/katakanap.html,1,ペンキ書体
225,irasutoya,https://blogger.googleusercontent.com/img/b/R29vZ2xl/AVvXsEhb2GflCVga5VQ9VJR1kaaZ-527_lx8XxBWTVO_bBX8lLEoM8nyvvr2FZXG0AQqJwslSqduURopSQIRU7iiLqN8qCUHqa7cGAdTbCDMlEhWyvfT4z8XVSmEemVMq5F2qjnr846prgeUC-k/s800/paint_katakana40_do.png,207,194,2010-06-17,カタカナのペンキ文字「ド」,,https://www.irasutoya.com/2017/12/katakanap.html,カタカナのペンキ文字「ド」,,https://www.irasutoya.com/2017/12/katakanap.html,1,ペンキ書体
224,irasutoya,https://blogger.googleusercontent.com/img/b/R29vZ2xl/AVvXsEhTIiS-o1vF6lZD_dnx7Rt2oR7TMkz_m4JzMCdMyTPW_UpFGhLLmlYDy3_XZUwLP-Z5lgs-PnqHnbgxB_HQSqM25x1tdzjh2XQsJJgr4ewMNVGcgsHLquzILt6HTpLoK0BBDXKhBvcKjcY/s800/paint_katakana39_de.png,207,194,2010-06-17,カタカナのペンキ文字「デ」,,https://www.irasutoya.com/2017/12/katakanap.html,カタカナのペンキ文字「デ」,,https://www.irasutoya.com/2017/12/katakanap.html,1,ペンキ書体
223,irasutoya,https://blogger.googleusercontent.com/img/b/R29vZ2xl/AVvXsEiyl2pifo9tFlxis0ImLeXOFmuQIVDHCjFz1BDJj6Bn_SFacL2YH5-ugpb3Jdt40eKNOswIkNEbMgtft-guKhtTu9EIz42rV41aSGPwcek7vpE1-oWcN-YSvemvu4R_a2OSGbELkXt2VPc/s800/paint_katakana38_du.png,207,194,2010-06-17,カタカナのペンキ文字「ヅ」,,https://www.irasutoya.com/2017/12/katakanap.html,カタカナのペンキ文字「ヅ」,,https://www.irasutoya.com/2017/12/katakanap.html,1,ペンキ書体
222,irasutoya,https://blogger.googleusercontent.com/img/b/R29vZ2xl/AVvXsEjxaX_iV2cI_-iNcp736tAtwTZibNdY8G8OoPil0ZewON1smX9vID4yleW3htYfrVGYypP0TRr_G4z-aCWC5ZaIyEnvdn6CmLG435n_RpawhZO-qbLp4hMPtqTqYg-kpdFlYIQ7rYFZTxk/s800/paint_katakana37_di.png,207,194,2010-06-17,カタカナのペンキ文字「ヂ」,,https://www.irasutoya.com/2017/12/katakanap.html,カタカナのペンキ文字「ヂ」,,https://www.irasutoya.com/2017/12/katakanap.html,1,ペンキ書体
221,irasutoya,https://blogger.googleusercontent.com/img/b/R29vZ2xl/AVvXsEgMXxlX0l_BCBdTZnv9u6T9ZqCQJTVdIe41wi0NWHEzJPXjC0lX7ihFyfzQpUeGFGp1eIyV4rBhRWAiVdBxb7oo_F1xc77a1T0i1aSJfwV-LXByM-Y-FEWkWbeA2wq6u0TZaaRWsJuEHfo/s800/paint_katakana36_da.png,207,194,2010-06-17,カタカナのペンキ文字「ダ」,,https://www.irasutoya.com/2017/12/katakanap.html,カタカナのペンキ文字「ダ」,,https://www.irasutoya.com/2017/12/katakanap.html,1,ペンキ書体
220,irasutoya,https://blogger.googleusercontent.com/img/b/R29vZ2xl/AVvXsEge8xyvsJxJywW0DRkDwp43ntHMEcGT5hNbpWOVFRimSZ7sGG5kHiCp0_KxVqL5MGsIoK9m_aT2FjbxdpkjtFyIV2u_L4vD4X_3hyphenhyphenad13JwjM6usj1vGfwf4YJ-ai3yj0NheSlWu5YQgtM/s800/paint_katakana35_to.png,207,194,2010-06-17,カタカナのペンキ文字「ト」,,https://www.irasutoya.com/2017/12/katakanap.html,カタカナのペンキ文字「ト」,,https://www.irasutoya.com/2017/12/katakanap.html,1,ペンキ書体
219,irasutoya,https://blogger.googleusercontent.com/img/b/R29vZ2xl/AVvXsEgJTLlk9NmpWrwDAaEq_sKnfm2OEbkoW_yfHIV4EkWuNIxH4ksECfAVPhxtRsJxhE_JfBJ7Q2zzFX1Y765bLyGWiEhxX9s4k2rsz-keLNvCDG1IQ3oL0zVg29J1L2a78-_lm8tEInRqDkc/s800/paint_katakana34_te.png,207,194,2010-06-17,カタカナのペンキ文字「テ」,,https://www.irasutoya.com/2017/12/katakanap.html,カタカナのペンキ文字「テ」,,https://www.irasutoya.com/2017/12/katakanap.html,1,ペンキ書体
218,irasutoya,https://blogger.googleusercontent.com/img/b/R29vZ2xl/AVvXsEhz0u9BTTpfQhs2QrYpFxZ8BXHPBBg7ME2OkoEkma8a8trWqaYoWONMenBCaQRRxaFzR6WWdSpC_bIWi5cUfH2s_mAyL4c8hIUusNA2iDycQFQKKkSz6BEsA6v_noWMCVbiBt8jtAk141o/s800/paint_katakana33_tsu.png,207,194,2010-06-17,カタカナのペンキ文字「ツ」,,https://www.irasutoya.com/2017/12/katakanap.html,カタカナのペンキ文字「ツ」,,https://www.irasutoya.com/2017/12/katakanap.html,1,ペンキ書体
217,irasutoya,https://blogger.googleusercontent.com/img/b/R29vZ2xl/AVvXsEhOpUQ5kfVPEw7cboTlUEclYE6PDwzp-ss3mcDx8RNhIP8pBx5yLswQ5kuJa3EneqMr_Hqr_sqn0WXZuBpcKEQu8o1FxXP8ftK-bzK59VIxwJIR_836-GeCS3cRBE_1NC2y43MF1SwALbs/s800/paint_katakana32_chi.png,207,194,2010-06-17,カタカナのペンキ文字「チ」,,https://www.irasutoya.com/2017/12/katakanap.html,カタカナのペンキ文字「チ」,,https://www.irasutoya.com/2017/12/katakanap.html,1,ペンキ書体
216,irasutoya,https://blogger.googleusercontent.com/img/b/R29vZ2xl/AVvXsEgVDEtN7uIRAiFOSTsS6lZa_kv6DY-dDzcmLxWhx2lI6ue7M2FI2wqJbOT17JDpTd0E0DlwKUJBbSKakCDqV-AGF5bKsZL1ca6K8AdHWeVAbHImVlcQN9DtK8lJQOT8ZkxI5ackJz_FexU/s800/paint_katakana31_ta.png,207,194,2010-06-17,カタカナのペンキ文字「タ」,,https://www.irasutoya.com/2017/12/katakanap.html,カタカナのペンキ文字「タ」,,https://www.irasutoya.com/2017/12/katakanap.html,1,ペンキ書体
215,irasutoya,https://blogger.googleusercontent.com/img/b/R29vZ2xl/AVvXsEjJ-HILdLpeLMRvataG4m51Ca0xjin9o34t9ysHYaAeM9WdEQpUCBW4-9I0dVF0JVBiVxmFy-b5hYoE1PjvlZ27jZGSUZd_1CBl4Gy1ze-M4hJBI9HFR91DykYdDGEL-LeYL95BQUTeG2U/s800/paint_katakana30_zo.png,207,194,2010-06-17,カタカナのペンキ文字「ゾ」,,https://www.irasutoya.com/2017/12/katakanap.html,カタカナのペンキ文字「ゾ」,,https://www.irasutoya.com/2017/12/katakanap.html,1,ペンキ書体
214,irasutoya,https://blogger.googleusercontent.com/img/b/R29vZ2xl/AVvXsEhHTgcUfR4RWazAn1p-k4mH8oHu-X2WsRfB9Ckep6EvwpnYOp-AyInxJSkWns-qvuGDx9le2fnAqOyTI_-Priit3BsZVgXZeBcDpsCIHIYxFQ_5L0CQqVFqRiVv68vfbDMLFt2Sgek_uho/s800/paint_katakana29_ze.png,207,194,2010-06-17,カタカナのペンキ文字「ゼ」,,https://www.irasutoya.com/2017/12/katakanap.html,カタカナのペンキ文字「ゼ」,,https://www.irasutoya.com/2017/12/katakanap.html,1,ペンキ書体
213,irasutoya,https://blogger.googleusercontent.com/img/b/R29vZ2xl/AVvXsEh7Vy-3aRF-NTrhFnH67CXeZXO7Wp1AswXPDNZ3fmCSqoiPIY8WKEQDSvQzne9Fqb57rkATD0mi00gUgrnKuyMsG1sV9onDeNUMV2sLpAkPw03f5zVPadUvvlaZEpowtN4GiypUg9HBwD4/s800/paint_katakana28_zu.png,207,194,2010-06-17,カタカナのペンキ文字「ズ」,,https://www.irasutoya.com/2017/12/katakanap.html,カタカナのペンキ文字「ズ」,,https://www.irasutoya.com/2017/12/katakanap.html,1,ペンキ書体
212,irasutoya,https://blogger.googleusercontent.com/img/b/R29vZ2xl/AVvXsEjFM1WyG9GiSnFDI21ilv0EFYMagrnmxrf3tIwGkHJ09AF1MYnRcANe4mGcWYn_MZxL1uGOUEmp9SHdZkbOKbNStZyXWIb0Wz-cUzycbsb5AQOUBg0awQMv-S6ze9tdFFP0hDpC7krs10U/s800/paint_katakana27_zi.png,207,194,2010-06-17,カタカナのペンキ文字「ジ」,,https://www.irasutoya.com/2017/12/katakanap.html,カタカナのペンキ文字「ジ」,,https://www.irasutoya.com/2017/12/katakanap.html,1,ペンキ書体
211,irasutoya,https://blogger.googleusercontent.com/img/b/R29vZ2xl/AVvXsEg_ociFbNXgedVhR9251lJoRYA9jfTL52lKevEWE4ZNUvwqDObW2CZp8K5rpD-e2qnVwM4qQuEwGLiWZpTzlJEkmGiyFZm4qXk1YugroQ33TlBlpz5OhKpgrf8WQlMFh_uzC7e7Y6VqPDk/s800/paint_katakana26_za.png,207,194,2010-06-17,カタカナのペンキ文字「ザ」,,https://www.irasutoya.com/2017/12/katakanap.html,カタカナのペンキ文字「ザ」,,https://www.irasutoya.com/2017/12/katakanap.html,1,ペンキ書体
210,irasutoya,https://blogger.googleusercontent.com/img/b/R29vZ2xl/AVvXsEjaU12P10GCa056aAIbF8iAn4AmVyxLcniKNcipYUsOYfgFZT3qTy5Q__CJ0SCCgJajOjAIGPnT3JB9o79waU1tu9EK3oMYuQKa5TrXSBf9Dhvt_dgTQsYFS2oD7TxHxpuYYZVD9WbfICs/s800/paint_katakana25_so.png,207,194,2010-06-17,カタカナのペンキ文字「ソ」,,https://www.irasutoya.com/2017/12/katakanap.html,カタカナのペンキ文字「ソ」,,https://www.irasutoya.com/2017/12/katakanap.html,1,ペンキ書体
209,irasutoya,https://blogger.googleusercontent.com/img/b/R29vZ2xl/AVvXsEh0D0JniBh4rPkAJOpQs-vxUZvtzNyjurjTjqDySjlQF17OTZiyKdGMa7voWr9d54d1x3C_I5YrLrhPSGI21jxJPLKywC5rQxj_mJoC8AtmwKxAA4_rqjHdpGe9z8PGc-kb3A4zMi3yUlY/s800/paint_katakana24_se.png,207,194,2010-06-17,カタカナのペンキ文字「セ」,,https://www.irasutoya.com/2017/12/katakanap.html,カタカナのペンキ文字「セ」,,https://www.irasutoya.com/2017/12/katakanap.html,1,ペンキ書体
208,irasutoya,https://blogger.googleusercontent.com/img/b/R29vZ2xl/AVvXsEgKc2thSJvje6hkSDAputtrWwXltHjte0WeT1Wed3sRxDHtzAU2A8AAQQD4Yh1Ohfo3VT_fvXMXfepzmO84gXJDz-QwRDic_r67vgnQi7m3GC_aFgOgN_enbAhugI_Bb1VSQydhCZjkyMk/s800/paint_katakana23_su.png,207,194,2010-06-17,カタカナのペンキ文字「ス」,,https://www.irasutoya.com/2017/12/katakanap.html,カタカナのペンキ文字「ス」,,https://www.irasutoya.com/2017/12/katakanap.html,1,ペンキ書体
207,irasutoya,https://blogger.googleusercontent.com/img/b/R29vZ2xl/AVvXsEjZGva7o3cCMjEUGtHBCJ3agyvssykUXAZVECdhSAM0-PprueDpeAImEu66XBj6rQy3BisBX3YjrJPe72MjimKufP7X3zaRB5NoTdaJGLcTsie5ApZoXI-kZphaaTaQqWVNO0xsexLRtFo/s800/paint_katakana22_shi.png,207,194,2010-06-17,カタカナのペンキ文字「シ」,,https://www.irasutoya.com/2017/12/katakanap.html,カタカナのペンキ文字「シ」,,https://www.irasutoya.com/2017/12/katakanap.html,1,ペンキ書体
206,irasutoya,https://blogger.googleusercontent.com/img/b/R29vZ2xl/AVvXsEgjtYIPilJ8NWWboD83Ow9sxCDGeHyzmClSMrgkKMIlVubkSIe4T52MvhJunUHo5v-WxYJXZC2plkhJuzUiyb9AO3lWoUmC7l7t94sYRV6b56l6l2hzVnEkCuU3fwlryBsFFumnqnvzyzY/s800/paint_katakana21_sa.png,207,194,2010-06-17,カタカナのペンキ文字「サ」,,https://www.irasutoya.com/2017/12/katakanap.html,カタカナのペンキ文字「サ」,,https://www.irasutoya.com/2017/12/katakanap.html,1,ペンキ書体
205,irasutoya,https://blogger.googleusercontent.com/img/b/R29vZ2xl/AVvXsEj1fLW1KU8PVGCb7rappGIxg32EduzWs0DcBxeSEv7pgWvewAI3zOq5X7uuoUbeNO-6gZ65VPwBqkWYyf2mqj6QHdHYc5b_AzG3bdeNrnkO_fPWxBPQhPp0quTiya10huXxX9GbO8jj7Ps/s800/paint_katakana20_go.png,207,194,2010-06-17,カタカナのペンキ文字「ゴ」,,https://www.irasutoya.com/2017/12/katakanap.html,カタカナのペンキ文字「ゴ」,,https://www.irasutoya.com/2017/12/katakanap.html,1,ペンキ書体
204,irasutoya,https://blogger.googleusercontent.com/img/b/R29vZ2xl/AVvXsEhC2WmmDjekhF1cHfvgcvSQqswRcQqdPGMO9Bm1IX-k4bmpKWANa4fJQrJCJbFi8RnagtodOmSryXdm-YLTfmtJHUIJwsMLmk8M3g1xEtebMgu3cLiJqVot0cJ39xkODOiyjnTPhtDdx28/s800/paint_katakana19_ge.png,207,194,2010-06-17,カタカナのペンキ文字「ゲ」,,https://www.irasutoya.com/2017/12/katakanap.html,カタカナのペンキ文字「ゲ」,,https://www.irasutoya.com/2017/12/katakanap.html,1,ペンキ書体
203,irasutoya,https://blogger.googleusercontent.com/img/b/R29vZ2xl/AVvXsEg16rekF1lJ_5yyatyMPN_C1XHVCwRyNd97wSJ5g-0GfIKi7naBtIhs5mYrQdOOP9H3y4bfeZXb_TFsoW674DVEJaIsz-YdnG2jNSBK5ykd0ikpg5QVWzGjLzlrwmKZfxYx8v5I6BhNuok/s800/paint_katakana18_gu.png,207,194,2010-06-17,カタカナのペンキ文字「グ」,,https://www.irasutoya.com/2017/12/katakanap.html,カタカナのペンキ文字「グ」,,https://www.irasutoya.com/2017/12/katakanap.html,1,ペンキ書体
202,irasutoya,https://blogger.googleusercontent.com/img/b/R29vZ2xl/AVvXsEjDOv3JnxS6t9Eqs9bYJ_j5V3wzucpPJ7NzzXGMultFUi2l18PUvHWu9_llgwcS5Xoo-hGZPbQF4THlww05K3U9KL9wl4nKsYS8czUMbiSq5-Cuin4hHUpOkMd3BOrLYgztwv3C8v03kqw/s800/paint_katakana17_gi.png,207,194,2010-06-17,カタカナのペンキ文字「ギ」,,https://www.irasutoya.com/2017/12/katakanap.html,カタカナのペンキ文字「ギ」,,https://www.irasutoya.com/2017/12/katakanap.html,1,ペンキ書体
201,irasutoya,https://blogger.googleusercontent.com/img/b/R29vZ2xl/AVvXsEiTmQAbYkX4pJ5wmRCxXRO8uw8QDoV-qDfWZJ1hK5x6TKBVenfofTAVrLuo40PXEx6KwLeSCeQQ0tMBjK0xy42T_jj-IhSxdmR6CiCXQJHhuzBvlRSdJqSg_C63L41wTKftIPzkQH1zjrI/s800/paint_katakana16_ga.png,207,194,2010-06-17,カタカナのペンキ文字「ガ」,,https://www.irasutoya.com/2017/12/katakanap.html,カタカナのペンキ文字「ガ」,,https://www.irasutoya.com/2017/12/katakanap.html,1,ペンキ書体
200,irasutoya,https://blogger.googleusercontent.com/img/b/R29vZ2xl/AVvXsEh_TWOJuX9X5A9pP0-yJyVLzHOPdeE7JBCi4BkU9xPq4pPLx6oZriAZPeAzGk3uBWzdLLkJ_rwt4coe6FP30czgXzQ-62P5aV4Q4SFY9cXW1ASbK1YOFdYfVsSfp67honKv9mPMvUu2lyk/s800/paint_katakana15_ko.png,207,194,2010-06-17,カタカナのペンキ文字「コ」,,https://www.irasutoya.com/2017/12/katakanap.html,カタカナのペンキ文字「コ」,,https://www.irasutoya.com/2017/12/katakanap.html,1,ペンキ書体
199,irasutoya,https://blogger.googleusercontent.com/img/b/R29vZ2xl/AVvXsEjLr0S6mgrTsayJWcwkDEQukqqaGmNXMO27Pgk0c3fWONSN4Jh7wpr1uIBmmay_LSj8hIQGA_MYH5_8E-FhFmuCVCukSwvCLYfeAUlMOl1BxpG_d3vHxp3A7HTHgtA9c5OH_mpqanKyOfk/s800/paint_katakana14_ke.png,207,194,2010-06-17,カタカナのペンキ文字「ケ」,,https://www.irasutoya.com/2017/12/katakanap.html,カタカナのペンキ文字「ケ」,,https://www.irasutoya.com/2017/12/katakanap.html,1,ペンキ書体
198,irasutoya,https://blogger.googleusercontent.com/img/b/R29vZ2xl/AVvXsEh8IgHmhw7ArB1dFfm_XjWjM5OCzXiG5XTxeJmqOCylD-gAeI3J-U0qR36T2mJTSzuAc2rSL63IqSHircGYN4BAhVsQlfVGACHd6guBbPaU7TQZ4iwRi9hZUf_f_cO9e8ukyxYXD0LpKcY/s800/paint_katakana13_ku.png,207,194,2010-06-17,カタカナのペンキ文字「ク」,,https://www.irasutoya.com/2017/12/katakanap.html,カタカナのペンキ文字「ク」,,https://www.irasutoya.com/2017/12/katakanap.html,1,ペンキ書体
197,irasutoya,https://blogger.googleusercontent.com/img/b/R29vZ2xl/AVvXsEhrUvWMs18VHstOfrdQYlAg8Zzo34knoj5dZ3kErORQARqX4yWISLn19Axl-lgG-s0duMS24gUie2_5WNA6_HUT9NeaOy_vsFX2doYh12BA6bn6UCg8btTiTrKXXbScjZTELoV0fJ3y1Ig/s800/paint_katakana12_ki.png,207,194,2010-06-17,カタカナのペンキ文字「キ」,,https://www.irasutoya.com/2017/12/katakanap.html,カタカナのペンキ文字「キ」,,https://www.irasutoya.com/2017/12/katakanap.html,1,ペンキ書体
196,irasutoya,https://blogger.googleusercontent.com/img/b/R29vZ2xl/AVvXsEjFIfEMgC9blr7Mj4msqcfrIG8vukBRJJjuodZBP89WEvT4uXHbW-M3Zb1Z2_PMNZb4rebC-srCOJ4Olj2xJ8WFAOHojUPMolW5z8BaOdGSbP_fHIHcraQWOvTRU3prMM-H-sod7yN1J60/s800/paint_katakana11_ka.png,207,194,2010-06-17,カタカナのペンキ文字「カ」,,https://www.irasutoya.com/2017/12/katakanap.html,カタカナのペンキ文字「カ」,,https://www.irasutoya.com/2017/12/katakanap.html,1,ペンキ書体
195,irasutoya,https://blogger.googleusercontent.com/img/b/R29vZ2xl/AVvXsEiXaFuQgq-HgAaE8po5EKLvvMyOl7VuqN0SlbusefMi869JoMpxK7LzYAkwA2jqxX5Og62datzCYikMjSSSkHp6XnN2h_JpSQuvfPqWvHPcjXa23FX3ndg8bdPjVczkHYLuwokq7VAOpzs/s800/paint_katakana10_o.png,207,194,2010-06-17,カタカナのペンキ文字「オ゛」,,https://www.irasutoya.com/2017/12/katakanap.html,カタカナのペンキ文字「オ゛」,,https://www.irasutoya.com/2017/12/katakanap.html,1,ペンキ書体
194,irasutoya,https://blogger.googleusercontent.com/img/b/R29vZ2xl/AVvXsEj72dNc2hc3l0X69nIeixMhRn41jjUmBFXemlhq0lb7pl9yxzG445912jpIggX-XQI-NRqGeTcobYd8zVZmS3HAvILCEJDmw6hVtXGihkNIb11fCQTgJM1mg9ZNxWdwMnTme-XahtMDfkk/s800/paint_katakana09_e2.png,207,194,2010-06-17,カタカナのペンキ文字「エ゛」,,https://www.irasutoya.com/2017/12/katakanap.html,カタカナのペンキ文字「エ゛」,,https://www.irasutoya.com/2017/12/katakanap.html,1,ペンキ書体
193,irasutoya,https://blogger.googleusercontent.com/img/b/R29vZ2xl/AVvXsEjoiNT4q5eTERm-ioo_evB1rkcRI72cW8H-25Ug4nFSQVJpH5yK3oi4_yalnzHTjZG8oAh9VoAC5dlh870A_MwuDiKzGZ5kKjvfgLbkiLPHjsssgXwBBnc7beeSiZhhs7LGW62bjxWUUrg/s800/paint_katakana08_u2.png,207,194,2010-06-17,カタカナのペンキ文字「ウ゛」,,https://www.irasutoya.com/2017/12/katakanap.html,カタカナのペンキ文字「ウ゛」,,https://www.irasutoya.com/2017/12/katakanap.html,1,ペンキ書体
192,irasutoya,https://blogger.googleusercontent.com/img/b/R29vZ2xl/AVvXsEjJ8g4a4-Yk7kPKopdDNGOucG3NxCstYCTsbehgNtyy_aZCxPTWGXjZB7apYxN9X1Tav4kTvVAnmtzdMHXwDGxzeupJXBizyTwOG0PA1yxUg7oGkkrE9jN6xbBscTFpjMGZIcVuQZmPBes/s800/paint_katakana07_i2.png,207,194,2010-06-17,カタカナのペンキ文字「イ゛」,,https://www.irasutoya.com/2017/12/katakanap.html,カタカナのペンキ文字「イ゛」,,https://www.irasutoya.com/2017/12/katakanap.html,1,ペンキ書体
191,irasutoya,https://blogger.googleusercontent.com/img/b/R29vZ2xl/AVvXsEgqTkyZxV-Bx6RkfuvnGDy_cmdsQqHNJccIXnfpVpAxS9C7YQLFB4yytJMWNieR46kpKoAVOhY6u2aZRgRMNicteZUEkj1GynG-oijHpDITgow19ZKiwrWow_N06TX2DbCwrjJ1bgm4HZY/s800/paint_katakana06_a2.png,207,194,2010-06-17,カタカナのペンキ文字「ア゛」,,https://www.irasutoya.com/2017/12/katakanap.html,カタカナのペンキ文字「ア゛」,,https://www.irasutoya.com/2017/12/katakanap.html,1,ペンキ書体
190,irasutoya,https://blogger.googleusercontent.com/img/b/R29vZ2xl/AVvXsEg5Dn1Vs8AQAfOAXIBJVl3hT4zWqk9VQvTy7-wQmx3J3FPctpNgMwxct3LFY3Un4fjzZUCZpCtQNlZXz2D04ZzRTOGosyePXTHf_0ut2fsbiv7gOwEg8a_K04tqS7U-bLVklPscrnyXhJ0/s800/paint_katakana05_o.png,207,194,2010-06-17,カタカナのペンキ文字「オ」,,https://www.irasutoya.com/2017/12/katakanap.html,カタカナのペンキ文字「オ」,,https://www.irasutoya.com/2017/12/katakanap.html,1,ペンキ書体
189,irasutoya,https://blogger.googleusercontent.com/img/b/R29vZ2xl/AVvXsEjDFyaQosdGrd5h59kQY62RobQzv5uF3B9MU-E6d28IGKC-0_itkgfR2fYQz8_HHT0Ue11sB5arMB3sadRwPa1A83SaQBLl46thvR_0VmAv68bTLkR8AQXwFnPEmR0VaOFdfDO095kdbcA/s800/paint_katakana04_e.png,207,194,2010-06-17,カタカナのペンキ文字「エ」,,https://www.irasutoya.com/2017/12/katakanap.html,カタカナのペンキ文字「エ」,,https://www.irasutoya.com/2017/12/katakanap.html,1,ペンキ書体
188,irasutoya,https://blogger.googleusercontent.com/img/b/R29vZ2xl/AVvXsEg_C1uTZMP3_YPn3jD0Wy7EqLPht4GfGiAhK6S6YaAS1ocbYYwUyHXsWk-B9N1Y6nvreiCFQWYaZFWaXs6P0u08NJAYQrR8oTSZg_EGyFhg76FFHHuCvFZloaUcl8eMR9HG9TouOTBR7PE/s800/paint_katakana03_u.png,207,194,2010-06-17,カタカナのペンキ文字「ウ」,,https://www.irasutoya.com/2017/12/katakanap.html,カタカナのペンキ文字「ウ」,,https://www.irasutoya.com/2017/12/katakanap.html,1,ペンキ書体
187,irasutoya,https://blogger.googleusercontent.com/img/b/R29vZ2xl/AVvXsEgrP7t3jy_9Ga4cw8I0Xecjex4KD_WmkVFPRUYlzmL5ZSsu3Cbq6cYvCU57sCTumNo5ex_pb5Or09dn8X9sh-UgVzpe89kX3FumRvrEouOYw3fGF_NnfkFLtRVripGxy9nmvUCMUcJ2BB4/s800/paint_katakana02_i.png,207,194,2010-06-17,カタカナのペンキ文字「イ」,,https://www.irasutoya.com/2017/12/katakanap.html,カタカナのペンキ文字「イ」,,https://www.irasutoya.com/2017/12/katakanap.html,1,ペンキ書体
186,irasutoya,https://blogger.googleusercontent.com/img/b/R29vZ2xl/AVvXsEg2WAuCLo4jfpXRumHNnBdO859l7L4A719DeMO79Ij8gHt2dzGXOHLJG1Om7IyM8G0GyNvrHik0sQ2Sc_C4aS7MKLg-Q0R_sCv6J07stABCMW_yV11wyFMFNXwioBWJiO3hRcDOeW5KSbk/s800/paint_katakana01_a.png,207,194,2010-06-17,カタカナのペンキ文字「ア」,,https://www.irasutoya.com/2017/12/katakanap.html,カタカナのペンキ文字「ア」,,https://www.irasutoya.com/2017/12/katakanap.html,1,ペンキ書体
185,irasutoya,https://blogger.googleusercontent.com/img/b/R29vZ2xl/AVvXsEjO_8yOoQiYtJOOvlHHIZe84YoJSfsuvELmVzZgXMe-xQ5v1oZblkafYVNQyhv6P_jD3kWcei-k3E_QAlnp_G2Fzcr309szv1fpXY2yX4_B0pr3hPlJ7WNm7fBlwgg4AM5XCdV0WzKEUkk/s800/paint_hoka1_09_handakuten.png,88,75,2010-06-17,ひらがなのペンキ文字「半濁点」,,https://www.irasutoya.com/2017/12/hiraganap.html,ひらがなのペンキ文字「半濁点」|カタカナのペンキ文字「半濁点」|記号のペンキ文字「半濁点」,||,https://www.irasutoya.com/2017/12/hiraganap.html|https://www.irasutoya.com/2017/12/katakanap.html|https://www.irasutoya.com/2017/12/symbolp.html,3,ペンキ書体
184,irasutoya,https://blogger.googleusercontent.com/img/b/R29vZ2xl/AVvXsEiJDx34e_b4Kw9xZXW5lCr2ufM9_PgSCUB48peREs9sdoXskYR2dGZ6WsHaG-NJxzloQ2_Onm58lRIgkMmIyWXgdgqVyChCU3ZUyIKWJ4tLUBifUyahnJ6pjUU9DOOXi4UDNJ8M-Aueu5w/s800/paint_hoka1_08_dakuten.png,104,76,2010-06-17,ひらがなのペンキ文字「濁点」,,https://www.irasutoya.com/2017/12/hiraganap.html,ひらがなのペンキ文字「濁点」|カタカナのペンキ文字「濁点」|記号のペンキ文字「濁点」,||,https://www.irasutoya.com/2017/12/hiraganap.html|https://www.irasutoya.com/2017/12/katakanap.html|https://www.irasutoya.com/2017/12/symbolp.html,3,ペンキ書体
183,irasutoya,https://blogger.googleusercontent.com/img/b/R29vZ2xl/AVvXsEgKR5yn69Tko4vs-DHY_nJtWo1F2KdNYMelMXTASPFblxp5CHYhVxi6bVrHzMHoLNYAroocMOGYBvOwb8dzVavQLMbfTcaKprEsVTRPBlUVrkN9Bta9-A1xl92n8PtEppo_5tOQcMIrOZg/s800/paint_hoka1_07_tatebou.png,127,194,2010-06-17,ひらがなのペンキ文字「縦棒」,,https://www.irasutoya.com/2017/12/hiraganap.html,ひらがなのペンキ文字「縦棒」|カタカナのペンキ文字「縦棒」|記号のペンキ文字「縦棒」,||,https://www.irasutoya.com/2017/12/hiraganap.html|https://www.irasutoya.com/2017/12/katakanap.html|https://www.irasutoya.com/2017/12/symbolp.html,3,ペンキ書体
182,irasutoya,https://blogger.googleusercontent.com/img/b/R29vZ2xl/AVvXsEiAsSHDXyJr5b2fVDY1OYrgJvYgFoJ2JhTlcdlZaby0HMszD0RrT3Gr5k3zw7NzwjMspr7bKWjCoVQ7CLzMBBzNRUnqjGZ1sgwixKWP7tUNF6W6AKRIVkgcVyfmjpd-eAWfyqPMwJPmCJc/s800/paint_hoka1_06_yokobou.png,207,194,2010-06-17,ひらがなのペンキ文字「横棒」,,https://www.irasutoya.com/2017/12/hiraganap.html,ひらがなのペンキ文字「横棒」|カタカナのペンキ文字「横棒」|記号のペンキ文字「横棒」,||,https://www.irasutoya.com/2017/12/hiraganap.html|https://www.irasutoya.com/2017/12/katakanap.html|https://www.irasutoya.com/2017/12/symbolp.html,3,ペンキ書体
181,irasutoya,https://blogger.googleusercontent.com/img/b/R29vZ2xl/AVvXsEimIXTbtk9E4aMSDmhYQpovGHt1sExjZCectpZ2ol-4G042tu7oFd24097k0KJqkXhZCILIW5L6x5AAReV-X2ZJ-wAe8OT2GGhPVCvIR11WSqnp0ZBltzRDjdMqw-QVg1Zse1G9nzsqdJI/s800/alphabet_and.png,184,196,2010-06-17,アルファベットのペンキ文字「アンド,,https://www.irasutoya.com/2017/12/alphabetp.html,アルファベットのペンキ文字「アンド|ひらがなのペンキ文字「アンド」|カタカナのペンキ文字「アンド」|記号のペンキ文字「アンド」,|||,https://www.irasutoya.com/2017/12/alphabetp.html|https://www.irasutoya.com/2017/12/hiraganap.html|https://www.irasutoya.com/2017/12/katakanap.html|https://www.irasutoya.com/2017/12/symbolp.html,4,ペンキ書体
180,irasutoya,https://blogger.googleusercontent.com/img/b/R29vZ2xl/AVvXsEgK7anBArzdK81QKYFjM_3VOD9X9wA7UqeaRaLBQ752XHkhqtouBT7XKwppDAuvIdI2kdHL54HHvIkRWSxc7cEc5Hhqri0IAg4r5uEWRZdOrjLvNu2Su9B7HOYTxWd23wacGrWJvZODHWg/s800/paint_hoka1_05_question.png,127,194,2010-06-17,ひらがなのペンキ文字「クエスチョンマーク」,,https://www.irasutoya.com/2017/12/hiraganap.html,ひらがなのペンキ文字「クエスチョンマーク」|カタカナのペンキ文字「クエスチョンマーク」|記号のペンキ文字「クエスチョンマーク」,||,https://www.irasutoya.com/2017/12/hiraganap.html|https://www.irasutoya.com/2017/12/katakanap.html|https://www.irasutoya.com/2017/12/symbolp.html,3,ペンキ書体
179,irasutoya,https://blogger.googleusercontent.com/img/b/R29vZ2xl/AVvXsEgHsFWLWiHMfb5o83tqyJlkeklSBmGRkMSBfU45Pv8355TPu1G0qpIWhOmVlvE5WLTKJSMaHWp9nRGlFsGKonlMcpepbvJA9Y0iqi514ptSK30X1se8w1Ia1ar8gGmO_3D5vmGwhGECvtY/s800/paint_hoka1_04_exclamation.png,127,194,2010-06-17,ひらがなのペンキ文字「エクスクラメーションマーク」,,https://www.irasutoya.com/2017/12/hiraganap.html,ひらがなのペンキ文字「エクスクラメーションマーク」|カタカナのペンキ文字「エクスクラメーションマーク」|記号のペンキ文字「エクスクラメーションマーク」,||,https://www.irasutoya.com/2017/12/hiraganap.html|https://www.irasutoya.com/2017/12/katakanap.html|https://www.irasutoya.com/2017/12/symbolp.html,3,ペンキ書体
178,irasutoya,https://blogger.googleusercontent.com/img/b/R29vZ2xl/AVvXsEhVOlii2Z7us8hxOu_l_k4RSlwNADIjuig2Vk_6jNAzFmkvtv1ZwbpuEGTt1zZ0LhPyBPoDlSOVNqp8o6Dn37KSd5fy15uWgtiFTObyau9g5UsOjlZsL9B16Ry7czLPJgSCmZTtlL5x_Ho/s800/paint_hoka1_03_nakaguro.png,127,194,2010-06-17,ひらがなのペンキ文字「中黒」,,https://www.irasutoya.com/2017/12/hiraganap.html,ひらがなのペンキ文字「中黒」|カタカナのペンキ文字「中黒」|記号のペンキ文字「中黒」,||,https://www.irasutoya.com/2017/12/hiraganap.html|https://www.irasutoya.com/2017/12/katakanap.html|https://www.irasutoya.com/2017/12/symbolp.html,3,ペンキ書体
177,irasutoya,https://blogger.googleusercontent.com/img/b/R29vZ2xl/AVvXsEi93M_5tdUqfbiHw9MUTqyFAeqkVRtqzLnpbjdcMHtXTH3xSk7jEMYIS8MmQvBENN8cOM8tYREIRnYsQd38IS8RF_j2NMeQZk63-ThBkgDCo49aJGJFNP0QuK7vg4jxCPmLhkiPEmdvV-Y/s800/paint_hoka1_02_touten.png,127,194,2010-06-17,ひらがなのペンキ文字「読点」,,https://www.irasutoya.com/2017/12/hiraganap.html,ひらがなのペンキ文字「読点」|カタカナのペンキ文字「読点」|記号のペンキ文字「読点」,||,https://www.irasutoya.com/2017/12/hiraganap.html|https://www.irasutoya.com/2017/12/katakanap.html|https://www.irasutoya.com/2017/12/symbolp.html,3,ペンキ書体
176,irasutoya,https://blogger.googleusercontent.com/img/b/R29vZ2xl/AVvXsEibO4yTzSZxAHCTEQemzoyHK6B4hESzWJL3_2mR_s8yRL79Sed5nW1K-AChgJyMSfp1Q4YbQfZvIIx90lwW8xMC_jpaJ4cssXK_YE-i5u6xpj3Zy_2vkfAxlpOXri1ehoILHeyMx0KyEJo/s800/paint_hoka1_01_kuten.png,152,194,2010-06-17,ひらがなのペンキ文字「句点」,,https://www.irasutoya.com/2017/12/hiraganap.html,ひらがなのペンキ文字「句点」|カタカナのペンキ文字「句点」|記号のペンキ文字「句点」,||,https://www.irasutoya.com/2017/12/hiraganap.html|https://www.irasutoya.com/2017/12/katakanap.html|https://www.irasutoya.com/2017/12/symbolp.html,3,ペンキ書体
175,irasutoya,https://blogger.googleusercontent.com/img/b/R29vZ2xl/AVvXsEjVqNYlj1KsCmwCYrArc0hPieVwuQOuJzneSzAorE4AN-Na6kBXnhcPao3ofUOCCqfks1aaFGB_at3nECq-zoMCPTQkoUk61p3F3isb0hEVwfRtKXTpilu2oKxlSbdvirkp8icg7Ft7QP8/s800/paint_hiragana88_wa_small.png,132,127,2010-06-17,ひらがなのペンキ文字「ゎ」,,https://www.irasutoya.com/2017/12/hiraganap.html,ひらがなのペンキ文字「ゎ」,,https://www.irasutoya.com/2017/12/hiraganap.html,1,ペンキ書体
174,irasutoya,https://blogger.googleusercontent.com/img/b/R29vZ2xl/AVvXsEgAwMzPWZdKCJrcfm_gwBxJFADHZ29xvhcb131t2iFZmT07uzhdFXHHXhNdE5-HnGkCQZDR0VEW8-vBDRNEdjVgiNq0X61deneazddfSl8Fl8CjLxoeqzbCUNEH3qUI3PQ8eCui2ErF4mA/s800/paint_hiragana87_tsu_small.png,132,127,2010-06-17,ひらがなのペンキ文字「っ」,,https://www.irasutoya.com/2017/12/hiraganap.html,ひらがなのペンキ文字「っ」,,https://www.irasutoya.com/2017/12/hiraganap.html,1,ペンキ書体
173,irasutoya,https://blogger.googleusercontent.com/img/b/R29vZ2xl/AVvXsEhUDw8Na1KSsEOLG_uHKVZ3yHxl_0XY2ZzZLoUJb_QKt4T8D8G4wRSeRwokpsURS7AnBDgVPAMuXlDli6KihnXm-G6KeYms4aKIlFLQijKJGGo-_vj_bYySKgUDahNcZB1kPdIVUGENYn4/s800/paint_hiragana86_yo_small.png,132,127,2010-06-17,ひらがなのペンキ文字「ょ」,,https://www.irasutoya.com/2017/12/hiraganap.html,ひらがなのペンキ文字「ょ」,,https://www.irasutoya.com/2017/12/hiraganap.html,1,ペンキ書体
172,irasutoya,https://blogger.googleusercontent.com/img/b/R29vZ2xl/AVvXsEj2wuZZmMl3SGhggfY7c14yQiVrvyDcMo8F0H4xc9mzBg8tQbJ7dJIkWnI-TyX-efdZj5S9yXzpeKFZjj4boBd-NdHwrQ79KYmG_1cR9JOeUWiyTwunt9TEgOUwrWLEgJW2aegE-h21oIU/s800/paint_hiragana85_yu_small.png,132,127,2010-06-17,ひらがなのペンキ文字「ゅ」,,https://www.irasutoya.com/2017/12/hiraganap.html,ひらがなのペンキ文字「ゅ」,,https://www.irasutoya.com/2017/12/hiraganap.html,1,ペンキ書体
171,irasutoya,https://blogger.googleusercontent.com/img/b/R29vZ2xl/AVvXsEgIb4UX9F9s-_DKUfOOPDELUybr4WB0HAQxwcUetSpQaC-NXMdld3UqRxwQ7mMSc6m9Wp_ZtOpSNCPhrp7_bB1qe7sH8AowEvr_yvnixT2wHWKY_vmr6hvRALtGjxImx7o5UYxmY6wcaAw/s800/paint_hiragana84_ya_small.png,132,127,2010-06-17,ひらがなのペンキ文字「ゃ」,,https://www.irasutoya.com/2017/12/hiraganap.html,ひらがなのペンキ文字「ゃ」,,https://www.irasutoya.com/2017/12/hiraganap.html,1,ペンキ書体
170,irasutoya,https://blogger.googleusercontent.com/img/b/R29vZ2xl/AVvXsEiWFjQPOb-pQ2EN3QUD3SPAwnmgVZTQAsYvDpEkktQavjLVYNkN07BPPHL6nSclnY6VLuCDicyPfcmwbymr7EMW-XC0N33fcVpXOT_yBiXSQpEiqHBsvMIpdP-e7Pf9I07NcG6Scrgk0Mk/s800/paint_hiragana83_o_small.png,132,127,2010-06-17,ひらがなのペンキ文字「ぉ」,,https://www.irasutoya.com/2017/12/hiraganap.html,ひらがなのペンキ文字「ぉ」,,https://www.irasutoya.com/2017/12/hiraganap.html,1,ペンキ書体
169,irasutoya,https://blogger.googleusercontent.com/img/b/R29vZ2xl/AVvXsEiM6prgGj1fEd6Ii-g9n9Y0ZPfrgtT67oyPZ4XWAK6TctgQsKLgGeYRqOmrMU74w6chekcA1Iamde61rg1qFButj5k64O3iRkrMC2XsPKWDdv8CBAqRtGUeURmWEYfrVJ3ewr5hDO50Inw/s800/paint_hiragana82_e_small.png,132,127,2010-06-17,ひらがなのペンキ文字「ぇ」,,https://www.irasutoya.com/2017/12/hiraganap.html,ひらがなのペンキ文字「ぇ」,,https://www.irasutoya.com/2017/12/hiraganap.html,1,ペンキ書体
168,irasutoya,https://blogger.googleusercontent.com/img/b/R29vZ2xl/AVvXsEjD89g0mCRIUUpH0NhmEI_rZX9GtqJztfBFRGG4O-PjBj7WmzcNm5x34bVJ8L6cnkfZdnmUY74r1hi0tA00jH3Yh-L7anXd1CaB3BqTJQFagxbT69-KPP52CptOZvN0QvFPLhFlBUk3cjA/s800/paint_hiragana81__small.png,132,127,2010-06-17,ひらがなのペンキ文字「ぅ」,,https://www.irasutoya.com/2017/12/hiraganap.html,ひらがなのペンキ文字「ぅ」,,https://www.irasutoya.com/2017/12/hiraganap.html,1,ペンキ書体
167,irasutoya,https://blogger.googleusercontent.com/img/b/R29vZ2xl/AVvXsEhSGgw91SrNir2BCacsMbxv_RPUExc4aOpAt84ABbGf9-z8pfhqlY5sxmkOTCT-gzGlS2SwGqtVCycC_-7q80t2LoigZRDUEEdCdYBHgMpC8fWEk3bkm28HwFainYU9Gj2wbsgjRyONnI0/s800/paint_hiragana80_i_small.png,132,127,2010-06-17,ひらがなのペンキ文字「ぃ」,,https://www.irasutoya.com/2017/12/hiraganap.html,ひらがなのペンキ文字「ぃ」,,https://www.irasutoya.com/2017/12/hiraganap.html,1,ペンキ書体
166,irasutoya,https://blogger.googleusercontent.com/img/b/R29vZ2xl/AVvXsEglTmOTXpk-EtJN2cYDS-82FG_4vCqb-ScO_ig_ddipCbB1T3QgnuYMvBHtVI-jbvovqbqLXGmlkvOymKLViozZiz9ESp_af8rgBVIGYmHIzVOZpdMPwsFr-UsM5XA2usVsZ-SvyA0OqR0/s800/paint_hiragana79_a_small.png,132,127,2010-06-17,ひらがなのペンキ文字「ぁ,,https://www.irasutoya.com/2017/12/hiraganap.html,ひらがなのペンキ文字「ぁ,,https://www.irasutoya.com/2017/12/hiraganap.html,1,ペンキ書体
165,irasutoya,https://blogger.googleusercontent.com/img/b/R29vZ2xl/AVvXsEi6-U8pI5ROOia7g1PVUCFfRYBfL-_sn4kmEI6a4r8qmdz_hFb5opb3Jh0Y9wsV52282qIKystVQBN9Doscq0vcWx1zk8Bmjg0yzzZxEX9ukXC8et7nO9VBHEenNIeFFFX4S4E9q9uuQjs/s800/paint_hiragana78_n.png,207,194,2010-06-17,ひらがなのペンキ文字「ん」,,https://www.irasutoya.com/2017/12/hiraganap.html,ひらがなのペンキ文字「ん」,,https://www.irasutoya.com/2017/12/hiraganap.html,1,ペンキ書体
164,irasutoya,https://blogger.googleusercontent.com/img/b/R29vZ2xl/AVvXsEhnVMCijh27vXVu9R_O4tCZ3icK86qlGlJlf4I6TTWlNSg5eX7018WRm2V-zRQSSFUtj8uaQTRTsM68om4PgiqgBTGz5tKX1xQUgQ_lYbPxzYmnuARHhk5BZNHO7xajAYETTYGapI-r2oI/s800/paint_hiragana77_wo.png,207,194,2010-06-17,ひらがなのペンキ文字「を」,,https://www.irasutoya.com/2017/12/hiraganap.html,ひらがなのペンキ文字「を」,,https://www.irasutoya.com/2017/12/hiraganap.html,1,ペンキ書体
163,irasutoya,https://blogger.googleusercontent.com/img/b/R29vZ2xl/AVvXsEjaHr59N0h0BUZ9KHw7jETZlr_yjmLNi7qFSG9fZywXNJy8pOlkWI0mNrR76j3BKRbyV1uvZ-5c7bN9zK7js-gwrST9TkDYKCzU_nnoyPMbIwGv6JW3cIPv0vIDctdHzHkS98oUe5OdhsE/s800/paint_hiragana76_we.png,207,194,2010-06-17,ひらがなのペンキ文字「ゑ」,,https://www.irasutoya.com/2017/12/hiraganap.html,ひらがなのペンキ文字「ゑ」,,https://www.irasutoya.com/2017/12/hiraganap.html,1,ペンキ書体
162,irasutoya,https://blogger.googleusercontent.com/img/b/R29vZ2xl/AVvXsEiOpVirzukdmRAPs2d25Bv-Nc2hWFjIQUfzyzVAUGXQ6Ez22PU24QMECasB7QHFgK7KRFmzTZoWD_ibC_0v4Zrdtw6GfK2m1yx0fZrmIWt-ibnR2aDqQlfAoM5fawd2-XqlJX63RV-MjIk/s800/paint_hiragana75_wi.png,207,194,2010-06-17,ひらがなのペンキ文字「ゐ」,,https://www.irasutoya.com/2017/12/hiraganap.html,ひらがなのペンキ文字「ゐ」,,https://www.irasutoya.com/2017/12/hiraganap.html,1,ペンキ書体
161,irasutoya,https://blogger.googleusercontent.com/img/b/R29vZ2xl/AVvXsEhF_cR3IpfGCo-Jdjbft-G1_K7RrYQS1d82PbRaOfrUn6APPfYdskEPfN10w4D8HlQIxwNJnYhgwNHLoUYQD6zL17JtKnh1UpIVIxKiwuxQkUpBMT86Y2ab96-af-5RqnkF4-xaCkcZl1o/s800/paint_hiragana74_wa.png,207,194,2010-06-17,ひらがなのペンキ文字「わ」,,https://www.irasutoya.com/2017/12/hiraganap.html,ひらがなのペンキ文字「わ」,,https://www.irasutoya.com/2017/12/hiraganap.html,1,ペンキ書体
160,irasutoya,https://blogger.googleusercontent.com/img/b/R29vZ2xl/AVvXsEhUJ_gWuOoPycD1kLy_4xvIo5dyrU0QHXctyLnTgJa4WgTLqFW0kuTHG7Ai-lfS9Bz3vCqUgmILrf5rysFLXB9KLKg3qZPIeK_658awVIxM6Z36wPgTrDRs7fDRs0NmzkLSvktkdHG1yvk/s800/paint_hiragana73_ro.png,207,194,2010-06-17,ひらがなのペンキ文字「ろ」,,https://www.irasutoya.com/2017/12/hiraganap.html,ひらがなのペンキ文字「ろ」,,https://www.irasutoya.com/2017/12/hiraganap.html,1,ペンキ書体
159,irasutoya,https://blogger.googleusercontent.com/img/b/R29vZ2xl/AVvXsEhtss5vGcgsmlhdD1a1-WK14IGMotD17c3aNvcVmuzOcq3KjDR70tXUQHN44E7KR9taaqAI3Uxyg5665cvJGVg6KJngQlPY1u1uZ05jdDk67LfJj2W73rOReENierCb-o84bT48Bmvfn1o/s800/paint_hiragana72_re.png,207,194,2010-06-17,ひらがなのペンキ文字「れ」,,https://www.irasutoya.com/2017/12/hiraganap.html,ひらがなのペンキ文字「れ」,,https://www.irasutoya.com/2017/12/hiraganap.html,1,ペンキ書体
158,irasutoya,https://blogger.googleusercontent.com/img/b/R29vZ2xl/AVvXsEjagWH7ML2zSsprBenEQy0r2FF37T8jQpfC9bHKPl6eUs_ZXgr0Quxf0SDYDEFUavQDjg8_LoYj67mU9wvBSCnUTGq-rmUivxDyDIy0afSbfSGDx2VCgjCQHsers_uPR2F_A9EgcTcJzII/s800/paint_hiragana71_ru.png,207,194,2010-06-17,ひらがなのペンキ文字「る」,,https://www.irasutoya.com/2017/12/hiraganap.html,ひらがなのペンキ文字「る」,,https://www.irasutoya.com/2017/12/hiraganap.html,1,ペンキ書体
157,irasutoya,https://blogger.googleusercontent.com/img/b/R29vZ2xl/AVvXsEjMBZ3WFaL1LJgdZX1C3YMmeJ0PJqTxE3M4b9GQX5WUX0-EeguAuvk9d_wfVLQ5MNLUsGSSc0Hr4Q_87dlejE1JHMVdIqLBhX3DI1E8cVlaNW-KRSPxOIOMo1i72osJVnpOeqm009mCbnQ/s800/paint_hiragana70_ri.png,207,194,2010-06-17,ひらがなのペンキ文字「り」,,https://www.irasutoya.com/2017/12/hiraganap.html,ひらがなのペンキ文字「り」,,https://www.irasutoya.com/2017/12/hiraganap.html,1,ペンキ書体
156,irasutoya,https://blogger.googleusercontent.com/img/b/R29vZ2xl/AVvXsEgJG00SRddJ_Y1yhlCDdsbxTyvpzsZFwbxrev0t43OG6pXltot-xw-n4fHEU2FFb7ucUNlPZpgamQ4Ck_qhqVnEEcwsbwqgt6h7uyyLbBQMarDvwvESSzaUNT0vot7AtTbCNdhmkHebT3g/s800/paint_hiragana69_ra.png,207,194,2010-06-17,ひらがなのペンキ文字「ら」,,https://www.irasutoya.com/2017/12/hiraganap.html,ひらがなのペンキ文字「ら」,,https://www.irasutoya.com/2017/12/hiraganap.html,1,ペンキ書体
155,irasutoya,https://blogger.googleusercontent.com/img/b/R29vZ2xl/AVvXsEi_3sOfSzPvmf6DkE95sQZuaqYCqpgMKlKoa66W642Idm1FmJcDU13CS3O-tPgTMHrErn7T7Xz-DjmUPNb2TGULplb4Zpj_QumpweXb1l-e6U4YU-bEbs4SB70pykCj2OHX92_avxoSbU8/s800/paint_hiragana68_yo.png,207,194,2010-06-17,ひらがなのペンキ文字「よ」,,https://www.irasutoya.com/2017/12/hiraganap.html,ひらがなのペンキ文字「よ」,,https://www.irasutoya.com/2017/12/hiraganap.html,1,ペンキ書体
154,irasutoya,https://blogger.googleusercontent.com/img/b/R29vZ2xl/AVvXsEjNvQGf4krT4cW__5uSnyCyUXiH64fYETuQRseAG5NtYVI_JAjumSlJR2pQfg2Qt2n-XzlnQSYd1CqgJ5obJkIddJGbdhffzbXWudLUd0KlBWv_IVgr6xAbfYRmmswj7Upcza2wCuQXhZ0/s800/paint_hiragana67_yu.png,207,194,2010-06-17,ひらがなのペンキ文字「ゆ」,,https://www.irasutoya.com/2017/12/hiraganap.html,ひらがなのペンキ文字「ゆ」,,https://www.irasutoya.com/2017/12/hiraganap.html,1,ペンキ書体
153,irasutoya,https://blogger.googleusercontent.com/img/b/R29vZ2xl/AVvXsEij2YdNgoyikhlqSahWMxrb7gBTiU4toKus4kC3NJXizWL4nlOoLrGfHQJrASVrdGMBlwYfhD-GDawWKPViMaJ0bRG_ZaZYJYvNXYJ3Aogejmw7UqYQ6rZGUpw9arqq4KDnlRns8H395wI/s800/paint_hiragana66_ya.png,207,194,2010-06-17,ひらがなのペンキ文字「や」,,https://www.irasutoya.com/2017/12/hiraganap.html,ひらがなのペンキ文字「や」,,https://www.irasutoya.com/2017/12/hiraganap.html,1,ペンキ書体
152,irasutoya,https://blogger.googleusercontent.com/img/b/R29vZ2xl/AVvXsEitQOBQtpRU2CcYNicSHv1MNcdPbINS_h5zifxd-JeQkJPs1wTZQNcKpEk1HxWuaHmTrzbtnjA2XIi1Y9k3nTc7zeXW1c7fTAkK9PF7uIdzcnWQQhZeX97Xt5PvnhuTTAQ2Zrp-jf2OtJc/s800/paint_hiragana65_mo.png,207,194,2010-06-17,ひらがなのペンキ文字「も」,,https://www.irasutoya.com/2017/12/hiraganap.html,ひらがなのペンキ文字「も」,,https://www.irasutoya.com/2017/12/hiraganap.html,1,ペンキ書体
151,irasutoya,https://blogger.googleusercontent.com/img/b/R29vZ2xl/AVvXsEjrMo9VzKqZRQCIhkvwDxahs-tgf83rEwwxne0Ac5GHfPkK6aPvZRWcV0SviEtEK2xJujXwyCL23Eh9MpoHdJFBser6XdwLeQzveANBB_eZkdyVFOz5vT7TCnbRXxw85ilf8ZLUy97p0JU/s800/paint_hiragana64_me.png,207,194,2010-06-17,ひらがなのペンキ文字「め」,,https://www.irasutoya.com/2017/12/hiraganap.html,ひらがなのペンキ文字「め」,,https://www.irasutoya.com/2017/12/hiraganap.html,1,ペンキ書体
150,irasutoya,https://blogger.googleusercontent.com/img/b/R29vZ2xl/AVvXsEhoN5NFaWDbOxEcO2eHwoh-NzGqHeA5pwzZIHMuPcKB0u5SC35R78VY7gfYoBWsfumKwjI8-xCe9nYdtrHcyWMWxaA_INbgQcq4GvTJGQxa_cbw_LhsAtHcHA4UT1zff2RMAfyx-f8m368/s800/paint_hiragana63_mu.png,207,194,2010-06-17,ひらがなのペンキ文字「む」,,https://www.irasutoya.com/2017/12/hiraganap.html,ひらがなのペンキ文字「む」,,https://www.irasutoya.com/2017/12/hiraganap.html,1,ペンキ書体
149,irasutoya,https://blogger.googleusercontent.com/img/b/R29vZ2xl/AVvXsEjlnIJ6WmvViR3DF_93cWjB2lod2JWmiKoI7-5y60_T51Ijaj3myyuzJzB0VHkNUpgEB6GHhv5qc3hwaL46d2Uvaip3dwrK6Caara9giT71FVEXE7yh0h8st8GdHjWpY7EarG65MujaNS4/s800/paint_hiragana62_mi.png,207,194,2010-06-17,ひらがなのペンキ文字「み」,,https://www.irasutoya.com/2017/12/hiraganap.html,ひらがなのペンキ文字「み」,,https://www.irasutoya.com/2017/12/hiraganap.html,1,ペンキ書体
148,irasutoya,https://blogger.googleusercontent.com/img/b/R29vZ2xl/AVvXsEggkWqo0CIbYLvt3sC5khcU3sMbXCrmp0UX03Y-b5juuUKhPQ7yX3gHXj24RS1iPReCWt9Q5FxPISvsFQ6q1aCuqzS1hhZsNBnmKBn1D4ZSNFRiBYhqvJSGWtIlSgvun1b47TRKGwfmsS0/s800/paint_hiragana61_ma.png,207,194,2010-06-17,ひらがなのペンキ文字「ま」,,https://www.irasutoya.com/2017/12/hiraganap.html,ひらがなのペンキ文字「ま」,,https://www.irasutoya.com/2017/12/hiraganap.html,1,ペンキ書体
147,irasutoya,https://blogger.googleusercontent.com/img/b/R29vZ2xl/AVvXsEhFaZqfQv00odeZ9N13SR8hsU7qdy_Ta2hZfGaFaXFeVGVU_kJeAEosbB7r6B7ULSS2gByZiZ04cQEPUnKW3xF2tbM6fcT-MvN8dxK6QuH30a6ZR-mggIIQsRXRGIo6wLGFZdk17slKR7Y/s800/paint_hiragana60_po.png,221,194,2010-06-17,ひらがなのペンキ文字「ぽ」,,https://www.irasutoya.com/2017/12/hiraganap.html,ひらがなのペンキ文字「ぽ」,,https://www.irasutoya.com/2017/12/hiraganap.html,1,ペンキ書体
146,irasutoya,https://blogger.googleusercontent.com/img/b/R29vZ2xl/AVvXsEieChV-fa9fS16xlC2u-VmRpMw3HoYyIrSgTIIuz54SDXhsEJ7F36-ONzwd8xK0AOEB2aZCc8p1TBJ53JJklFk3rRqCT9_bZX5wJ8ABSic-4Ue5CdfTBnBUvVzQZ9U-Wus2g8K8xYL_1eE/s800/paint_hiragana59_pe.png,207,194,2010-06-17,ひらがなのペンキ文字「ぺ」,,https://www.irasutoya.com/2017/12/hiraganap.html,ひらがなのペンキ文字「ぺ」,,https://www.irasutoya.com/2017/12/hiraganap.html,1,ペンキ書体
145,irasutoya,https://blogger.googleusercontent.com/img/b/R29vZ2xl/AVvXsEh8RcGazE2nR-yvAs9vGgB1Vnxv5B65CrOTaDr4HbrMyY1Wg9OMiWkOc1AGBLi_T2SHaOfIzNWIKBtTCqjYJZgONkgI1r1O1EOzBfvMNBwzK2ihgz9-vtrV1poaAvluvyJymstTfTcGJ3U/s800/paint_hiragana58_pu.png,207,194,2010-06-17,ひらがなのペンキ文字「ぷ」,,https://www.irasutoya.com/2017/12/hiraganap.html,ひらがなのペンキ文字「ぷ」,,https://www.irasutoya.com/2017/12/hiraganap.html,1,ペンキ書体
144,irasutoya,https://blogger.googleusercontent.com/img/b/R29vZ2xl/AVvXsEjr-7NyzFaBiPId18HQevjIXF5_bKoFUu3xInReNaoarwM5XsHUCy-NFEb26RAkwmqFloN_EkHAvNgTwFnerUa3VxLf23CQzF4Y5qb3a_B3ioGzLitf_zZ2XLG6FVG60M-oA4d6aPIIs5o/s800/paint_hiragana57_pi.png,207,194,2010-06-17,ひらがなのペンキ文字「ぴ」,,https://www.irasutoya.com/2017/12/hiraganap.html,ひらがなのペンキ文字「ぴ」,,https://www.irasutoya.com/2017/12/hiraganap.html,1,ペンキ書体
143,irasutoya,https://blogger.googleusercontent.com/img/b/R29vZ2xl/AVvXsEgTxsf3efdvzsXi9HXirVHwPD4pTfN1H2rGLLDmdTui5e29BSDssueZAu_Btt7cyFffatQcbFhyphenhyphenynUb52MJb-Occz5tJewbdsIoF5NTxpm5dDLYsYVIeAIug5XRCgfMkvV4ef2Loou-DUI/s800/paint_hiragana56_pa.png,207,194,2010-06-17,ひらがなのペンキ文字「ぱ」,,https://www.irasutoya.com/2017/12/hiraganap.html,ひらがなのペンキ文字「ぱ」,,https://www.irasutoya.com/2017/12/hiraganap.html,1,ペンキ書体
142,irasutoya,https://blogger.googleusercontent.com/img/b/R29vZ2xl/AVvXsEiUM37-JEiH0MqRQAp-Kr9hYcE8rRRy7SL9QKFAkS0ffzahXWtnr7UHn2bS6VUhlF4zMMy0lZGx1tOeEkPJAv8J1CIVpeAu2N5-AIN-m1srp2NdYuhnPDqUPATKsfotHPMLsnkED0r7WxA/s800/paint_hiragana55_bo.png,213,194,2010-06-17,ひらがなのペンキ文字「ぼ」,,https://www.irasutoya.com/2017/12/hiraganap.html,ひらがなのペンキ文字「ぼ」,,https://www.irasutoya.com/2017/12/hiraganap.html,1,ペンキ書体
141,irasutoya,https://blogger.googleusercontent.com/img/b/R29vZ2xl/AVvXsEiW9IODEBo29bvCB1SLMI8ezfIw3SWFVY6prJevnBOfmgvgVCTsSt-DlfGkVp19Jx7Eprst2vSFmhkj6ToBOAp_VX5pOEKWPLTmGbjaZFKykYLs_uINETMEjhGP0nn0kxjUpHukiZAYULM/s800/paint_hiragana54_be.png,207,194,2010-06-17,ひらがなのペンキ文字「べ」,,https://www.irasutoya.com/2017/12/hiraganap.html,ひらがなのペンキ文字「べ」,,https://www.irasutoya.com/2017/12/hiraganap.html,1,ペンキ書体
140,irasutoya,https://blogger.googleusercontent.com/img/b/R29vZ2xl/AVvXsEgPBklDD73f2iiWDdGzJnHlZGtZZ4ZLztcngAeX82lxGazCtFi3XccyLI75cBi5oEdpNgDry71DbrDzEvRhb1fMeF9CS7K0JoYszfuQ_GfVhHUhaca-LOa0iWnLoRL63Tn4kzyHtYOY5-U/s800/paint_hiragana53_bu.png,207,194,2010-06-17,ひらがなのペンキ文字「ぶ」,,https://www.irasutoya.com/2017/12/hiraganap.html,ひらがなのペンキ文字「ぶ」,,https://www.irasutoya.com/2017/12/hiraganap.html,1,ペンキ書体
139,irasutoya,https://blogger.googleusercontent.com/img/b/R29vZ2xl/AVvXsEgfuhpYwo_2Lejsc8t7_fN3c0uSyPQlPYiMKxeVLPsIAVaPqWw0E7xrJ63SOtZVEVbYL_0RuSxLVYJGhN6UwJZ7CZN9oIwUuEh8aeByRFE0C5GqllFqyKioMdeCXmWO5vajy-sTm_CHcv4/s800/paint_hiragana52_bi.png,223,194,2010-06-17,ひらがなのペンキ文字「び」,,https://www.irasutoya.com/2017/12/hiraganap.html,ひらがなのペンキ文字「び」,,https://www.irasutoya.com/2017/12/hiraganap.html,1,ペンキ書体
138,irasutoya,https://blogger.googleusercontent.com/img/b/R29vZ2xl/AVvXsEjEzZf4R5ccriO_GtBrtctKRtfO52l19-bVs4s8snO3MCECaeK_pWmYJkAzepLf-l79vP6pkReozGmvuCzTFOYc__KXFgHjaq7pIM_QU98x8FNCbRHdYj63s9s35FYdXCJl4m2tjcQE8C0/s800/paint_hiragana51_ba.png,207,194,2010-06-17,ひらがなのペンキ文字「ば」,,https://www.irasutoya.com/2017/12/hiraganap.html,ひらがなのペンキ文字「ば」,,https://www.irasutoya.com/2017/12/hiraganap.html,1,ペンキ書体
137,irasutoya,https://blogger.googleusercontent.com/img/b/R29vZ2xl/AVvXsEilsfvkcDk-BkVdhWzZPdpW_AffyTvblzxZ4EEtE9mAPNTwAwfUqVZfkN2dTtm-Q1_O3XXnuuzpWzwchz7hcq9gpWfAjC9kJZFjAUWyXosRgUirSRZQ8w827zipNYH9MByEUavoFMowD38/s800/paint_hiragana50_ho.png,207,194,2010-06-17,ひらがなのペンキ文字「ほ」,,https://www.irasutoya.com/2017/12/hiraganap.html,ひらがなのペンキ文字「ほ」,,https://www.irasutoya.com/2017/12/hiraganap.html,1,ペンキ書体
136,irasutoya,https://blogger.googleusercontent.com/img/b/R29vZ2xl/AVvXsEgE3IEIXrh-GmrK5EbZOc-5YITaUf81qYWBHCPiJbUoP5-eA7Gxz9sh3fdS6dQWyKX0S9Yq1QA1U3vUxGg9P5jGtIFwYOzIL9WZLukgP43BeszAlmnj7KTa7CT940SlDw2Z7WqRIOBSVro/s800/paint_hiragana49_he.png,207,194,2010-06-17,ひらがなのペンキ文字「へ」,,https://www.irasutoya.com/2017/12/hiraganap.html,ひらがなのペンキ文字「へ」,,https://www.irasutoya.com/2017/12/hiraganap.html,1,ペンキ書体
135,irasutoya,https://blogger.googleusercontent.com/img/b/R29vZ2xl/AVvXsEjfXszEmeBVALC7RQ_cn9bXTWcJvNXLP1ehLzNn8ANRc5k26w-3xfqFP4va-0V0vFKAT0X0Rh3Hvuvv8m_v2V1wcKaULVOfkf5pSbKDgDsvD5uQOq7pfaX2SXntAtqU-okXIXHVZ_j8OKU/s800/paint_hiragana48_fu.png,207,194,2010-06-17,ひらがなのペンキ文字「ふ」,,https://www.irasutoya.com/2017/12/hiraganap.html,ひらがなのペンキ文字「ふ」,,https://www.irasutoya.com/2017/12/hiraganap.html,1,ペンキ書体
134,irasutoya,https://blogger.googleusercontent.com/img/b/R29vZ2xl/AVvXsEioSwyuU4bswq8PZn8m7q9MJWTSIkjshhwQQVSZguVBByVyRkXCkcbPHd5fnfF17rACVOHNgcR9QI-95pv6S4X9C7HKoxBFFl0pJwZebOZF6Y0qPy5QKr7OZSCLXVcydlCqpX5NQbs1smU/s800/paint_hiragana47_hi.png,207,194,2010-06-17,ひらがなのペンキ文字「ひ」,,https://www.irasutoya.com/2017/12/hiraganap.html,ひらがなのペンキ文字「ひ」,,https://www.irasutoya.com/2017/12/hiraganap.html,1,ペンキ書体
133,irasutoya,https://blogger.googleusercontent.com/img/b/R29vZ2xl/AVvXsEg20ilBMZyjjtDNywY1BEO3RRIaI9udD31M6EKyG4Z7P5fhZt36wGYPo7nsrqHwN9T0kUXwevLxx-ovMcxxvlnvmAuYuot0ini3atBAjM23twjX1o3Ydp7x-PlgqG8etkEDATxyur71vu0/s800/paint_hiragana46_ha.png,207,194,2010-06-17,ひらがなのペンキ文字「は」,,https://www.irasutoya.com/2017/12/hiraganap.html,ひらがなのペンキ文字「は」,,https://www.irasutoya.com/2017/12/hiraganap.html,1,ペンキ書体
132,irasutoya,https://blogger.googleusercontent.com/img/b/R29vZ2xl/AVvXsEjsBaCUKaf5GIceqkrrBNKZLVYpvzpZbI-rFIuFQ1XEki4f0FhlU5_QqwiixV-jTUARjMhpJu68fuOy1u57ikIrs455cTPDFPPCFLHbKoGIw8b49cnlqqubQe_89exTZ3RY03gGo28lzJo/s800/paint_hiragana45_no.png,207,194,2010-06-17,ひらがなのペンキ文字「の」,,https://www.irasutoya.com/2017/12/hiraganap.html,ひらがなのペンキ文字「の」,,https://www.irasutoya.com/2017/12/hiraganap.html,1,ペンキ書体
131,irasutoya,https://blogger.googleusercontent.com/img/b/R29vZ2xl/AVvXsEjwdxhBuGLDwtG0F4uT9BwZR7VAN-fBejUD2ezK7wUq9xNF62IdC9ny7eskk0TSAhkm_fMAMTpTBX-ZTua9uX9j4VBklMRuLqFQlsDyMn0yg1cCh-szC6gWF9FTMl8Vt39ukzAvxrwJJ9s/s800/paint_hiragana44_ne.png,207,194,2010-06-17,ひらがなのペンキ文字「ね」,,https://www.irasutoya.com/2017/12/hiraganap.html,ひらがなのペンキ文字「ね」,,https://www.irasutoya.com/2017/12/hiraganap.html,1,ペンキ書体
130,irasutoya,https://blogger.googleusercontent.com/img/b/R29vZ2xl/AVvXsEj9lj5ZiNJVi-9S5c9rGwuYm_J3HKqiLgBhebQp5_TZO_xlvKeKJzItvbobdCZd4z5U9ew0ciESj9tWVxrXHoKyfSyxTSOmF9FuxtG7PBOESlaNjc2Stt1K_Z48X7U0rxaLPxsbiRYYU-0/s800/paint_hiragana43_nu.png,207,194,2010-06-17,ひらがなのペンキ文字「ぬ」,,https://www.irasutoya.com/2017/12/hiraganap.html,ひらがなのペンキ文字「ぬ」,,https://www.irasutoya.com/2017/12/hiraganap.html,1,ペンキ書体
129,irasutoya,https://blogger.googleusercontent.com/img/b/R29vZ2xl/AVvXsEjH1u3UO7q2Kzmh1-5ty-jHOQ_znwUuL6n_rqjphWZezvncjiib8Kz828El-V7_4KmHsJAatGtEgiwgsZY_xnq8Sgb3dAdZUqyeuqSuWNGjOlxXeGVqp3ddmX0hx_J4zRSTaD9cKxj9pqg/s800/paint_hiragana42_ni.png,207,194,2010-06-17,ひらがなのペンキ文字「に」,,https://www.irasutoya.com/2017/12/hiraganap.html,ひらがなのペンキ文字「に」,,https://www.irasutoya.com/2017/12/hiraganap.html,1,ペンキ書体
128,irasutoya,https://blogger.googleusercontent.com/img/b/R29vZ2xl/AVvXsEiJfhDcTqhxiVPHxdUeTes6nuAZMMmWnIw1gKQt3257vhMC_uHQ2S1mKcrIrPKiCQ-zk6mlML2Ey5-gL1JTD2DCp0ni168kRmkAPbdkxm6LnQ-PaQZDT8Ib5fxvbCOhv0W1hAlEz4aCIdo/s800/paint_hiragana41_na.png,207,194,2010-06-17,ひらがなのペンキ文字「な」,,https://www.irasutoya.com/2017/12/hiraganap.html,ひらがなのペンキ文字「な」,,https://www.irasutoya.com/2017/12/hiraganap.html,1,ペンキ書体
127,irasutoya,https://blogger.googleusercontent.com/img/b/R29vZ2xl/AVvXsEiUYvnZluIf7QN6pvqPNaG3ZHRjlWpjTPLmdoTmwAbvA-g0WmlKfUdL_R9h6U5cqKZL7vOTpdCJJ_ZbTsSpK4l9MsqBW_0tAlAsaWH5DlCbowvxzU4SIJ7R6Q62uFRhEdeuj4nTGY1WDPY/s800/paint_hiragana40_do.png,207,194,2010-06-17,ひらがなのペンキ文字「ど」,,https://www.irasutoya.com/2017/12/hiraganap.html,ひらがなのペンキ文字「ど」,,https://www.irasutoya.com/2017/12/hiraganap.html,1,ペンキ書体
126,irasutoya,https://blogger.googleusercontent.com/img/b/R29vZ2xl/AVvXsEiwfGYkCs2VMz_5F62unb-mrVqLYT0aBbSzzmz29X_xMBk3wbOh0UZV1slX8MwZrNXP5Cf_UgctWZqca4BZKAVcyJzv3tZpsohyHwn5b6Wi2OHusbC_gdJikzuSAfYazvhNxqHFaeBLSGc/s800/paint_hiragana39_de.png,207,194,2010-06-17,ひらがなのペンキ文字「で」,,https://www.irasutoya.com/2017/12/hiraganap.html,ひらがなのペンキ文字「で」,,https://www.irasutoya.com/2017/12/hiraganap.html,1,ペンキ書体
125,irasutoya,https://blogger.googleusercontent.com/img/b/R29vZ2xl/AVvXsEgc82sNzLPZ5mwy1fesrUo6X5m4YNIpdP0LOPo-RmhdmT23Y2Leo885M9ZHCwDgFGw6UPJKE1zS22i-7Umc7hqGX1bcNzx7pa8O97Lzz1is_HR1oGnuHYLpIeKCFyRdYS-GLNoNfaWp9kA/s800/paint_hiragana38_du.png,207,194,2010-06-17,ひらがなのペンキ文字「づ」,,https://www.irasutoya.com/2017/12/hiraganap.html,ひらがなのペンキ文字「づ」,,https://www.irasutoya.com/2017/12/hiraganap.html,1,ペンキ書体
124,irasutoya,https://blogger.googleusercontent.com/img/b/R29vZ2xl/AVvXsEgtQuCMhgJFzkGuhYrUGqktVuH6jjXE3Ine-g-8YfrCIcUbMJTMNKsw4yOzKlmymmzfb-nIBEmCUGZg0c8X5zv-PYSLbmKmv-yM8y0n6kfrFN9HKUF1k9NiQ5hGjNVHCafeGSdVvSq1SYM/s800/paint_hiragana37_di.png,207,194,2010-06-17,ひらがなのペンキ文字「ぢ」,,https://www.irasutoya.com/2017/12/hiraganap.html,ひらがなのペンキ文字「ぢ」,,https://www.irasutoya.com/2017/12/hiraganap.html,1,ペンキ書体
123,irasutoya,https://blogger.googleusercontent.com/img/b/R29vZ2xl/AVvXsEjiHbOe8U-EPGmXMIfZYSkVw1zL8vU45J0W0b1KNqMKL1aSG_JFFtFrI7g4rnO-LVuhhXrB5nxrSmZ_U_FK8u9rD1Z9rbR69UtwQHZZP9eRj4xPqqWvapPsOKnVgsoKYgC3M2bFVrKfILY/s800/paint_hiragana36_da.png,207,194,2010-06-17,ひらがなのペンキ文字「だ」,,https://www.irasutoya.com/2017/12/hiraganap.html,ひらがなのペンキ文字「だ」,,https://www.irasutoya.com/2017/12/hiraganap.html,1,ペンキ書体
122,irasutoya,https://blogger.googleusercontent.com/img/b/R29vZ2xl/AVvXsEjVLM1VOfm50WgvDbrJsm2Sck6xRnUxC6uitwrgwYQ4G_64KmOQNpSjvl7DmrE01a1_RALsQ8wQlNHIP25mDU4-HQQcR7C4dSymsnLVEMARarUkTVV7AXnZNR7mDEelsX69qJfQkD1ErpI/s800/paint_hiragana35_to.png,207,194,2010-06-17,ひらがなのペンキ文字「と」,,https://www.irasutoya.com/2017/12/hiraganap.html,ひらがなのペンキ文字「と」,,https://www.irasutoya.com/2017/12/hiraganap.html,1,ペンキ書体
121,irasutoya,https://blogger.googleusercontent.com/img/b/R29vZ2xl/AVvXsEhLAXywCH2rLdb9-yLjDmSy3rrBJ1W2HPJeF4vnDWZthNcwv0ANFJhBQG2Ghi-9NdpiYBoXf81W-y_Db00y3vlCtuWM8ZRYBmdYjRw2zxN0mBJhijZZ-8dBbPfV4O0EzVy4mHm5lDwD_38/s800/paint_hiragana34_te.png,207,194,2010-06-17,ひらがなのペンキ文字「て」,,https://www.irasutoya.com/2017/12/hiraganap.html,ひらがなのペンキ文字「て」,,https://www.irasutoya.com/2017/12/hiraganap.html,1,ペンキ書体
120,irasutoya,https://blogger.googleusercontent.com/img/b/R29vZ2xl/AVvXsEjTiPf90Q8aD8ha-B1H6cEM-9VsnTjyVheUK-4nwvBNX2x4K8mnqOWKr_k3XmV1jCHp_5bWww3jwfnkFLroF5y1TrLbBtampOLCnfpevXdJQNme6jK-yBrkrZ6AYNVCzZlOQn2xpbEMgyk/s800/paint_hiragana33_tsu.png,207,194,2010-06-17,ひらがなのペンキ文字「つ」,,https://www.irasutoya.com/2017/12/hiraganap.html,ひらがなのペンキ文字「つ」,,https://www.irasutoya.com/2017/12/hiraganap.html,1,ペンキ書体
119,irasutoya,https://blogger.googleusercontent.com/img/b/R29vZ2xl/AVvXsEhbNcxu1ZsbW1sPpBpUK75uakYq53bhbFuWWVDN3PAvpQmPtOO-fh8y6EOhz4IPOi87WBbfWQxxtiDkj9YW-sCixcIzyZRW-X0FzuGdV6tmCM9_Qv8Zbt2ybMlkbSNXZCzMZw2jJny9BZw/s800/paint_hiragana32_chi.png,207,194,2010-06-17,ひらがなのペンキ文字「ち」,,https://www.irasutoya.com/2017/12/hiraganap.html,ひらがなのペンキ文字「ち」,,https://www.irasutoya.com/2017/12/hiraganap.html,1,ペンキ書体
118,irasutoya,https://blogger.googleusercontent.com/img/b/R29vZ2xl/AVvXsEjwUhlJfybYklVkbDYuhSqfTsXejLiQHWgcIZpIYq40Z_iZgOf2Onaexc7FL7ToTdoQJlmVINV-fA3bCr17KkVqcMFnqvB0d2qdVwiXt4FijdF5rPZpORz2cF-NeGGbFbjMW9J3jLr9dJ0/s800/paint_hiragana31_ta.png,207,194,2010-06-17,ひらがなのペンキ文字「た」,,https://www.irasutoya.com/2017/12/hiraganap.html,ひらがなのペンキ文字「た」,,https://www.irasutoya.com/2017/12/hiraganap.html,1,ペンキ書体
117,irasutoya,https://blogger.googleusercontent.com/img/b/R29vZ2xl/AVvXsEjalM6yvDo8hMlVt5U1y7yeoV88UpFx8pliNBwDDKRzccUoCyFkaLenAqkBbVubHK9Wq7M7WLLJPHkLEFyEREZ-ZXBZoktu3vwrVJKNUgDb1s8tiYbDVNGGZ1MJVgkZVLqCJ_zXh5sJbVE/s800/paint_hiragana30_zo.png,207,194,2010-06-17,ひらがなのペンキ文字「ぞ」,,https://www.irasutoya.com/2017/12/hiraganap.html,ひらがなのペンキ文字「ぞ」,,https://www.irasutoya.com/2017/12/hiraganap.html,1,ペンキ書体
116,irasutoya,https://blogger.googleusercontent.com/img/b/R29vZ2xl/AVvXsEiSEearDoNO-khZRxz06YJN4s0zkB0uVSmR7lJKD67Y3j3dJjFb4CPeYxVA1rBh5WE7BK2QHbehPTS6jO2LFWqQ-4ErpBmir-AAGB8WCUT0Mbw3uCzjBL2UZPW0aaOg1-aRVRH38iQEeHc/s800/paint_hiragana29_ze.png,216,194,2010-06-17,ひらがなのペンキ文字「ぜ」,,https://www.irasutoya.com/2017/12/hiraganap.html,ひらがなのペンキ文字「ぜ」,,https://www.irasutoya.com/2017/12/hiraganap.html,1,ペンキ書体
115,irasutoya,https://blogger.googleusercontent.com/img/b/R29vZ2xl/AVvXsEhnPbXAL7Rv2ZG9hM8OjVeMla0dFntzT4-p0JqKJV1IMj6SBen6N9Jqs61evsBNeXR0mmklbzmsAAGxa52ZknEZFvu-P6aTQfH-ggZUD3Lo-9FLG67geFvkNSmssvuHxRRS-sKWJ0QiGBk/s800/paint_hiragana28_zu.png,207,208,2010-06-17,ひらがなのペンキ文字「ず」,,https://www.irasutoya.com/2017/12/hiraganap.html,ひらがなのペンキ文字「ず」,,https://www.irasutoya.com/2017/12/hiraganap.html,1,ペンキ書体
114,irasutoya,https://blogger.googleusercontent.com/img/b/R29vZ2xl/AVvXsEizSrthzYIiuhgwCc7yxEP-nY9tWTdwAZu9noH3exb_1MJ9DsHQtPYxB72aVOaYlWY8B9-ZHSzqITHxJ9RkrPASQ-tgT0W7w4gMDit96PnmGRpSuTQKgtMvSAih_HCVfIZiF2JYAI0fKdg/s800/paint_hiragana27_zi.png,207,194,2010-06-17,ひらがなのペンキ文字「じ」,,https://www.irasutoya.com/2017/12/hiraganap.html,ひらがなのペンキ文字「じ」,,https://www.irasutoya.com/2017/12/hiraganap.html,1,ペンキ書体
113,irasutoya,https://blogger.googleusercontent.com/img/b/R29vZ2xl/AVvXsEh9VFuwbamXHpuK_Ate5clm30kgSG3d8vaB43mn0jvquAw-4zhxewOGN1MnYFEzSOjw-QWRBOPs8XvcJ-vme0o2bjS94R0eufZlRau61LI-eauiagJaYwuvsRTmtijNFUvB0DqJX4liJck/s800/paint_hiragana26_za.png,207,196,2010-06-17,ひらがなのペンキ文字「ざ」,,https://www.irasutoya.com/2017/12/hiraganap.html,ひらがなのペンキ文字「ざ」,,https://www.irasutoya.com/2017/12/hiraganap.html,1,ペンキ書体
112,irasutoya,https://blogger.googleusercontent.com/img/b/R29vZ2xl/AVvXsEhWn7dcXqFZ8pCJWx4DsqUJAcOij1AEmJxJbLspQY71urzozyGr6IWi55LkQHCd6jT6obvlsuIPhQJ2cDWwckgFtgJKl1VpUCcY2avjeHXmct8mPRUCpWi53lCqV-i6HconoV-ZPyNmELg/s800/paint_hiragana25_so.png,207,194,2010-06-17,ひらがなのペンキ文字「そ」,,https://www.irasutoya.com/2017/12/hiraganap.html,ひらがなのペンキ文字「そ」,,https://www.irasutoya.com/2017/12/hiraganap.html,1,ペンキ書体
111,irasutoya,https://blogger.googleusercontent.com/img/b/R29vZ2xl/AVvXsEjTlUoXtwBhpqmCPrXrUO7gs43gphjSE5UnqBF5SdKXUzyiSJgVn-B1uFRjnpRj3svzCGhKSM1ylApYWfgh7hzy_xyhNvlHNC1nVZ1wUjmv348CaSwtRCuKYpOmbmxeAS8X9nuqSzAPYbg/s800/paint_hiragana24_se.png,207,194,2010-06-17,ひらがなのペンキ文字「せ」,,https://www.irasutoya.com/2017/12/hiraganap.html,ひらがなのペンキ文字「せ」,,https://www.irasutoya.com/2017/12/hiraganap.html,1,ペンキ書体
110,irasutoya,https://blogger.googleusercontent.com/img/b/R29vZ2xl/AVvXsEg_9xgOIOloEwYlv6wvpsBVWnVmQE7DcFQ-VpMUjNMrI16Xrqj1axdSdYs_5c-Vy5WZSG5KOkQnCKwaw5xioW08-F6c8TQDh-GF7la6tR7OB68RzIZY9E2X4bFjBQNIhxKau9OS4ozZNE0/s800/paint_hiragana23_su.png,207,194,2010-06-17,ひらがなのペンキ文字「す」,,https://www.irasutoya.com/2017/12/hiraganap.html,ひらがなのペンキ文字「す」,,https://www.irasutoya.com/2017/12/hiraganap.html,1,ペンキ書体
109,irasutoya,https://blogger.googleusercontent.com/img/b/R29vZ2xl/AVvXsEhZTJJ9569ZxTYjHiDqU_EJWgEXGTq6-o8bm4J0OVVJKsavqzSI-DTS2uorNO3Mn-HaaArZEoS3xaK7dVFjBmmXZ8fvR4nEmbqZmMJ3FxGDoTX6Cgr1NCERpPX_ynSwCgSwBr0H06e-Lu0/s800/paint_hiragana22_shi.png,207,194,2010-06-17,ひらがなのペンキ文字「し」,,https://www.irasutoya.com/2017/12/hiraganap.html,ひらがなのペンキ文字「し」,,https://www.irasutoya.com/2017/12/hiraganap.html,1,ペンキ書体
108,irasutoya,https://blogger.googleusercontent.com/img/b/R29vZ2xl/AVvXsEhQqPbJlGgittJ42dmYLxWFLZV87BRZFy_pYM7904J-FeRbWUlghZPysuKUybW3QG0cWiN49T4WSS9ozqJu6z4DLPsHR0QH6uFtACx95O6FRgJ8XndmP86K1BNIr8BfT5iDo6Pt6cTPblg/s800/paint_hiragana21_sa.png,207,194,2010-06-17,ひらがなのペンキ文字「さ」,,https://www.irasutoya.com/2017/12/hiraganap.html,ひらがなのペンキ文字「さ」,,https://www.irasutoya.com/2017/12/hiraganap.html,1,ペンキ書体
107,irasutoya,https://blogger.googleusercontent.com/img/b/R29vZ2xl/AVvXsEiGNgTOTNfjJzHbLd8Q06ZyYqL_16BkgGRakfzjiZKsuJtaT54di0jUGHl3A-VwNMDaNbPBISZgdKpA63fQqNJhw5R58Zxn-Je7a8t9DV8pnHfakJsrGnXvMs7VPhNLPOxpdRaUFZCj4AU/s800/paint_hiragana20_go.png,207,194,2010-06-17,ひらがなのペンキ文字「ご」,,https://www.irasutoya.com/2017/12/hiraganap.html,ひらがなのペンキ文字「ご」,,https://www.irasutoya.com/2017/12/hiraganap.html,1,ペンキ書体
106,irasutoya,https://blogger.googleusercontent.com/img/b/R29vZ2xl/AVvXsEjMBvAo7wLMvft6ZExcR6slgfT8zd_vO42G4dBBm7zMdqL-0561l2lKyjL_j2dcKJMU2djY4mwScX91jq4wVEuXSkb6kXQ42QlS8tavL4OMoozbZY7r75Xze0Jb-JDFXNgya7Bt9GwLI_c/s800/paint_hiragana19_ge.png,207,194,2010-06-17,ひらがなのペンキ文字「げ」,,https://www.irasutoya.com/2017/12/hiraganap.html,ひらがなのペンキ文字「げ」,,https://www.irasutoya.com/2017/12/hiraganap.html,1,ペンキ書体
105,irasutoya,https://blogger.googleusercontent.com/img/b/R29vZ2xl/AVvXsEiwvXn3eo-kc-HRIhzixUisnL4WrKHLBpZ3plFCH488hOpEHxNBssmhfVjFHyJ4LmkhyphenhyphenujCyo8XnWK_alXGq8eUOXbdTHtDeeMi7MnuisbnTfVFabazBOzbpuIM1DRQjax0EyaVX29O8Yg/s800/paint_hiragana18_gu.png,207,194,2010-06-17,ひらがなのペンキ文字「ぐ」,,https://www.irasutoya.com/2017/12/hiraganap.html,ひらがなのペンキ文字「ぐ」,,https://www.irasutoya.com/2017/12/hiraganap.html,1,ペンキ書体
104,irasutoya,https://blogger.googleusercontent.com/img/b/R29vZ2xl/AVvXsEhi32IhWbsDVZVGfxO2DXKAUkLB8guJtDVjKwMrTD6hvxn53ac70bZyD3OOMQ_Meq4fd0I9raN5CRG7HxgMAD5HX_gxP5bnkgDc_PBB6eBZC8ZVAALKDyNZTj6HhZEzy_NxKsG2Xiw7O9M/s800/paint_hiragana17_gi.png,207,209,2010-06-17,ひらがなのペンキ文字「ぎ」,,https://www.irasutoya.com/2017/12/hiraganap.html,ひらがなのペンキ文字「ぎ」,,https://www.irasutoya.com/2017/12/hiraganap.html,1,ペンキ書体
103,irasutoya,https://blogger.googleusercontent.com/img/b/R29vZ2xl/AVvXsEj-dkUaxoXSMRDKKxtK-6KveTuc7JcQhCbfPdyUxo7pn3X5v38cfB9HJKQrnYIT_eCmjKBbwWVBnbZ7dRcy2tHvOyyzoD2-iVHfWqIxV4l004qqLuEyYen4FT-lB-GiQRv-M8ys1eqWfkc/s800/paint_hiragana16_ga.png,207,194,2010-06-17,ひらがなのペンキ文字「が」,,https://www.irasutoya.com/2017/12/hiraganap.html,ひらがなのペンキ文字「が」,,https://www.irasutoya.com/2017/12/hiraganap.html,1,ペンキ書体
102,irasutoya,https://blogger.googleusercontent.com/img/b/R29vZ2xl/AVvXsEg80O5IXR8ECcz-AQYmicc0FzAdvIfnSsUTmAqHqxQWDAO8iIey1-SwhiEfZSXhMr2s9PjSba2EpWZmDc2qVnwVN0dWrMGSNgNzo6sSw8m1SdcoizOuw7AS1imW9HKeemkDE2NA5pYX9mM/s800/paint_hiragana15_ko.png,207,194,2010-06-17,ひらがなのペンキ文字「こ」,,https://www.irasutoya.com/2017/12/hiraganap.html,ひらがなのペンキ文字「こ」,,https://www.irasutoya.com/2017/12/hiraganap.html,1,ペンキ書体
101,irasutoya,https://blogger.googleusercontent.com/img/b/R29vZ2xl/AVvXsEglUEU9-Dv6PjGC6Iy5xx2HtN3De8ckZ-3nKg0AJsWVL988EnFTrDh-w2xz9cSDFVWgAtPdP3cVy-coDksInQo7kPrcw9y99sd6T7M_tm__uAZD0D_jfH7W7V_oVUD4RBzARllJfIj2eDI/s800/paint_hiragana14_ke.png,207,194,2010-06-17,ひらがなのペンキ文字「け」,,https://www.irasutoya.com/2017/12/hiraganap.html,ひらがなのペンキ文字「け」,,https://www.irasutoya.com/2017/12/hiraganap.html,1,ペンキ書体
100,irasutoya,https://blogger.googleusercontent.com/img/b/R29vZ2xl/AVvXsEgsvAogMs-w5KZGWq8nVIMb56dfnOCQgJqfThbRnEX-O3UP_7_LNrS4Ej8cFipi3RqqLipjQS-KcAAQtEhClZuvEppbyG0mNG7jEDsC7I1YSQV2VmB_EsJWEq1zaM5-XMbEYx3nq__SYpM/s800/paint_hiragana13_ku.png,207,194,2010-06-17,ひらがなのペンキ文字「く」,,https://www.irasutoya.com/2017/12/hiraganap.html,ひらがなのペンキ文字「く」,,https://www.irasutoya.com/2017/12/hiraganap.html,1,ペンキ書体
99,irasutoya,https://blogger.googleusercontent.com/img/b/R29vZ2xl/AVvXsEj_Cn6cGYnEKec9zp34zdb7UvRHw8OcccqAaS60eq9Z5ol-vPtMw1RvM8KZOyIYfDr6tTujT1ef74DWjkmLQHK0GhwzRh0poJ6VcVqzCfGKs7dw7f7UVFDQDzSeknzYR5N9x0As_1LCIuk/s800/paint_hiragana12_ki.png,207,197,2010-06-17,ひらがなのペンキ文字「き」,,https://www.irasutoya.com/2017/12/hiraganap.html,ひらがなのペンキ文字「き」,,https://www.irasutoya.com/2017/12/hiraganap.html,1,ペンキ書体
98,irasutoya,https://blogger.googleusercontent.com/img/b/R29vZ2xl/AVvXsEiO76w1Ta1ytJLYoXOGDjXtGVXTaeSGiKjOTBv21SmkOR2wfLCln7PEzQSgMav1-QdfsNd0BeCPYtv7ljdB_QLxN0cZxpD94gZn-OFHDFQQcRRCFSETU8Wt4abyTx1ScjW2U1H8ly3-MTs/s800/paint_hiragana11_ka.png,207,194,2010-06-17,ひらがなのペンキ文字「か」,,https://www.irasutoya.com/2017/12/hiraganap.html,ひらがなのペンキ文字「か」,,https://www.irasutoya.com/2017/12/hiraganap.html,1,ペンキ書体
97,irasutoya,https://blogger.googleusercontent.com/img/b/R29vZ2xl/AVvXsEiX7jrGIU9UOplp2wWkHHSIHPl7x8Zqn9OirDTkqtqE9dDJgSOIbOb0_V1_1zMwMpCdcmMk-G8J_nTTdC3Hzq_e8JFQtL4AcNlNoQYwXnlwbqbzsxKuS0zmPZD55fmUipUt1jV5rFGLqYM/s800/paint_hiragana10_o2.png,207,194,2010-06-17,ひらがなのペンキ文字「お゛」,,https://www.irasutoya.com/2017/12/hiraganap.html,ひらがなのペンキ文字「お゛」,,https://www.irasutoya.com/2017/12/hiraganap.html,1,ペンキ書体
96,irasutoya,https://blogger.googleusercontent.com/img/b/R29vZ2xl/AVvXsEhrt6kc9X2t1fXeqEct4-5Ty-SfnleQIp0Y9J-JWeed1uea-pgg_OCUssVG-XmNycjMkpjGqSelg5RZ7OQg4ydXD1bCCfiKfOXGgznNkS6lhznT-MJ7Rz9I8xuDE2QdpxlpPsNxf8QEyJo/s800/paint_hiragana09_e2.png,207,194,2010-06-17,ひらがなのペンキ文字「え゛」,,https://www.irasutoya.com/2017/12/hiraganap.html,ひらがなのペンキ文字「え゛」,,https://www.irasutoya.com/2017/12/hiraganap.html,1,ペンキ書体
95,irasutoya,https://blogger.googleusercontent.com/img/b/R29vZ2xl/AVvXsEj-0teXhsZO4Zcm9TW25kitQPvNB6JDgGfRivoJZSEJ3GpCtGyIX5SBhI5lFhWlG3GkzHryEJrHNF0HdGOD7cGxDTiy_2BEa1PgTmvNfi4adt_r3oLAyg3Lu76zrsNnclkBSvkudDF-WQw/s800/paint_hiragana08_u2.png,207,194,2010-06-17,ひらがなのペンキ文字「う゛」,,https://www.irasutoya.com/2017/12/hiraganap.html,ひらがなのペンキ文字「う゛」,,https://www.irasutoya.com/2017/12/hiraganap.html,1,ペンキ書体
94,irasutoya,https://blogger.googleusercontent.com/img/b/R29vZ2xl/AVvXsEj90cJg3MIXBJa-awBMl-0uQqPpCB4q3dKNGEgcbm_F3S2s1cS6g-umTbyP-GNoDwcBk7tJZcc-j3ziRwe54hkgc3Bcny-Sy3-uIrMnKQnDzqNcbDnxBU7Z3kmfLRE7HAP9_jBuRGesUWk/s800/paint_hiragana07_i2.png,207,194,2010-06-17,ひらがなのペンキ文字「い゛」,,https://www.irasutoya.com/2017/12/hiraganap.html,ひらがなのペンキ文字「い゛」,,https://www.irasutoya.com/2017/12/hiraganap.html,1,ペンキ書体
93,irasutoya,https://blogger.googleusercontent.com/img/b/R29vZ2xl/AVvXsEgBMxes9FMpvYQMz_TLyBSUkwGpckvFfLeXcd6V3OhL3ZZa5zsPe4qM-BKNfktdRgjLUhf3rDKm7fhiMl9elZljU3cBvsyXRJx-Hb3faIwTL4LnmDZXOhWeZYMiHnre_Usttr8-SQF-lU0/s800/paint_hiragana06_a2.png,207,194,2010-06-17,ひらがなのペンキ文字「あ゛」,,https://www.irasutoya.com/2017/12/hiraganap.html,ひらがなのペンキ文字「あ゛」,,https://www.irasutoya.com/2017/12/hiraganap.html,1,ペンキ書体
92,irasutoya,https://blogger.googleusercontent.com/img/b/R29vZ2xl/AVvXsEj40hmJo7LEr5GWx0Sg5cIogQKLQ_pf48ryIi3o4OyvvzAQ4bLcsrjVauw0H8RwdSymmsKfA3YqzqB-ZfLiqJq1ReE3Vrf-V3KxpZRlVMQ2HmnOJGLqbld6yFLkbTEXg-vrgs-ckLpGFPc/s800/paint_hiragana05_o.png,207,194,2010-06-17,ひらがなのペンキ文字「お」,,https://www.irasutoya.com/2017/12/hiraganap.html,ひらがなのペンキ文字「お」,,https://www.irasutoya.com/2017/12/hiraganap.html,1,ペンキ書体
91,irasutoya,https://blogger.googleusercontent.com/img/b/R29vZ2xl/AVvXsEgLpNRpkuR-HiEV7OrP6WFyN9LglTUiJtqTI-6AiEaI9GHmjCtQcOOY4txSwydbriTZ8C5Lp709PN-BIK771HKnkiKsl3iQ7u0CFqWhARGoPdfqt_Xq_VX1Te8v4t5elcNMou047sxeAgI/s800/paint_hiragana04_e.png,207,194,2010-06-17,ひらがなのペンキ文字「え」,,https://www.irasutoya.com/2017/12/hiraganap.html,ひらがなのペンキ文字「え」,,https://www.irasutoya.com/2017/12/hiraganap.html,1,ペンキ書体
90,irasutoya,https://blogger.googleusercontent.com/img/b/R29vZ2xl/AVvXsEiYv2iAej3Xnu5WKydGquSTiWFZuun-QqvSvIb21Fgd6YwVs09uB6vxiroecP0N5ly5uh8Pgkas0rSoIYuvWO-LlRpKwXbQqLzyD2O5r22_UmgX2fooYMtDDmjzTwj8TBnFvKyExVUiOGI/s800/paint_hiragana03_u.png,207,194,2010-06-17,ひらがなのペンキ文字「う」,,https://www.irasutoya.com/2017/12/hiraganap.html,ひらがなのペンキ文字「う」,,https://www.irasutoya.com/2017/12/hiraganap.html,1,ペンキ書体
89,irasutoya,https://blogger.googleusercontent.com/img/b/R29vZ2xl/AVvXsEhzCcz242aBf6YPvcewn40DI189wFx8qaqiQVH0lJrJnsfdAYx-rmP1HTsigWZZOndGLC62TQLtm2VK2N46Zut7YxeborV93_IWt9D0UOPyGfjzW00oBMSrzbgZsUQCroEgX4eZ6ggDSoY/s800/paint_hiragana02_i.png,207,194,2010-06-17,ひらがなのペンキ文字「い」,,https://www.irasutoya.com/2017/12/hiraganap.html,ひらがなのペンキ文字「い」,,https://www.irasutoya.com/2017/12/hiraganap.html,1,ペンキ書体
88,irasutoya,https://blogger.googleusercontent.com/img/b/R29vZ2xl/AVvXsEgR6nnvdd7YFE1o6OXYX10Wv89MLkLCnMdf8Rk2B3iJbD5dYKWziuhJgUgsBCk6-a_nWtw02ZUvC0suy2s7sr6BZIflAGxssapziRlQ100bxP_C15kVpiC2FEvdvXiA09g2gAJlYwQp5x0/s800/paint_hiragana01_a.png,207,194,2010-06-17,ひらがなのペンキ文字「あ」,,https://www.irasutoya.com/2017/12/hiraganap.html,ひらがなのペンキ文字「あ」,,https://www.irasutoya.com/2017/12/hiraganap.html,1,ペンキ書体
87,irasutoya,https://blogger.googleusercontent.com/img/b/R29vZ2xl/AVvXsEgei5TrTPC-hJgEsIPK01rIYvOdHB3tI7-QsOi00MnNOnNKgZWqlPBZqfGV8JrllOQ7jbpIwc3nHIRdArm-GYiOlPa-2d6GHEBghfGsaUJzJD3E4ezaZVwNAfeTzaCOHIzDUsjKaaxInYo/s800/2_touhoku6__fukushima.png,457,457,2010-06-12,福島県の地図のイラスト（都道府県）,東北地方の青森県、岩手県、宮城県、秋田県、山形県、福島県の簡略化された地図ががそれぞれバラバラに描かれたイラストです。,https://www.irasutoya.com/2015/05/6.html,福島県の地図のイラスト（都道府県）,東北地方の青森県、岩手県、宮城県、秋田県、山形県、福島県の簡略化された地図ががそれぞれバラバラに描かれたイラストです。,https://www.irasutoya.com/2015/05/6.html,1,リクエスト|地図
86,irasutoya,https://blogger.googleusercontent.com/img/b/R29vZ2xl/AVvXsEhVB0DugY4Jdt3FWuJdPgqK7Npyg7IHytvfm_jOQiXWLDGGJk7LLj6gvLb3x27zL33YNM2pBQChML9BlvsNnBtMEqDHzuogt11ukl8Ok-KVTsfDYrf8Go9DqIrhd6iqikVVVCTdJDqDkzM/s800/2_touhoku5__yamagata.png,420,420,2010-06-12,山形県の地図のイラスト（都道府県）,東北地方の青森県、岩手県、宮城県、秋田県、山形県、福島県の簡略化された地図ががそれぞれバラバラに描かれたイラストです。,https://www.irasutoya.com/2015/05/6.html,山形県の地図のイラスト（都道府県）,東北地方の青森県、岩手県、宮城県、秋田県、山形県、福島県の簡略化された地図ががそれぞれバラバラに描かれたイラストです。,https://www.irasutoya.com/2015/05/6.html,1,リクエスト|地図
85,irasutoya,https://blogger.googleusercontent.com/img/b/R29vZ2xl/AVvXsEhDfGYxwXM2hQcWYYzYGTALO5Z_EmJ9Q7dr8KjFwAtaqHho92h-gsG8yHf-a-j1hmnlphtvuf-3Dv82RHUI84rK7q60O6wDA-d77FDaIHAkQ4VX0S_0hAA8JavkiAxXPasUTa41UVngNt4/s800/2_touhoku4__akita.png,490,490,2010-06-12,秋田県の地図のイラスト（都道府県）,東北地方の青森県、岩手県、宮城県、秋田県、山形県、福島県の簡略化された地図ががそれぞれバラバラに描かれたイラストです。,https://www.irasutoya.com/2015/05/6.html,秋田県の地図のイラスト（都道府県）,東北地方の青森県、岩手県、宮城県、秋田県、山形県、福島県の簡略化された地図ががそれぞれバラバラに描かれたイラストです。,https://www.irasutoya.com/2015/05/6.html,1,リクエスト|地図
84,irasutoya,https://blogger.googleusercontent.com/img/b/R29vZ2xl/AVvXsEguVfMEB_g-bDWP5WNbmiMhVprGtzeadnLsTJFzP5ypjX9plZjH1-uZU49s3QO4iG83xvy9PL4RZtg6cDtLF3pmd95ANX7z9e9LrbAlIs6IxvT7WdI4N1uI8FyJg0mZnJ8-gDdzF0sJS2k/s800/2_touhoku3__miyagi.png,403,403,2010-06-12,宮城県の地図のイラスト（都道府県）,東北地方の青森県、岩手県、宮城県、秋田県、山形県、福島県の簡略化された地図ががそれぞれバラバラに描かれたイラストです。,https://www.irasutoya.com/2015/05/6.html,宮城県の地図のイラスト（都道府県）,東北地方の青森県、岩手県、宮城県、秋田県、山形県、福島県の簡略化された地図ががそれぞれバラバラに描かれたイラストです。,https://www.irasutoya.com/2015/05/6.html,1,リクエスト|地図
83,irasutoya,https://blogger.googleusercontent.com/img/b/R29vZ2xl/AVvXsEhAZN7qKGzrwikqrcjOLvNcaxQXM5NfPwayCGxQ_CQGEFsEwHACfwnIYtUSh-HSC_flhxVs5tjmhApBVkKeJE5PUXhC5pI4Ej6lW7B_El4PZGQr57gnoErAGLArvS5YfY3-FYnxYCXbIrk/s800/2_touhoku2__iwate.png,501,501,2010-06-12,岩手県の地図のイラスト（都道府県）,東北地方の青森県、岩手県、宮城県、秋田県、山形県、福島県の簡略化された地図ががそれぞれバラバラに描かれたイラストです。,https://www.irasutoya.com/2015/05/6.html,岩手県の地図のイラスト（都道府県）,東北地方の青森県、岩手県、宮城県、秋田県、山形県、福島県の簡略化された地図ががそれぞれバラバラに描かれたイラストです。,https://www.irasutoya.com/2015/05/6.html,1,リクエスト|地図
82,irasutoya,https://blogger.googleusercontent.com/img/b/R29vZ2xl/AVvXsEhluMNgfvh5CQOBvmQlXDQ7SEvnfcCuA0D9t34Jbj-_MiCfj7J0el_3gMeubVDIsZFU3-QKiuEVGaBqyFzzMjgCZf62kAFcGMKYoxZH-HWh-ijAPzohX_O5ivs1CNAhKGHdT-1x_2Xk3c4/s800/2_touhoku1__aomori.png,467,467,2010-06-12,青森県の地図のイラスト（都道府県）,東北地方の青森県、岩手県、宮城県、秋田県、山形県、福島県の簡略化された地図ががそれぞれバラバラに描かれたイラストです。,https://www.irasutoya.com/2015/05/6.html,青森県の地図のイラスト（都道府県）,東北地方の青森県、岩手県、宮城県、秋田県、山形県、福島県の簡略化された地図ががそれぞれバラバラに描かれたイラストです。,https://www.irasutoya.com/2015/05/6.html,1,リクエスト|地図
81,irasutoya,https://blogger.googleusercontent.com/img/b/R29vZ2xl/AVvXsEhbNcNDC4gwMEZNForRtmKnzVB7bCnusxrw-OFdAeIaS6TSxf92fYbKUnqq8H3OzhC3Oz5Hu-cKgSEk0L6chZPzgWFfnTfvNLFCLFrMLwEOKL_OsnpDJ7XexVCQVUt4gl85ePgOumTQaYk/s800/3_kantou7__kanagawa.png,223,223,2010-06-12,神奈川県の地図のイラスト（都道府県）,関東地方の茨城県、栃木県、群馬県、埼玉県、千葉県、東京都、神奈川県、それぞれの都県の地図が簡略化されて描かれたイラストです。,https://www.irasutoya.com/2015/05/16.html,神奈川県の地図のイラスト（都道府県）,関東地方の茨城県、栃木県、群馬県、埼玉県、千葉県、東京都、神奈川県、それぞれの都県の地図が簡略化されて描かれたイラストです。,https://www.irasutoya.com/2015/05/16.html,1,リクエスト|地図
80,irasutoya,https://blogger.googleusercontent.com/img/b/R29vZ2xl/AVvXsEilKR2bx3kVsKBEqz-GFHbrIp9yyEx8GL2IsVTLvNjJpcaGGuzYy63s_QeGuYVgmhf5W0_ikEowPko6corP16KBm6g69oKwGrpJGCNoti2xHQyAjy_67FWhoimY7HP6aL5DAQGGIsIq2sU/s800/3_kantou6__tokyo.png,268,203,2010-06-12,東京都の地図のイラスト（都道府県）,関東地方の茨城県、栃木県、群馬県、埼玉県、千葉県、東京都、神奈川県、それぞれの都県の地図が簡略化されて描かれたイラストです。,https://www.irasutoya.com/2015/05/16.html,東京都の地図のイラスト（都道府県）,関東地方の茨城県、栃木県、群馬県、埼玉県、千葉県、東京都、神奈川県、それぞれの都県の地図が簡略化されて描かれたイラストです。,https://www.irasutoya.com/2015/05/16.html,1,リクエスト|地図
79,irasutoya,https://blogger.googleusercontent.com/img/b/R29vZ2xl/AVvXsEhnL6UQBz_wG-fH_rMrgsh8OXHTBFjupJwbdv67aoT6hoGFQHf8Fwxnc6dJNFxyoec3wm5neV977r9NtFVVKJTJ2AY5Hu7xwwwoXIBr744pEfm5uKFaBQplRM5P7M1WhVgkxSWVT8x1HHs/s800/3_kantou5__chiba.png,366,366,2010-06-12,千葉県の地図のイラスト（都道府県）,関東地方の茨城県、栃木県、群馬県、埼玉県、千葉県、東京都、神奈川県、それぞれの都県の地図が簡略化されて描かれたイラストです。,https://www.irasutoya.com/2015/05/16.html,千葉県の地図のイラスト（都道府県）,関東地方の茨城県、栃木県、群馬県、埼玉県、千葉県、東京都、神奈川県、それぞれの都県の地図が簡略化されて描かれたイラストです。,https://www.irasutoya.com/2015/05/16.html,1,リクエスト|地図
78,irasutoya,https://blogger.googleusercontent.com/img/b/R29vZ2xl/AVvXsEiSUmfeMgORoIg3QMUH0hZujwxJZ3kYqFNW6tgFZ3x_nPYhTB5FRRHLbn5De7GN0n0LWbHsJhR1GVtXPkDinGUBjI-680NxmlJrzorF6GDJVChNQLLzXF-tj5njoyNuGJBK3T4wvfsYwiY/s800/3_kantou4__saitama.png,317,317,2010-06-12,埼玉県の地図のイラスト（都道府県）,関東地方の茨城県、栃木県、群馬県、埼玉県、千葉県、東京都、神奈川県、それぞれの都県の地図が簡略化されて描かれたイラストです。,https://www.irasutoya.com/2015/05/16.html,埼玉県の地図のイラスト（都道府県）,関東地方の茨城県、栃木県、群馬県、埼玉県、千葉県、東京都、神奈川県、それぞれの都県の地図が簡略化されて描かれたイラストです。,https://www.irasutoya.com/2015/05/16.html,1,リクエスト|地図
77,irasutoya,https://blogger.googleusercontent.com/img/b/R29vZ2xl/AVvXsEhR2E0Y57Td3Az-JwZGKhKJRfBwJXsnuJbSZaglHEAvNO2Me492NRMrTux_-ZDXa4E5OmcZ9_phYtGKp-hHykUYKbvzAjL_f3M8XZm3iJDyQGmrRQFji-NZpqPZqILOCkH1aonruRY1O4w/s800/3_kantou3__gunma.png,333,333,2010-06-12,群馬県の地図のイラスト（都道府県）,関東地方の茨城県、栃木県、群馬県、埼玉県、千葉県、東京都、神奈川県、それぞれの都県の地図が簡略化されて描かれたイラストです。,https://www.irasutoya.com/2015/05/16.html,群馬県の地図のイラスト（都道府県）,関東地方の茨城県、栃木県、群馬県、埼玉県、千葉県、東京都、神奈川県、それぞれの都県の地図が簡略化されて描かれたイラストです。,https://www.irasutoya.com/2015/05/16.html,1,リクエスト|地図
76,irasutoya,https://blogger.googleusercontent.com/img/b/R29vZ2xl/AVvXsEjXhUpL53hZC1Xjz0Z2XjDA7mI6vCeNrFc6xypQBJ5Y2miJI0MfHMQdAFr_p25skZmWwqH1q5b8iOquQmsTwSRtDKxwOeb3k6Y_JR0PgVxtlZ3lk0Rw489Qnugv0Amhjo1MsHDUAXcYdq4/s800/3_kantou2__tochigi.png,319,319,2010-06-12,栃木県の地図のイラスト（都道府県）,関東地方の茨城県、栃木県、群馬県、埼玉県、千葉県、東京都、神奈川県、それぞれの都県の地図が簡略化されて描かれたイラストです。,https://www.irasutoya.com/2015/05/16.html,栃木県の地図のイラスト（都道府県）,関東地方の茨城県、栃木県、群馬県、埼玉県、千葉県、東京都、神奈川県、それぞれの都県の地図が簡略化されて描かれたイラストです。,https://www.irasutoya.com/2015/05/16.html,1,リクエスト|地図
75,irasutoya,https://blogger.googleusercontent.com/img/b/R29vZ2xl/AVvXsEj5SmVLXT2C9lMWAdXPWsk8LORM-0KcbqRvf6eTYeOCZR7nYhQ9qGyrfGYbWg8T7JOTRe8Tu3IM9ks8yz1SZSBSa9GUsf2JbuwIga1_jZB81aQJpHgO2pRpcEUaJvQpHPoNtd9KwUAd100/s800/3_kantou1__ibaraki.png,370,370,2010-06-12,茨城県の地図のイラスト（都道府県）,関東地方の茨城県、栃木県、群馬県、埼玉県、千葉県、東京都、神奈川県、それぞれの都県の地図が簡略化されて描かれたイラストです。,https://www.irasutoya.com/2015/05/16.html,茨城県の地図のイラスト（都道府県）,関東地方の茨城県、栃木県、群馬県、埼玉県、千葉県、東京都、神奈川県、それぞれの都県の地図が簡略化されて描かれたイラストです。,https://www.irasutoya.com/2015/05/16.html,1,リクエスト|地図
74,irasutoya,https://blogger.googleusercontent.com/img/b/R29vZ2xl/AVvXsEiIbHxiVt04fgVhtqq_xwQd8m7-XCzp5dumx1BPsQcINQjuGtOEN1Mps-kfS8Cj7CBzPgqVmMvLxE-Yylx4uQd5MLtT4NPYBTUmkXMls1SLSDNVLtgM6FeL5qcMFSRfSHb6d1XaXICp7Oo/s800/4_chuubu9_gifu.png,405,405,2010-06-12,岐阜県の地図のイラスト（都道府県）,中部地方の新潟県、富山県、石川県、福井県、山梨県、長野県、岐阜県、静岡県、愛知県、それぞれの簡略化された地図がバラバラに描かれたイラストです。,https://www.irasutoya.com/2015/05/9.html,岐阜県の地図のイラスト（都道府県）,中部地方の新潟県、富山県、石川県、福井県、山梨県、長野県、岐阜県、静岡県、愛知県、それぞれの簡略化された地図がバラバラに描かれたイラストです。,https://www.irasutoya.com/2015/05/9.html,1,リクエスト|地図
73,irasutoya,https://blogger.googleusercontent.com/img/b/R29vZ2xl/AVvXsEjEvVRPO_mcKlAM3SrujBZHIMEtyySBd2BZVFQj6rEdJ3ATDnMLs6QCRzJo5gBMqoOW2x1Kyb5lSN3oG_Gno7DFG67qjGr5Rc5M1GFGM7YR1wsVvvh4AAxp70i1y2ZZhqpCA2mQn3DySs4/s800/4_chuubu8_aichi.png,297,297,2010-06-12,愛知県の地図のイラスト（都道府県）,中部地方の新潟県、富山県、石川県、福井県、山梨県、長野県、岐阜県、静岡県、愛知県、それぞれの簡略化された地図がバラバラに描かれたイラストです。,https://www.irasutoya.com/2015/05/9.html,愛知県の地図のイラスト（都道府県）,中部地方の新潟県、富山県、石川県、福井県、山梨県、長野県、岐阜県、静岡県、愛知県、それぞれの簡略化された地図がバラバラに描かれたイラストです。,https://www.irasutoya.com/2015/05/9.html,1,リクエスト|地図
72,irasutoya,https://blogger.googleusercontent.com/img/b/R29vZ2xl/AVvXsEhnT9rswoR8NUOUzGEIZTsd9JSWUyA28qKbp5Iph6yhoGVVErosivczPMIIF-4QoskuADqdqoN9R-HCKV3ApvLhWiaRbiK1PSjkHeFsWF_iIfc0nVdvLRVgNaHUcW0Bo_GK56vBf_pl7Q0/s800/4_chuubu7_shizuoka.png,415,415,2010-06-12,静岡県の地図のイラスト（都道府県）,中部地方の新潟県、富山県、石川県、福井県、山梨県、長野県、岐阜県、静岡県、愛知県、それぞれの簡略化された地図がバラバラに描かれたイラストです。,https://www.irasutoya.com/2015/05/9.html,静岡県の地図のイラスト（都道府県）,中部地方の新潟県、富山県、石川県、福井県、山梨県、長野県、岐阜県、静岡県、愛知県、それぞれの簡略化された地図がバラバラに描かれたイラストです。,https://www.irasutoya.com/2015/05/9.html,1,リクエスト|地図
71,irasutoya,https://blogger.googleusercontent.com/img/b/R29vZ2xl/AVvXsEjOAfZH3EJ4RsOMiCEiDf-X3q1GwUCsIK5j0XmoQnwa5OpRl1isXjBh956xHH3GLUT9z34vet92tcxoHOcDP2kjYhpuoBVOx8nRhpjmwbnIp60czMhVM5qFt1B9vQp3cbuQQpwpkLPvAdc/s800/4_chuubu6_fukui.png,347,347,2010-06-12,福井県の地図のイラスト（都道府県）,中部地方の新潟県、富山県、石川県、福井県、山梨県、長野県、岐阜県、静岡県、愛知県、それぞれの簡略化された地図がバラバラに描かれたイラストです。,https://www.irasutoya.com/2015/05/9.html,福井県の地図のイラスト（都道府県）,中部地方の新潟県、富山県、石川県、福井県、山梨県、長野県、岐阜県、静岡県、愛知県、それぞれの簡略化された地図がバラバラに描かれたイラストです。,https://www.irasutoya.com/2015/05/9.html,1,リクエスト|地図
70,irasutoya,https://blogger.googleusercontent.com/img/b/R29vZ2xl/AVvXsEgqiEU6t-MUQTsQYmgQFkDZ5G2ibFY4e-2g-GAB8mQDDpI6l4zmQsJT5xYW4RceSqkogH00tOBM0W4ypmw-ORexNimfg3ZEHFsEtkgd8UNfqESLiGrqNlJ8l7a3r3ODDgCv6qN1uIAm3RY/s800/4_chuubu5_ishikawa.png,438,438,2010-06-12,石川県の地図のイラスト（都道府県）,中部地方の新潟県、富山県、石川県、福井県、山梨県、長野県、岐阜県、静岡県、愛知県、それぞれの簡略化された地図がバラバラに描かれたイラストです。,https://www.irasutoya.com/2015/05/9.html,石川県の地図のイラスト（都道府県）,中部地方の新潟県、富山県、石川県、福井県、山梨県、長野県、岐阜県、静岡県、愛知県、それぞれの簡略化された地図がバラバラに描かれたイラストです。,https://www.irasutoya.com/2015/05/9.html,1,リクエスト|地図
69,irasutoya,https://blogger.googleusercontent.com/img/b/R29vZ2xl/AVvXsEhFKX6vC70AFe3gY4gpdkSs13ZN79LSbd-Cil3a9iC8LX5oezQYLUJ2hluja3gaBnrf5FL6sMf1nNE0IU2hscCU2ZO7w3P4NdxvHBUYWdjI1UQh416mXDFJ4-21-Y9HaiAvWPNLNZu3Jio/s800/4_chuubu4_toyama.png,261,261,2010-06-12,富山県の地図のイラスト（都道府県）,中部地方の新潟県、富山県、石川県、福井県、山梨県、長野県、岐阜県、静岡県、愛知県、それぞれの簡略化された地図がバラバラに描かれたイラストです。,https://www.irasutoya.com/2015/05/9.html,富山県の地図のイラスト（都道府県）,中部地方の新潟県、富山県、石川県、福井県、山梨県、長野県、岐阜県、静岡県、愛知県、それぞれの簡略化された地図がバラバラに描かれたイラストです。,https://www.irasutoya.com/2015/05/9.html,1,リクエスト|地図
68,irasutoya,https://blogger.googleusercontent.com/img/b/R29vZ2xl/AVvXsEjNYDLGFw0Imm9-mdJJiO8sJHc6p6M0uCAutjYD_5SS7vILJvpQ6Jh6IBXHyAq0ssPMbnhHhKvfThJjrwnS8DiGmeKsDzTTa384sWDj6WwXPZtAahJ24yA-JGcfKSoe73VHtF7YBZP6y1s/s800/4_chuubu3_niigata.png,566,566,2010-06-12,新潟県の地図のイラスト（都道府県）,中部地方の新潟県、富山県、石川県、福井県、山梨県、長野県、岐阜県、静岡県、愛知県、それぞれの簡略化された地図がバラバラに描かれたイラストです。,https://www.irasutoya.com/2015/05/9.html,新潟県の地図のイラスト（都道府県）,中部地方の新潟県、富山県、石川県、福井県、山梨県、長野県、岐阜県、静岡県、愛知県、それぞれの簡略化された地図がバラバラに描かれたイラストです。,https://www.irasutoya.com/2015/05/9.html,1,リクエスト|地図
67,irasutoya,https://blogger.googleusercontent.com/img/b/R29vZ2xl/AVvXsEjEtyMmv_k1n8noW_Fr92CMNeVStvTknG_5SSTGIaA4IA3c3hvm7sD3kkc56FgIR2uWOCjzbqc5c85ST1ej9L1GrJjB5eNHc4UZ4V3iQPVR_T9XGXgcBFbkDId-M7K3CcS-qJcfhjRv8CQ/s800/4_chuubu2_nagano.png,471,528,2010-06-12,長野県の地図のイラスト（都道府県）,中部地方の新潟県、富山県、石川県、福井県、山梨県、長野県、岐阜県、静岡県、愛知県、それぞれの簡略化された地図がバラバラに描かれたイラストです。,https://www.irasutoya.com/2015/05/9.html,長野県の地図のイラスト（都道府県）,中部地方の新潟県、富山県、石川県、福井県、山梨県、長野県、岐阜県、静岡県、愛知県、それぞれの簡略化された地図がバラバラに描かれたイラストです。,https://www.irasutoya.com/2015/05/9.html,1,リクエスト|地図
66,irasutoya,https://blogger.googleusercontent.com/img/b/R29vZ2xl/AVvXsEiWVykz8mwBSRoIabUpwYCfCoqlYM-PR0d42Szo9h62KLC37nbHAtiGw4o7bkxHE0YWssTZ4-JNfvY4qySZ_Yf9XyEeZErw7Yc_01w7PSkC6IfnwhqSKegNQy0gYc4UPW8sq-okOcPYicU/s800/4_chuubu1_yamanashi.png,270,270,2010-06-12,山梨県の地図のイラスト（都道府県）,中部地方の新潟県、富山県、石川県、福井県、山梨県、長野県、岐阜県、静岡県、愛知県、それぞれの簡略化された地図がバラバラに描かれたイラストです。,https://www.irasutoya.com/2015/05/9.html,山梨県の地図のイラスト（都道府県）,中部地方の新潟県、富山県、石川県、福井県、山梨県、長野県、岐阜県、静岡県、愛知県、それぞれの簡略化された地図がバラバラに描かれたイラストです。,https://www.irasutoya.com/2015/05/9.html,1,リクエスト|地図
65,irasutoya,https://blogger.googleusercontent.com/img/b/R29vZ2xl/AVvXsEi64ovyjLMe742Q0KhGw_wjTr0r_x6NHb9ElE4Xs_1K58lrcmwUdzG2t5j2ymnRp0yxfdS5mxjzbDxIwqqlqxs9x8XoCYu4XgOaR_ep_Cyk13KLPI0NXbJu45Q5fmlXxP5miYezk556teM/s800/5_kinki7_wakayama.png,294,294,2010-06-12,和歌山県の地図のイラスト（都道府県）,近畿地方の大阪府、京都府、兵庫県、奈良県、三重県、滋賀県、和歌山県の地図がそれぞればらばらに簡略化されたイラストです。,https://www.irasutoya.com/2015/05/25.html,和歌山県の地図のイラスト（都道府県）,近畿地方の大阪府、京都府、兵庫県、奈良県、三重県、滋賀県、和歌山県の地図がそれぞればらばらに簡略化されたイラストです。,https://www.irasutoya.com/2015/05/25.html,1,リクエスト|地図
64,irasutoya,https://blogger.googleusercontent.com/img/b/R29vZ2xl/AVvXsEh5YuqeLZPliAo4GTrTPv9atlNBrgXgjgo60NtaJsEOObHC4i620wH-Sp1aOH5fxSwHZ6GVbY6XmBnVTIY58qeB8ON7vzZIXgqtwJYjvtp-DVnXB6oJCvitqwPRI5yGF8u_hPIchOy23tA/s800/5_kinki6_nara.png,273,273,2010-06-12,奈良県の地図のイラスト（都道府県）,近畿地方の大阪府、京都府、兵庫県、奈良県、三重県、滋賀県、和歌山県の地図がそれぞればらばらに簡略化されたイラストです。,https://www.irasutoya.com/2015/05/25.html,奈良県の地図のイラスト（都道府県）,近畿地方の大阪府、京都府、兵庫県、奈良県、三重県、滋賀県、和歌山県の地図がそれぞればらばらに簡略化されたイラストです。,https://www.irasutoya.com/2015/05/25.html,1,リクエスト|地図
63,irasutoya,https://blogger.googleusercontent.com/img/b/R29vZ2xl/AVvXsEjCTJxjT9IiV2J7379p9yosX6PYcLBTl2OEuXfn_WvqnfPHHPOXoxngCVXfgx6MzNAYgdJBod_3iP8m5R-wS1JiDZNOYDj0u1j3795IQO0VxoUVwX6zdeBPzrMAEQt_tctLgg2NPcbPq0w/s800/5_kinki5_hyougo.png,355,432,2010-06-12,兵庫県の地図のイラスト（都道府県）,近畿地方の大阪府、京都府、兵庫県、奈良県、三重県、滋賀県、和歌山県の地図がそれぞればらばらに簡略化されたイラストです。,https://www.irasutoya.com/2015/05/25.html,兵庫県の地図のイラスト（都道府県）,近畿地方の大阪府、京都府、兵庫県、奈良県、三重県、滋賀県、和歌山県の地図がそれぞればらばらに簡略化されたイラストです。,https://www.irasutoya.com/2015/05/25.html,1,リクエスト|地図
62,irasutoya,https://blogger.googleusercontent.com/img/b/R29vZ2xl/AVvXsEiulslHR1kP7_PMpPRJH3Cim5TD36KNCYUuWKBd6nXHsRVFghsWF1hrnZS7pt5tnxPgmL6uqBUBEY-rNFGP23kf3k8KQqEsqaE2BH_Cb2lQ_FsbC5IvhRFlkFHktgFTP0ViFqO3rszIvak/s800/5_kinki4_osaka.png,233,233,2010-06-12,大坂府の地図のイラスト（都道府県）,近畿地方の大阪府、京都府、兵庫県、奈良県、三重県、滋賀県、和歌山県の地図がそれぞればらばらに簡略化されたイラストです。,https://www.irasutoya.com/2015/05/25.html,大坂府の地図のイラスト（都道府県）,近畿地方の大阪府、京都府、兵庫県、奈良県、三重県、滋賀県、和歌山県の地図がそれぞればらばらに簡略化されたイラストです。,https://www.irasutoya.com/2015/05/25.html,1,リクエスト|地図
61,irasutoya,https://blogger.googleusercontent.com/img/b/R29vZ2xl/AVvXsEigQGrRUPYSZGR3V8SR4tKS9uJIB0DhPNI4xiT3x6wBSJTioc09EfN5GvCKGwssrcLWaty3jaGeyYE9ASpym5KiIeW8_Jk_Oq5IESKbn1XVc33A2I5QIsnlDvCOHALuW3T9K4Zucsp-UjQ/s800/5_kinki3_kyouto.png,330,330,2010-06-12,京都府の地図のイラスト（都道府県）,近畿地方の大阪府、京都府、兵庫県、奈良県、三重県、滋賀県、和歌山県の地図がそれぞればらばらに簡略化されたイラストです。,https://www.irasutoya.com/2015/05/25.html,京都府の地図のイラスト（都道府県）,近畿地方の大阪府、京都府、兵庫県、奈良県、三重県、滋賀県、和歌山県の地図がそれぞればらばらに簡略化されたイラストです。,https://www.irasutoya.com/2015/05/25.html,1,リクエスト|地図
60,irasutoya,https://blogger.googleusercontent.com/img/b/R29vZ2xl/AVvXsEhbmbj7bZSJb3MjcwsMOTeIbNctbL4vqBM5SeQ5aPps0wcS5-H7aWP1Lq7jMVVRkgLzrdGyoLNbWFEQO9Sn7VaZ3p2OSDc_R4rmkF6r9YrxX6nefxEr97xxVf12EdIcV-eoa5WdPC0qiJM/s800/5_kinki2_shiga.png,287,287,2010-06-12,滋賀県の地図のイラスト（都道府県）,近畿地方の大阪府、京都府、兵庫県、奈良県、三重県、滋賀県、和歌山県の地図がそれぞればらばらに簡略化されたイラストです。,https://www.irasutoya.com/2015/05/25.html,滋賀県の地図のイラスト（都道府県）,近畿地方の大阪府、京都府、兵庫県、奈良県、三重県、滋賀県、和歌山県の地図がそれぞればらばらに簡略化されたイラストです。,https://www.irasutoya.com/2015/05/25.html,1,リクエスト|地図
59,irasutoya,https://blogger.googleusercontent.com/img/b/R29vZ2xl/AVvXsEjAAkoaOUMmTrSvYWx1ZoR_AJrzVjQ-2Ye3cAuujjo3trzByV68eXiMVQ4F8Psz9U-M6BGOTv3axwgbhPokXX_LUMyNIvUrsB_Rho_B8d42fuPSd4PiE9SU4AF1pBUpOMYMz2-YnAUYC_4/s800/5_kinki1_mie.png,353,444,2010-06-12,三重県の地図のイラスト（都道府県）,近畿地方の大阪府、京都府、兵庫県、奈良県、三重県、滋賀県、和歌山県の地図がそれぞればらばらに簡略化されたイラストです。,https://www.irasutoya.com/2015/05/25.html,三重県の地図のイラスト（都道府県）,近畿地方の大阪府、京都府、兵庫県、奈良県、三重県、滋賀県、和歌山県の地図がそれぞればらばらに簡略化されたイラストです。,https://www.irasutoya.com/2015/05/25.html,1,リクエスト|地図
58,irasutoya,https://blogger.googleusercontent.com/img/b/R29vZ2xl/AVvXsEihjD0nMW3QmlWVV8TcHzINiA2PiMymntfG1Z73rdP8594mFR970tWNfeY-3D0-0HzYQGPmfjhIx104zyUL5ZkW_8YEE-1e24mYwqUbtKCxSh3Krr7buxNFywDckd58k-JVWIPg69_F3ls/s800/6_chuugoku5_yamaguchi.png,357,321,2010-06-12,山口県の地図のイラスト（都道府県）,中国地方にある鳥取県、島根県、岡山県、広島県、山口県の簡略化された地図のイラストです。,https://www.irasutoya.com/2015/05/5.html,山口県の地図のイラスト（都道府県）,中国地方にある鳥取県、島根県、岡山県、広島県、山口県の簡略化された地図のイラストです。,https://www.irasutoya.com/2015/05/5.html,1,リクエスト|地図
57,irasutoya,https://blogger.googleusercontent.com/img/b/R29vZ2xl/AVvXsEg1a_d9QqrWMyHrmF2NAu0IKrfbtYA-3RaHgjEilJtKzNVXHTlRbw69LSNKipEuR9i-sVxUUarb39GlH-jlWekkqamtn2YyY_bMVgs69SxEoEvDUM_ZH17dCfv-16gJzvMnUnfEz3Ef2CU/s800/6_chuugoku4_hiroshima.png,350,350,2010-06-12,広島県の地図のイラスト（都道府県）,中国地方にある鳥取県、島根県、岡山県、広島県、山口県の簡略化された地図のイラストです。,https://www.irasutoya.com/2015/05/5.html,広島県の地図のイラスト（都道府県）,中国地方にある鳥取県、島根県、岡山県、広島県、山口県の簡略化された地図のイラストです。,https://www.irasutoya.com/2015/05/5.html,1,リクエスト|地図
56,irasutoya,https://blogger.googleusercontent.com/img/b/R29vZ2xl/AVvXsEg0Q0E9J9KLYeMNEMMhp89PpzW8wdESIExFnRMIZRR-ufj6llyah-kd4AN0CUpmzdzVBW3U3Oexzr8_mbxxUHXPQHsiKOH0vw3Cv9q3x_OsrfpfkO63lVLyvRQGkAEVo5ulKipnC_yCgTQ/s800/6_chuugoku3_okayama.png,311,311,2010-06-12,岡山県の地図のイラスト（都道府県）,中国地方にある鳥取県、島根県、岡山県、広島県、山口県の簡略化された地図のイラストです。,https://www.irasutoya.com/2015/05/5.html,岡山県の地図のイラスト（都道府県）,中国地方にある鳥取県、島根県、岡山県、広島県、山口県の簡略化された地図のイラストです。,https://www.irasutoya.com/2015/05/5.html,1,リクエスト|地図
55,irasutoya,https://blogger.googleusercontent.com/img/b/R29vZ2xl/AVvXsEjA4JQ-VEWsrMyqPHQ5H5iDLLzlM-hg1ksvrOj9eN9BCCVCa6dWkkWcOJsnMW1zBKfe-3C_GkPiEC_m3_LIN_w7jTf5YDCgkuJN6m65nlQf9HnZzdBDkJ0x5IfU6cChWIR5Ho1QDeZMqNU/s800/6_chuugoku2_shimane.png,531,595,2010-06-12,島根県の地図のイラスト（都道府県）,中国地方にある鳥取県、島根県、岡山県、広島県、山口県の簡略化された地図のイラストです。,https://www.irasutoya.com/2015/05/5.html,島根県の地図のイラスト（都道府県）,中国地方にある鳥取県、島根県、岡山県、広島県、山口県の簡略化された地図のイラストです。,https://www.irasutoya.com/2015/05/5.html,1,リクエスト|地図
54,irasutoya,https://blogger.googleusercontent.com/img/b/R29vZ2xl/AVvXsEh01X1WykxDe6RRv6LxVCdgG3hUownkKEvOEA35ubBh35BBtZKcBPNBqkqWwMF8U94qKyrIymJVktOw9GN7oGZBSunk3RnuTjelb85ZD9xOoF-FTM9zbWUZ5V9D3n531lqCv096Lfy5eco/s800/6_chuugoku1_tottori.png,344,287,2010-06-12,鳥取県の地図のイラスト（都道府県）,中国地方にある鳥取県、島根県、岡山県、広島県、山口県の簡略化された地図のイラストです。,https://www.irasutoya.com/2015/05/5.html,鳥取県の地図のイラスト（都道府県）,中国地方にある鳥取県、島根県、岡山県、広島県、山口県の簡略化された地図のイラストです。,https://www.irasutoya.com/2015/05/5.html,1,リクエスト|地図
53,irasutoya,https://blogger.googleusercontent.com/img/b/R29vZ2xl/AVvXsEhmEjh1Uwvik8oBrroxBLfIz39iF7PsYbPxbvuxqZ39uTnrgapsn5U-F394ldlO2mwB9ovu0tGIYPc0QirmdOzKLNaxMCRJjLxcw_f1ukQgUm1Pp0YTneSlbyvL8Ag7_UdwjVPFifG_g3s/s800/7_shikoku4_kouchi.png,397,398,2010-06-12,高知県の地図のイラスト（都道府県）,四国地方にある徳島県、香川県、愛媛県、高知県がそれぞれバラバラに描かれた地図イラストです。,https://www.irasutoya.com/2015/05/4.html,高知県の地図のイラスト（都道府県）,四国地方にある徳島県、香川県、愛媛県、高知県がそれぞれバラバラに描かれた地図イラストです。,https://www.irasutoya.com/2015/05/4.html,1,リクエスト|地図
52,irasutoya,https://blogger.googleusercontent.com/img/b/R29vZ2xl/AVvXsEj4iD0ylad-jlJ-8ZAhqexAJcDmw4dTUq6g3V6nAuafm96mbd19l4nAo8yZ7GcxSNXf9jnsJP4Y66EquLZ2GPy1ZuN35UQKiR3AEyTeXTHZqKEn6LpWFwNOq942TmZ0zNGmvDfMUFR96FQ/s800/7_shikoku3_tokushima.png,270,270,2010-06-12,徳島県の地図のイラスト（都道府県）,四国地方にある徳島県、香川県、愛媛県、高知県がそれぞれバラバラに描かれた地図イラストです。,https://www.irasutoya.com/2015/05/4.html,徳島県の地図のイラスト（都道府県）,四国地方にある徳島県、香川県、愛媛県、高知県がそれぞれバラバラに描かれた地図イラストです。,https://www.irasutoya.com/2015/05/4.html,1,リクエスト|地図
51,irasutoya,https://blogger.googleusercontent.com/img/b/R29vZ2xl/AVvXsEjS8H8gmUzcIChy6bguyc-aXTwYNDl-IhmLPI8uRzBhF3xBgPdkg9NAHLSdiqsxYFtoZjQ3yUBkF0VDbz9BLzMyf2zB6c8O3eFDo_BVWhpO4T40Lh8qepS7X-VJkOXwZALkgtDULqjTWzE/s800/7_shikoku2_ehime.png,381,381,2010-06-12,愛媛県の地図のイラスト（都道府県）,四国地方にある徳島県、香川県、愛媛県、高知県がそれぞれバラバラに描かれた地図イラストです。,https://www.irasutoya.com/2015/05/4.html,愛媛県の地図のイラスト（都道府県）,四国地方にある徳島県、香川県、愛媛県、高知県がそれぞれバラバラに描かれた地図イラストです。,https://www.irasutoya.com/2015/05/4.html,1,リクエスト|地図
50,irasutoya,https://blogger.googleusercontent.com/img/b/R29vZ2xl/AVvXsEgboaDLy-7O5aHGQbs5rOdkB_S3Pwi9R4XaRqqhL4XvMl-EbY8acNxfStKIOG08ksROB9lH_4ICOUugX0CAlClWSPu09EfdLeJdgh02quarHulx03efFZ_ttvYR_fUaIMaTk-HSZxwWk90/s800/7_shikoku1_kagawa.png,269,269,2010-06-12,香川県の地図のイラスト（都道府県）,四国地方にある徳島県、香川県、愛媛県、高知県がそれぞれバラバラに描かれた地図イラストです。,https://www.irasutoya.com/2015/05/4.html,香川県の地図のイラスト（都道府県）,四国地方にある徳島県、香川県、愛媛県、高知県がそれぞれバラバラに描かれた地図イラストです。,https://www.irasutoya.com/2015/05/4.html,1,リクエスト|地図
49,irasutoya,https://blogger.googleusercontent.com/img/b/R29vZ2xl/AVvXsEhcVQ0-bd_JPr5TvhQyKmzwaTPXZkwApo01HBiV2hCWy49fRf_A97U5ocJKflOKz2nzVdPCU0mjDQ1LUVs3uf-ocorkm4YNVXGwCCsoPKMVoGa-5EIdMfJSUfsNVE7WfMZP0Dc-Ol2TnD4/s800/9_okinawa.png,389,389,2010-06-12,沖縄県の地図のイラスト（都道府県）,九州地方（沖縄地方）の福岡県、佐賀県、長崎県、大分県、熊本県、宮崎県、鹿児島県、沖縄県、8つの県の地図がばらばらに簡略化されて描かれたイラストです。,https://www.irasutoya.com/2015/05/8.html,沖縄県の地図のイラスト（都道府県）,九州地方（沖縄地方）の福岡県、佐賀県、長崎県、大分県、熊本県、宮崎県、鹿児島県、沖縄県、8つの県の地図がばらばらに簡略化されて描かれたイラストです。,https://www.irasutoya.com/2015/05/8.html,1,リクエスト|地図
48,irasutoya,https://blogger.googleusercontent.com/img/b/R29vZ2xl/AVvXsEgcR45BwhS2kh8Fpj7P0_1wVFEUWLbbBg5eGAOdiTl_HvPJrsZuRVaymliNt8def1oUAQx12xUX9PS2nWU92xUtdQoByMgzQKkNUnJMEbNUPo5dFlzklRgMFZQRd90FGQqsvWB37Y1pJDo/s800/8_kyuusyuu7_kagoshima.png,482,553,2010-06-12,鹿児島県の地図のイラスト（都道府県）,九州地方（沖縄地方）の福岡県、佐賀県、長崎県、大分県、熊本県、宮崎県、鹿児島県、沖縄県、8つの県の地図がばらばらに簡略化されて描かれたイラストです。,https://www.irasutoya.com/2015/05/8.html,鹿児島県の地図のイラスト（都道府県）,九州地方（沖縄地方）の福岡県、佐賀県、長崎県、大分県、熊本県、宮崎県、鹿児島県、沖縄県、8つの県の地図がばらばらに簡略化されて描かれたイラストです。,https://www.irasutoya.com/2015/05/8.html,1,リクエスト|地図
47,irasutoya,https://blogger.googleusercontent.com/img/b/R29vZ2xl/AVvXsEigEMiiU3QLu1xlB9XJ_0A4tp3DItyu8P6lNUYbDWOi6f8Eo6rjt3UVGEh8BOmlgPux2B5NsVtQHeCYq3HuMHBIbiEGazHl93nTd2GSO-K-q4KuESZuoYHkydxznj20oPp3mJfkDgs1GKw/s800/8_kyuusyuu6_miyazaki.png,378,413,2010-06-12,宮崎県の地図のイラスト（都道府県）,九州地方（沖縄地方）の福岡県、佐賀県、長崎県、大分県、熊本県、宮崎県、鹿児島県、沖縄県、8つの県の地図がばらばらに簡略化されて描かれたイラストです。,https://www.irasutoya.com/2015/05/8.html,宮崎県の地図のイラスト（都道府県）,九州地方（沖縄地方）の福岡県、佐賀県、長崎県、大分県、熊本県、宮崎県、鹿児島県、沖縄県、8つの県の地図がばらばらに簡略化されて描かれたイラストです。,https://www.irasutoya.com/2015/05/8.html,1,リクエスト|地図
46,irasutoya,https://blogger.googleusercontent.com/img/b/R29vZ2xl/AVvXsEjJduipNLEIOYyiIb0780TKSHr2ZTqqilMbaYeoQUwvhwLe_m-6r_j4bs2XzvAXjDDW6p05skTqNOhkBqxTbPGmtEaqaV48wh_DHbzcx5h9v1mzCRWWg5mM3C_dBRtckZI8_aDMLWjQjMU/s800/8_kyuusyuu5_ooita.png,298,298,2010-06-12,大分県の地図のイラスト（都道府県）,九州地方（沖縄地方）の福岡県、佐賀県、長崎県、大分県、熊本県、宮崎県、鹿児島県、沖縄県、8つの県の地図がばらばらに簡略化されて描かれたイラストです。,https://www.irasutoya.com/2015/05/8.html,大分県の地図のイラスト（都道府県）,九州地方（沖縄地方）の福岡県、佐賀県、長崎県、大分県、熊本県、宮崎県、鹿児島県、沖縄県、8つの県の地図がばらばらに簡略化されて描かれたイラストです。,https://www.irasutoya.com/2015/05/8.html,1,リクエスト|地図
45,irasutoya,https://blogger.googleusercontent.com/img/b/R29vZ2xl/AVvXsEh9ixYWvhejOizGqJccLDms3lCa9lpglkK3KxZQtFy0wTlETqnLQljU67KZe1anVj8SwRDvtLmBcIjqo2MlZL-4yOo55oZAAJBwBLvvVY2uNIfV4v7h-jw4922ylV7I9u-6wSIHRI8Yd4o/s800/8_kyuusyuu4_kumamoto.png,329,329,2010-06-12,熊本県の地図のイラスト（都道府県）,九州地方（沖縄地方）の福岡県、佐賀県、長崎県、大分県、熊本県、宮崎県、鹿児島県、沖縄県、8つの県の地図がばらばらに簡略化されて描かれたイラストです。,https://www.irasutoya.com/2015/05/8.html,熊本県の地図のイラスト（都道府県）,九州地方（沖縄地方）の福岡県、佐賀県、長崎県、大分県、熊本県、宮崎県、鹿児島県、沖縄県、8つの県の地図がばらばらに簡略化されて描かれたイラストです。,https://www.irasutoya.com/2015/05/8.html,1,リクエスト|地図
44,irasutoya,https://blogger.googleusercontent.com/img/b/R29vZ2xl/AVvXsEi-wjFh5XFAYYPrxAFiObLb0hpYLxdW_LlCGnPt3_ADUBJuwP1Sa6_DHshE1NDKkDZbQ2K0P87-OXp8qQ5VUno1ommpBemFIG3P7KVG1PuUgkfbFDUl-kK6Zb7JYqKkc8lfKsFNVBZkhVxe/s800/8_kyuusyuu3_nagasaki.png,582,582,2010-06-12,長崎県の地図のイラスト（都道府県）,九州地方（沖縄地方）の福岡県、佐賀県、長崎県、大分県、熊本県、宮崎県、鹿児島県、沖縄県、8つの県の地図がばらばらに簡略化されて描かれたイラストです。,https://www.irasutoya.com/2015/05/8.html,長崎県の地図のイラスト（都道府県）,九州地方（沖縄地方）の福岡県、佐賀県、長崎県、大分県、熊本県、宮崎県、鹿児島県、沖縄県、8つの県の地図がばらばらに簡略化されて描かれたイラストです。,https://www.irasutoya.com/2015/05/8.html,1,リクエスト|地図
43,irasutoya,https://blogger.googleusercontent.com/img/b/R29vZ2xl/AVvXsEh9OVtijNDnq1jz1i1gOYY2KWg0npb_HzfW4pTR2TpApgK6qTK51Tfc2yF_y5UemKOvdQINoPy6qAJiZRhIjG9tsAzTf_OBtYnHe28y4w0jSydbMFsykFILzfm044dsO6QxHBMEhW4VhsY/s800/8_kyuusyuu2_saga.png,214,214,2010-06-12,佐賀県の地図のイラスト（都道府県）,九州地方（沖縄地方）の福岡県、佐賀県、長崎県、大分県、熊本県、宮崎県、鹿児島県、沖縄県、8つの県の地図がばらばらに簡略化されて描かれたイラストです。,https://www.irasutoya.com/2015/05/8.html,佐賀県の地図のイラスト（都道府県）,九州地方（沖縄地方）の福岡県、佐賀県、長崎県、大分県、熊本県、宮崎県、鹿児島県、沖縄県、8つの県の地図がばらばらに簡略化されて描かれたイラストです。,https://www.irasutoya.com/2015/05/8.html,1,リクエスト|地図
42,irasutoya,https://blogger.googleusercontent.com/img/b/R29vZ2xl/AVvXsEgFT-r5O4a6Uped0XILz0P0CFuaDHx3bi21xjbwFKeME1JijQ5R3sJvHJdjSOnJhYFXQ61FAstStxSDeW-Z_BlxdQ5JP71NW6TOE_NSOgCmyhYb9iJQWhTXgXhxMeoFN394IhIpS3UKFb8/s800/8_kyuusyuu1_fukuoka.png,307,307,2010-06-12,福岡県の地図のイラスト（都道府県）,九州地方（沖縄地方）の福岡県、佐賀県、長崎県、大分県、熊本県、宮崎県、鹿児島県、沖縄県、8つの県の地図がばらばらに簡略化されて描かれたイラストです。,https://www.irasutoya.com/2015/05/8.html,福岡県の地図のイラスト（都道府県）,九州地方（沖縄地方）の福岡県、佐賀県、長崎県、大分県、熊本県、宮崎県、鹿児島県、沖縄県、8つの県の地図がばらばらに簡略化されて描かれたイラストです。,https://www.irasutoya.com/2015/05/8.html,1,リクエスト|地図
1,irasutoya,https://blogger.googleusercontent.com/img/b/R29vZ2xl/AVvXsEhWCsZiB_GcaHfyJG5siyZ2xK5kmo03BUEE5Mu342M3k-dnQnQ1LA_Mb5VHDiZq8LhDLcRMhHxspQNihYIcJrlNgnymNBKVTnYZq7V20FR-ySQXiosgRdQgOwVFZR8_g40zevc5iBYwyv4/s800/1_hokkaidou.png,800,542,2010-06-12,北海道の地図のイラスト（都道府県）,日本の最北にある大きな島、牛乳やジャガイモで有名な北海道のイラストです。,https://www.irasutoya.com/2015/05/blog-post_126.html,北海道の地図のイラスト（都道府県）,日本の最北にある大きな島、牛乳やジャガイモで有名な北海道のイラストです。,https://www.irasutoya.com/2015/05/blog-post_126.html,1,リクエスト|地図
41,irasutoya,https://blogger.googleusercontent.com/img/b/R29vZ2xl/AVvXsEggjhJA9Qjz9CiNVrHEMKBdv7IVj_WxaOXb1G2yoAVkmbdo9Y3Wz2j5saVU3TfetXM1kzDXHp_Ne6omWHUdYf16uJt7tKcVUUTpXeF1jxVO8oGBpdLYT3eSIMcnSDhYLRiGVCKIwjFROn5f/s800/card_spade_10.png,409,600,2010-05-19,トランプのスペードのイラスト（数字・10）,トランプのスペードの数字の札（1～10）のイラストです。,https://www.irasutoya.com/2010/05/numbercardspade.html,トランプのスペードのイラスト（数字・10）,トランプのスペードの数字の札（1～10）のイラストです。,https://www.irasutoya.com/2010/05/numbercardspade.html,1,トランプ
40,irasutoya,https://blogger.googleusercontent.com/img/b/R29vZ2xl/AVvXsEgOJGJ-kqHsLKZHbJfqkIkdGwvw8XhkEwL1ksnmeY7bHCKYst7wwE5i8xGV_cdi16d2RMsfSHd9o48JxNVNoA0lZMRtow5seQRbiwqnmUJBMsqLgjiQcAWgWbqmPVMYTsAuaGAQwk2HQgMu/s800/card_spade_09.png,409,600,2010-05-19,トランプのスペードのイラスト（数字・9）,トランプのスペードの数字の札（1～10）のイラストです。,https://www.irasutoya.com/2010/05/numbercardspade.html,トランプのスペードのイラスト（数字・9）,トランプのスペードの数字の札（1～10）のイラストです。,https://www.irasutoya.com/2010/05/numbercardspade.html,1,トランプ
39,irasutoya,https://blogger.googleusercontent.com/img/b/R29vZ2xl/AVvXsEhRRWlLKwM4xU6fg5dVQJh13jF5A93xycDKlQZ9Q6heCjDqIP0czGrevFlh2NDUrOqH4kpoxJHcW-ruJaIfl9mQTQ8ajcmlm2MpwHKaKJDznCfvaX5LApsXI3B0xSl_NzJLylOnFp6iu7Ar/s800/card_spade_08.png,409,600,2010-05-19,トランプのスペードのイラスト（数字・8）,トランプのスペードの数字の札（1～10）のイラストです。,https://www.irasutoya.com/2010/05/numbercardspade.html,トランプのスペードのイラスト（数字・8）,トランプのスペードの数字の札（1～10）のイラストです。,https://www.irasutoya.com/2010/05/numbercardspade.html,1,トランプ
38,irasutoya,https://blogger.googleusercontent.com/img/b/R29vZ2xl/AVvXsEgaKrSnV7GsU65gpkC3OrfzmbUdkCq7wVVCtt7B7lsZqSfrqHaZFUtlnmIZuJkvU5EqBOF8cMJePdJDfGxFc2K7DgavW_glB48bcSsluvmIhAFhTnQT6DGwECwElLvL_bk_icQk0PjX7ljy/s800/card_spade_07.png,409,600,2010-05-19,トランプのスペードのイラスト（数字・7）,トランプのスペードの数字の札（1～10）のイラストです。,https://www.irasutoya.com/2010/05/numbercardspade.html,トランプのスペードのイラスト（数字・7）,トランプのスペードの数字の札（1～10）のイラストです。,https://www.irasutoya.com/2010/05/numbercardspade.html,1,トランプ
37,irasutoya,https://blogger.googleusercontent.com/img/b/R29vZ2xl/AVvXsEjQ5Bqe_2DclEubYO40pSb106srvDZl-i_fXE6xdYAsg5ZgHGw2hTIgAN_x2-jNjsUWi2xqPtyXpR_AZe9HurXVcwQ4es9MNRo71NOGd-_P_7H4mRig10lRWdFts8Fs3-oMQQ7jD6HcYspW/s800/card_spade_06.png,409,600,2010-05-19,トランプのスペードのイラスト（数字・6）,トランプのスペードの数字の札（1～10）のイラストです。,https://www.irasutoya.com/2010/05/numbercardspade.html,トランプのスペードのイラスト（数字・6）,トランプのスペードの数字の札（1～10）のイラストです。,https://www.irasutoya.com/2010/05/numbercardspade.html,1,トランプ
36,irasutoya,https://blogger.googleusercontent.com/img/b/R29vZ2xl/AVvXsEhJERnEIokWKtIpZx1-U6Sa7cmqznNhgtXQcDCGWayzaSxY4OgAm9zvS6Uo9omXAMulY8rromhAj4O1INNN98aCtxgvhs2fIG82_EJkzAvxdhVynczj0yv_YGes5v_BANU9aqZ3hxBVS6P2/s800/card_spade_05.png,409,600,2010-05-19,トランプのスペードのイラスト（数字・5）,トランプのスペードの数字の札（1～10）のイラストです。,https://www.irasutoya.com/2010/05/numbercardspade.html,トランプのスペードのイラスト（数字・5）,トランプのスペードの数字の札（1～10）のイラストです。,https://www.irasutoya.com/2010/05/numbercardspade.html,1,トランプ
35,irasutoya,https://blogger.googleusercontent.com/img/b/R29vZ2xl/AVvXsEiu_IvT79wkgAt-JfwfAJXtFI9fk64cdvdlPWYy8U1P9TtsZD2eyyGkkC7nVuMMIc_G_FzyfwBquRhEE2GHxWxe21fWoSlLEYiWAAOUiGnRJ5TpovyB1kfLGCEOkXmBIswtJWFakgzGWpOr/s800/card_spade_04.png,409,600,2010-05-19,トランプのスペードのイラスト（数字・4）,トランプのスペードの数字の札（1～10）のイラストです。,https://www.irasutoya.com/2010/05/numbercardspade.html,トランプのスペードのイラスト（数字・4）,トランプのスペードの数字の札（1～10）のイラストです。,https://www.irasutoya.com/2010/05/numbercardspade.html,1,トランプ
34,irasutoya,https://blogger.googleusercontent.com/img/b/R29vZ2xl/AVvXsEh6BM4d-xxp35ND8XJm2LmK2SmH4GNMSNQ53nkuH1zIU1BQPrmc1Li6zqxGf8R4ABt85hJlB_5f5TkDLMiUn8qs4G046XoF5fd5-ub7ljlDg87zSSmPmp5efYvaUi_2PXktAQaPJBKFJf0H/s800/card_spade_03.png,409,600,2010-05-19,トランプのスペードのイラスト（数字・3）,トランプのスペードの数字の札（1～10）のイラストです。,https://www.irasutoya.com/2010/05/numbercardspade.html,トランプのスペードのイラスト（数字・3）,トランプのスペードの数字の札（1～10）のイラストです。,https://www.irasutoya.com/2010/05/numbercardspade.html,1,トランプ
33,irasutoya,https://blogger.googleusercontent.com/img/b/R29vZ2xl/AVvXsEhIFtPPeLUE71rAaxy9GCXMpcLTe5xrKpJ1umnrjTXu1blrQ8nSO_5CJ3U5lHN49p7CBRfHmTYyZylgM2ZSw6sjlUqEr9P4hInVp-Sa8R3llAyOx48b0gXzt8bAQCKrRQZ8UNVnau3IpzEF/s800/card_spade_02.png,409,600,2010-05-19,トランプのスペードのイラスト（数字・2）,トランプのスペードの数字の札（1～10）のイラストです。,https://www.irasutoya.com/2010/05/numbercardspade.html,トランプのスペードのイラスト（数字・2）,トランプのスペードの数字の札（1～10）のイラストです。,https://www.irasutoya.com/2010/05/numbercardspade.html,1,トランプ
32,irasutoya,https://blogger.googleusercontent.com/img/b/R29vZ2xl/AVvXsEgeTw0FxdurjVSBKEgjS9ZS0fhwqoVKuVwAhjeckj17pvbjw3XSCvaygiaXNF2wpiZ0BwVM0KZ2O9_ViAgR_ysilOSov538xPMUbK-YXvjFLsb0UPJaoIOZRVlYxgUSKqacAwH2J2ZczDht/s800/card_spade_01.png,409,600,2010-05-19,トランプのスペードのイラスト（数字・1）,トランプのスペードの数字の札（1～10）のイラストです。,https://www.irasutoya.com/2010/05/numbercardspade.html,トランプのスペードのイラスト（数字・1）,トランプのスペードの数字の札（1～10）のイラストです。,https://www.irasutoya.com/2010/05/numbercardspade.html,1,トランプ
31,irasutoya,https://blogger.googleusercontent.com/img/b/R29vZ2xl/AVvXsEgksE3RYxFyrKYNJ_MBzgSzHuSdsvSx-2i-asUg6R2t8cTP5gKqqW84ctT96KDyAyni2FVLbNeuYy9wvifdgx3FxE_00QoGz0vSIODUgUk9PV8pnHdqptsWv-OtC7WH2SMmePx9kFbgMrmJ/s800/card_heart_10.png,409,600,2010-05-19,トランプのハートのイラスト（数字・10）,トランプのハートの数字の札（1～10）のイラストです。,https://www.irasutoya.com/2010/05/numbercardheart.html,トランプのハートのイラスト（数字・10）,トランプのハートの数字の札（1～10）のイラストです。,https://www.irasutoya.com/2010/05/numbercardheart.html,1,トランプ
30,irasutoya,https://blogger.googleusercontent.com/img/b/R29vZ2xl/AVvXsEhStFwj4d2QsxhqkLNasNpNrZZcJQE6g1jF3OwN39nh_CYX4YeEZiGfZKBdEngHWNm7sLe-7Wyaq_d6oVWEXpAk1A2rkaDIq9-cS0N4auR5HAwAUSiKKGT8UcYJYNWtcjz2odPstBho6wrn/s800/card_heart_09.png,409,600,2010-05-19,トランプのハートのイラスト（数字・9）,トランプのハートの数字の札（1～10）のイラストです。,https://www.irasutoya.com/2010/05/numbercardheart.html,トランプのハートのイラスト（数字・9）,トランプのハートの数字の札（1～10）のイラストです。,https://www.irasutoya.com/2010/05/numbercardheart.html,1,トランプ
29,irasutoya,https://blogger.googleusercontent.com/img/b/R29vZ2xl/AVvXsEgz1TV3k_0czhkhToSPbLB5zGENFKJijb0VqDZyUPn3zwWRFLwRwd23QDOjsKkkjcDkb5767spnRmKQ-lmLqm7SJwVXB4YZ0BSRm8pFQUVAIaxWNT-j7frIsf0orgt90lBJd63Bw_NXsaKB/s800/card_heart_08.png,409,600,2010-05-19,トランプのハートのイラスト（数字・8）,トランプのハートの数字の札（1～10）のイラストです。,https://www.irasutoya.com/2010/05/numbercardheart.html,トランプのハートのイラスト（数字・8）,トランプのハートの数字の札（1～10）のイラストです。,https://www.irasutoya.com/2010/05/numbercardheart.html,1,トランプ
28,irasutoya,https://blogger.googleusercontent.com/img/b/R29vZ2xl/AVvXsEjtn_ocrpSPGQ1lf-rRaPWhv66JUrcrAMBEPNaKRHP8HdhRG0aYd_u-DbkKZPu566AirRJcY3ZSPNdBAL2WpPT_I5F26zccaty3bqmcBVTXhah0jXOcIlFRmgwVAvZiPEDiXLSj3Cf4nPJL/s800/card_heart_07.png,409,600,2010-05-19,トランプのハートのイラスト（数字・7）,トランプのハートの数字の札（1～10）のイラストです。,https://www.irasutoya.com/2010/05/numbercardheart.html,トランプのハートのイラスト（数字・7）,トランプのハートの数字の札（1～10）のイラストです。,https://www.irasutoya.com/2010/05/numbercardheart.html,1,トランプ
27,irasutoya,https://blogger.googleusercontent.com/img/b/R29vZ2xl/AVvXsEgiDZYqOGZgatV84G2drgTgVCjyxd9uuse-6yJT5kWWxsrA-ZtyFIgMmZi8IZ86wm8E5F7Hp3zVeZWCNMeq3oiBsmMe9O_oWdB9_iErVlJw_dABcwugRdOvsf6yzd8BwOPXVmjbiUFsDMFW/s800/card_heart_06.png,409,600,2010-05-19,トランプのハートのイラスト（数字・6）,トランプのハートの数字の札（1～10）のイラストです。,https://www.irasutoya.com/2010/05/numbercardheart.html,トランプのハートのイラスト（数字・6）,トランプのハートの数字の札（1～10）のイラストです。,https://www.irasutoya.com/2010/05/numbercardheart.html,1,トランプ
26,irasutoya,https://blogger.googleusercontent.com/img/b/R29vZ2xl/AVvXsEhnjFSjp-TDjjfZJDfu0gmM4z6e68a-ENqUIIWctApWUaJEWBIF9xlF-ryeYPG2yDIbB5rzYphdS-9X4eYknCzh-95Zzf0NIWwj2sv21lL74PJKd9SGunLTuqQzi9K0FOkmle4zuJfIfPVM/s800/card_heart_05.png,409,600,2010-05-19,トランプのハートのイラスト（数字・5）,トランプのハートの数字の札（1～10）のイラストです。,https://www.irasutoya.com/2010/05/numbercardheart.html,トランプのハートのイラスト（数字・5）,トランプのハートの数字の札（1～10）のイラストです。,https://www.irasutoya.com/2010/05/numbercardheart.html,1,トランプ
25,irasutoya,https://blogger.googleusercontent.com/img/b/R29vZ2xl/AVvXsEiR74T3ku2YRGM2SCzQvQ11z8QjRc05PdarOTecrmrkV3Q6Fty7gJ-XRPraxA2gbkusPxYsuYVomwG6oUv91TRQi2AChDEe5KT6J23Ot_irfpfVKPjSiCbxqMWbEmrOYl0RKWAwOPYVrSMo/s800/card_heart_04.png,409,600,2010-05-19,トランプのハートのイラスト（数字・4）,トランプのハートの数字の札（1～10）のイラストです。,https://www.irasutoya.com/2010/05/numbercardheart.html,トランプのハートのイラスト（数字・4）,トランプのハートの数字の札（1～10）のイラストです。,https://www.irasutoya.com/2010/05/numbercardheart.html,1,トランプ
24,irasutoya,https://blogger.googleusercontent.com/img/b/R29vZ2xl/AVvXsEg7_jufOD8vfuFrAhDhviwJjN8-1Olv5rZ02UiOVFA4o7jTFIQ1LkHsEgb5LGdMvflHJ8-qvtr4WspNz2ed1hJAOhn8oDLC_xCSOLNdM8sQyxC8ak_hQz5n_5ABxgQ2VTzEWFkLb75eJrk5/s800/card_heart_03.png,409,600,2010-05-19,トランプのハートのイラスト（数字・3）,トランプのハートの数字の札（1～10）のイラストです。,https://www.irasutoya.com/2010/05/numbercardheart.html,トランプのハートのイラスト（数字・3）,トランプのハートの数字の札（1～10）のイラストです。,https://www.irasutoya.com/2010/05/numbercardheart.html,1,トランプ
23,irasutoya,https://blogger.googleusercontent.com/img/b/R29vZ2xl/AVvXsEiF7-S4ysQ6jkY_Cyuj6Rf5LDD7TKsZE0W5xtLlPSW-4UYuj5j0BiLb_li8RgKzDettpuYggCkJveGBY_FpMfC13eMHDYVeI9LBq83r9Z-qWBmc5R_Sj_-lP1jOwgFSQh-95V6pq6hZ-mHD/s800/card_heart_02.png,409,600,2010-05-19,トランプのハートのイラスト（数字・2）,トランプのハートの数字の札（1～10）のイラストです。,https://www.irasutoya.com/2010/05/numbercardheart.html,トランプのハートのイラスト（数字・2）,トランプのハートの数字の札（1～10）のイラストです。,https://www.irasutoya.com/2010/05/numbercardheart.html,1,トランプ
22,irasutoya,https://blogger.googleusercontent.com/img/b/R29vZ2xl/AVvXsEiLQGB2Gg19QADfwiCNcfWXuh0VETbQROmxC9oSnfhWdJr9w7NYpsSj_SG-oIq0NR02CZKaieC1586jxTZ70NI2-zYQVAV7pr97Nya71i9gTmp76J3vSn_QGEikJgajdBXXYJB_tc7wPtyA/s800/card_heart_01.png,409,600,2010-05-19,トランプのハートのイラスト（数字・1）,トランプのハートの数字の札（1～10）のイラストです。,https://www.irasutoya.com/2010/05/numbercardheart.html,トランプのハートのイラスト（数字・1）,トランプのハートの数字の札（1～10）のイラストです。,https://www.irasutoya.com/2010/05/numbercardheart.html,1,トランプ
21,irasutoya,https://blogger.googleusercontent.com/img/b/R29vZ2xl/AVvXsEgBgQ7xe9UX5la0eYvxDY5i1w_XFk-7ZyioXzx90mfdgQVfGdkODe1CADfCz4Q5SV7z0fmB3Dnq0Nuz_1dRjn_Iy7SzuCl58Y1Ku12_taJU4e1wJNXF42QSDKSeqHePnAyUnOwvu_mslBhK/s800/card_diamond_10.png,409,600,2010-05-19,トランプのダイヤのイラスト（数字・10）,トランプのダイヤの数字の札（1～10）のイラストです。,https://www.irasutoya.com/2010/05/numbercarddiamond.html,トランプのダイヤのイラスト（数字・10）,トランプのダイヤの数字の札（1～10）のイラストです。,https://www.irasutoya.com/2010/05/numbercarddiamond.html,1,トランプ
20,irasutoya,https://blogger.googleusercontent.com/img/b/R29vZ2xl/AVvXsEhFglq_OJZvb_EZV6Ys_m9V8hn1X2Ie0d7wjCepopRZ9FFy1stOB6_AAm9A_xCI4E2a-v_1dItGkn9rHxx4b-WODE0WHBDqqerod6Ekm8Y9eKPuEo35riFDsqxee7B0oBJYLVyBiA_cK0gf/s800/card_diamond_09.png,409,600,2010-05-19,トランプのダイヤのイラスト（数字・9）,トランプのダイヤの数字の札（1～10）のイラストです。,https://www.irasutoya.com/2010/05/numbercarddiamond.html,トランプのダイヤのイラスト（数字・9）,トランプのダイヤの数字の札（1～10）のイラストです。,https://www.irasutoya.com/2010/05/numbercarddiamond.html,1,トランプ
19,irasutoya,https://blogger.googleusercontent.com/img/b/R29vZ2xl/AVvXsEjv2zoWY_-lB4N17WgWR2Es3cpfMgnvuq_wAkM6F4XDnWWUn3gxYim3orh5aaKLpcpDYwR4w8Tiod2qvoA9yewicKVIGFHSwmrz8WjjX9xPPZXPzsYBwdu5DUyXORxaBmdMRn8zVtx_W0mB/s800/card_diamond_08.png,409,600,2010-05-19,トランプのダイヤのイラスト（数字・8）,トランプのダイヤの数字の札（1～10）のイラストです。,https://www.irasutoya.com/2010/05/numbercarddiamond.html,トランプのダイヤのイラスト（数字・8）,トランプのダイヤの数字の札（1～10）のイラストです。,https://www.irasutoya.com/2010/05/numbercarddiamond.html,1,トランプ
18,irasutoya,https://blogger.googleusercontent.com/img/b/R29vZ2xl/AVvXsEiHx6Fyf4Gnd9Ljd26YBStWXtART9NVJdaoQyYS5sLQplBPfsEOtBG5OntAq4qBYwk2eQrSmU98-ExQw0UW5_L50mhnSKncWDHwO6SQShhwL9z53MmuK1dNClYed1HibOmVW8tqIQ9iCyGv/s800/card_diamond_07.png,409,600,2010-05-19,トランプのダイヤのイラスト（数字・7）,トランプのダイヤの数字の札（1～10）のイラストです。,https://www.irasutoya.com/2010/05/numbercarddiamond.html,トランプのダイヤのイラスト（数字・7）,トランプのダイヤの数字の札（1～10）のイラストです。,https://www.irasutoya.com/2010/05/numbercarddiamond.html,1,トランプ
17,irasutoya,https://blogger.googleusercontent.com/img/b/R29vZ2xl/AVvXsEjeuayj1QgbnvlIrod-G_xMdBnxHY0JR7deFe5xS59zqajiH-tyUfw2c572Hsqw8r9f1zdjzxBcG7ITm5ODHEhFYz0a25ddSiQVGNamlE2kU2QQTQDkzPn5p2LiZh6jZyltzBjrBYwthtVu/s800/card_diamond_06.png,409,600,2010-05-19,トランプのダイヤのイラスト（数字・6）,トランプのダイヤの数字の札（1～10）のイラストです。,https://www.irasutoya.com/2010/05/numbercarddiamond.html,トランプのダイヤのイラスト（数字・6）,トランプのダイヤの数字の札（1～10）のイラストです。,https://www.irasutoya.com/2010/05/numbercarddiamond.html,1,トランプ
16,irasutoya,https://blogger.googleusercontent.com/img/b/R29vZ2xl/AVvXsEieuQbfJXEunrmPkIjSrlCYE-05sC2-mAN0RLJWIeFa7OoSXom-4DvEFnyoX4SowtrS59W4jPxS087HwV-1pwQkimx9yQdr_w5JV0Z98RLDbHJuaZItAkjCPgtH0Xc4CE3aab_1R-x7PRXb/s800/card_diamond_05.png,409,600,2010-05-19,トランプのダイヤのイラスト（数字・5）,トランプのダイヤの数字の札（1～10）のイラストです。,https://www.irasutoya.com/2010/05/numbercarddiamond.html,トランプのダイヤのイラスト（数字・5）,トランプのダイヤの数字の札（1～10）のイラストです。,https://www.irasutoya.com/2010/05/numbercarddiamond.html,1,トランプ
15,irasutoya,https://blogger.googleusercontent.com/img/b/R29vZ2xl/AVvXsEgzdNVbWDwSV2u1F79LEn77EVOlDVl-OS642rh5esLZ7r7f6ZGNFsK_E4fYiQM84noS6XVJDZbrWWl0ksUnjTPrxfbAcqbUWFPVzQValxcYuY83idgv15Tq0ZvfPwF6H7jSQREK5D9QIsow/s800/card_diamond_04.png,409,600,2010-05-19,トランプのダイヤのイラスト（数字・4）,トランプのダイヤの数字の札（1～10）のイラストです。,https://www.irasutoya.com/2010/05/numbercarddiamond.html,トランプのダイヤのイラスト（数字・4）,トランプのダイヤの数字の札（1～10）のイラストです。,https://www.irasutoya.com/2010/05/numbercarddiamond.html,1,トランプ
14,irasutoya,https://blogger.googleusercontent.com/img/b/R29vZ2xl/AVvXsEi2NDsxeLe22kW9_BT7w48MRNnV4oMk4WhiMcIvz5sLI0dNGmCvE-jl4bBYmTr3GoPs3rV3a4R4GphD-0kx1CiZ1-Witg-Cn3dXS3319coTVOcbslDH3AoA1VbFdXVoWScFooJFdiz2nVsk/s800/card_diamond_03.png,409,600,2010-05-19,トランプのダイヤのイラスト（数字・3）,トランプのダイヤの数字の札（1～10）のイラストです。,https://www.irasutoya.com/2010/05/numbercarddiamond.html,トランプのダイヤのイラスト（数字・3）,トランプのダイヤの数字の札（1～10）のイラストです。,https://www.irasutoya.com/2010/05/numbercarddiamond.html,1,トランプ
13,irasutoya,https://blogger.googleusercontent.com/img/b/R29vZ2xl/AVvXsEjdYXnUSmXMIUPC8p-o8h-G255fArx9POodlvdTZ1ECv-71IKUSOq-ocvU5mtXLq73XMhyS9ccF6AyODkCthJi8-INZdLu9sWL8im6TQVn6g3ut7aDUQ8r45X4jB3t1_k08eZdUWMUvVc_Z/s800/card_diamond_02.png,409,600,2010-05-19,トランプのダイヤのイラスト（数字・2）,トランプのダイヤの数字の札（1～10）のイラストです。,https://www.irasutoya.com/2010/05/numbercarddiamond.html,トランプのダイヤのイラスト（数字・2）,トランプのダイヤの数字の札（1～10）のイラストです。,https://www.irasutoya.com/2010/05/numbercarddiamond.html,1,トランプ
12,irasutoya,https://blogger.googleusercontent.com/img/b/R29vZ2xl/AVvXsEivg9GTYvqK4MaR3khNryk2ASumivjAv0dnRpeaQHSwXLtRfI5UWDMO8MnwI8H-F1sEKb0boCOT6jY_0njcFSJzLkMNPf3qLhstBKAeN8GuDiz_wOWpg17v53FuEiFEQd5iJxExThzWtVnC/s800/card_diamond_01.png,409,600,2010-05-19,トランプのダイヤのイラスト（数字・1）,トランプのダイヤの数字の札（1～10）のイラストです。,https://www.irasutoya.com/2010/05/numbercarddiamond.html,トランプのダイヤのイラスト（数字・1）,トランプのダイヤの数字の札（1～10）のイラストです。,https://www.irasutoya.com/2010/05/numbercarddiamond.html,1,トランプ
11,irasutoya,https://blogger.googleusercontent.com/img/b/R29vZ2xl/AVvXsEhkUeMtfGkd89sn9f_WamZ3Xn3tpL9b2dtUTn51BH-u0wqJtEjkynTTxbdAsuBYQVHSxmg0g9SYvSzOrRSIw1I7TkUJsYvxWU0kT2ohIzrBeK6af-i8zKJCxCNIAiB5RcIfHnrmEh1UTUtl/s800/card_club_10.png,409,600,2010-05-19,トランプのクラブのイラスト（数字・10）,トランプのクラブ（クローバー）の数字の札（1～10）のイラストです。,https://www.irasutoya.com/2010/05/numbercardclub.html,トランプのクラブのイラスト（数字・10）,トランプのクラブ（クローバー）の数字の札（1～10）のイラストです。,https://www.irasutoya.com/2010/05/numbercardclub.html,1,トランプ
10,irasutoya,https://blogger.googleusercontent.com/img/b/R29vZ2xl/AVvXsEjdCKbC_gUVPD05q3SetyYBNGZLejQRWzYy4vYqMxlVvKqK5HZJaAz5HcK2VSC2d4NMtGjtJdrnuOqp7qPwW7ePFd4IfxaOvRrgxNdLKmab3xQ0U838mN0rhIl_YXSo38m54Us1PFe6f0gE/s800/card_club_09.png,409,600,2010-05-19,トランプのクラブのイラスト（数字・9）,トランプのクラブ（クローバー）の数字の札（1～10）のイラストです。,https://www.irasutoya.com/2010/05/numbercardclub.html,トランプのクラブのイラスト（数字・9）,トランプのクラブ（クローバー）の数字の札（1～10）のイラストです。,https://www.irasutoya.com/2010/05/numbercardclub.html,1,トランプ
9,irasutoya,https://blogger.googleusercontent.com/img/b/R29vZ2xl/AVvXsEjxW8UZ9ImLL6UYaAYHSZ-SvGLTqmbjyyIY9_Ov_HVo8e60Ekbe0TMHKYAKmngmaBqbqws4QRT0dKlnYKyqdvZihYJgHcWAACFX51Usylt0DjgaBybSaOlYFbgtqVszXaeuhCkwRoGYVNiU/s800/card_club_08.png,409,600,2010-05-19,トランプのクラブのイラスト（数字・8）,トランプのクラブ（クローバー）の数字の札（1～10）のイラストです。,https://www.irasutoya.com/2010/05/numbercardclub.html,トランプのクラブのイラスト（数字・8）,トランプのクラブ（クローバー）の数字の札（1～10）のイラストです。,https://www.irasutoya.com/2010/05/numbercardclub.html,1,トランプ
8,irasutoya,https://blogger.googleusercontent.com/img/b/R29vZ2xl/AVvXsEgpcGklyF1eT2kNfRJ4ZxXTe-yD8fHkBwoHpVWzGdJbpXFR2-4iWBoOWg02GB5D3ygYwKYF-l9HSPunQ9qn-_hDnxjqOsaDM8B-LPEAbUVgLeXOUNUbNj70m7zXmykZM2emk-szn0cReuYW/s800/card_club_07.png,409,600,2010-05-19,トランプのクラブのイラスト（数字・7）,トランプのクラブ（クローバー）の数字の札（1～10）のイラストです。,https://www.irasutoya.com/2010/05/numbercardclub.html,トランプのクラブのイラスト（数字・7）,トランプのクラブ（クローバー）の数字の札（1～10）のイラストです。,https://www.irasutoya.com/2010/05/numbercardclub.html,1,トランプ
7,irasutoya,https://blogger.googleusercontent.com/img/b/R29vZ2xl/AVvXsEgSVy56fpOdMWjW7JRoTnuzUisXaKD9oWiexP-uDPDBo2p2xKwmbYVaeBFxD7SiU4GC3fvchi8ZEJ8j-aA7DmTpqNcDWNj7CiwfsSTnQ558CesoqH04ivDLzCp1ewZZksQxX5jf2jud5TJH/s800/card_club_06.png,409,600,2010-05-19,トランプのクラブのイラスト（数字・6）,トランプのクラブ（クローバー）の数字の札（1～10）のイラストです。,https://www.irasutoya.com/2010/05/numbercardclub.html,トランプのクラブのイラスト（数字・6）,トランプのクラブ（クローバー）の数字の札（1～10）のイラストです。,https://www.irasutoya.com/2010/05/numbercardclub.html,1,トランプ
6,irasutoya,https://blogger.googleusercontent.com/img/b/R29vZ2xl/AVvXsEhDyUx00K6j1cH4UpNs7_UoP6WQAbrrpaKzfQOkTiCYvQBvUR4ehvTda7fKoTgF9vzxbI0r-QcpGSzWnUXJHfgTD5uHEe_bTzoj3WQJSvKPd12hR7NbR2ri4XEVAiRQZzlDCNyOB5MjJnQB/s800/card_club_05.png,409,600,2010-05-19,トランプのクラブのイラスト（数字・5）,トランプのクラブ（クローバー）の数字の札（1～10）のイラストです。,https://www.irasutoya.com/2010/05/numbercardclub.html,トランプのクラブのイラスト（数字・5）,トランプのクラブ（クローバー）の数字の札（1～10）のイラストです。,https://www.irasutoya.com/2010/05/numbercardclub.html,1,トランプ
5,irasutoya,https://blogger.googleusercontent.com/img/b/R29vZ2xl/AVvXsEj74SEtcC5EgqH1RIMQlQUUFpYsXr9GwR24g4lIJJTk58lQfvSDQ9h-ssCLcb6nite0IbuEui0AIGu3OQMskrk3Cif7Rp8SxFhozLCxAunC0dangP5NtSSN7TjbHyyRnHb3Tk6heX7VBQBN/s800/card_club_04.png,409,600,2010-05-19,トランプのクラブのイラスト（数字・4）,トランプのクラブ（クローバー）の数字の札（1～10）のイラストです。,https://www.irasutoya.com/2010/05/numbercardclub.html,トランプのクラブのイラスト（数字・4）,トランプのクラブ（クローバー）の数字の札（1～10）のイラストです。,https://www.irasutoya.com/2010/05/numbercardclub.html,1,トランプ
4,irasutoya,https://blogger.googleusercontent.com/img/b/R29vZ2xl/AVvXsEgZpBsBHzea5346SN4Bl8PDwszvM4ovkTHW_IXTukvhVZQ-_DnzUas7aJRy5XPkVoDnDiurYkpi0JTuaGvyn0APCe46X9iFzNaGgOgMKmJ-k1MU_ro1Cox0Iu33mMtNSovMcJLKYBNrUl-t/s800/card_club_03.png,409,600,2010-05-19,トランプのクラブのイラスト（数字・3）,トランプのクラブ（クローバー）の数字の札（1～10）のイラストです。,https://www.irasutoya.com/2010/05/numbercardclub.html,トランプのクラブのイラスト（数字・3）,トランプのクラブ（クローバー）の数字の札（1～10）のイラストです。,https://www.irasutoya.com/2010/05/numbercardclub.html,1,トランプ
3,irasutoya,https://blogger.googleusercontent.com/img/b/R29vZ2xl/AVvXsEjk1lhDwop7KTbcZqvOHpPpCgPCaiKDGXKwCUC78SbIBnv5AHhbVbwBki5O6gpznel6AuQgvfzQsqVrzqY6wKcFFVhYoWMjtipQbegIwVpWec7fin1ePS3TBuNvdLP8x3G4pLRjzA8-LZKG/s800/card_club_02.png,409,600,2010-05-19,トランプのクラブのイラスト（数字・2）,トランプのクラブ（クローバー）の数字の札（1～10）のイラストです。,https://www.irasutoya.com/2010/05/numbercardclub.html,トランプのクラブのイラスト（数字・2）,トランプのクラブ（クローバー）の数字の札（1～10）のイラストです。,https://www.irasutoya.com/2010/05/numbercardclub.html,1,トランプ
2,irasutoya,https://blogger.googleusercontent.com/img/b/R29vZ2xl/AVvXsEgCM7wC2QXUNYoHRqawekMLYuEL8nKIO6RjLnF7H2Bu2obbXj-VxfsNxVixxZFKvLDviopKNZoMO-bElrxlMncScE1hN5dr9tTPN15IEtX7aIzQp8_r1CWUx27EYdMkHwOeGVFPKUAzIInL/s800/card_club_01.png,409,600,2010-05-19,トランプのクラブのイラスト（数字・1）,トランプのクラブ（クローバー）の数字の札（1～10）のイラストです。,https://www.irasutoya.com/2010/05/numbercardclub.html,トランプのクラブのイラスト（数字・1）,トランプのクラブ（クローバー）の数字の札（1～10）のイラストです。,https://www.irasutoya.com/2010/05/numbercardclub.html,1,トランプ
